"Compound ChEMBL ID";"Name";"Synonyms";"Type";"Max Phase";"Molecular Weight";"Targets";"Bioactivities";"AlogP";"Polar Surface Area";"HBA";"HBD";"#RO5 Violations";"#Rotatable Bonds";"Passes Ro3";"QED Weighted";"Aromatic Rings";"Structure Type";"Inorganic Flag";"Heavy Atoms";"Np Likeness Score";"Molecular Formula";"Smiles";"Inchi Key";"Inchi";"Withdrawn Flag";"Orphan";"Records Key";"Records Name"
"CHEMBL3911567";"";"";"Small molecule";"";"361.39";"2";"2";"2.73";"44.81";"4";"1";"0";"5";"N";"0.89";"2";"MOL";"-1";"26";"-2.03";"C19H21F2N3O2";"COc1ccc(N2CCN(C(=O)CNc3ccc(F)c(F)c3)CC2)cc1";"PANAJRFJGIRCSR-UHFFFAOYSA-N";"InChI=1S/C19H21F2N3O2/c1-26-16-5-3-15(4-6-16)23-8-10-24(11-9-23)19(25)13-22-14-2-7-17(20)18(21)12-14/h2-7,12,22H,8-11,13H2,1H3";"False";"-1";"['BDBM244058']";"['US9428478, TG6-158']"
"CHEMBL3331613";"";"";"Small molecule";"";"335.22";"2";"4";"None";"None";"None";"None";"None";"None";"None";"None";"None";"MOL";"-1";"None";"None";"C14H12N2O3Se";"CCOc1ccc(-c2nc(C)c(C(=O)O)[se]2)cc1C#N";"AIVRMJQFXVTQFW-UHFFFAOYSA-N";"InChI=1S/C14H12N2O3Se/c1-3-19-11-5-4-9(6-10(11)7-15)13-16-8(2)12(20-13)14(17)18/h4-6H,3H2,1-2H3,(H,17,18)";"False";"-1";"['9a', 'BDBM50057019']";"['2-(3-cyano-4-ethoxypheny)-4-methyl-1,3-selenazole-5-carboxylicacid', 'CHEMBL3331613::US9802907, Compound 6']"
"CHEMBL3928588";"";"";"Small molecule";"";"363.46";"1";"1";"3.70";"48.57";"3";"1";"0";"4";"N";"0.77";"3";"MOL";"-1";"27";"-1.35";"C22H25N3O2";"CCc1ccc2[nH]c(C(=O)N3CCN(c4ccc(OC)cc4)CC3)cc2c1";"SDWNCWSMTGLISE-UHFFFAOYSA-N";"InChI=1S/C22H25N3O2/c1-3-16-4-9-20-17(14-16)15-21(23-20)22(26)25-12-10-24(11-13-25)18-5-7-19(27-2)8-6-18/h4-9,14-15,23H,3,10-13H2,1-2H3";"False";"-1";"['BDBM244078']";"['US9428478, TG6-202']"
"CHEMBL5172230";"";"";"";"";"328.15";"1";"2";"2.29";"98.59";"5";"1";"0";"2";"N";"0.51";"1";"MOL";"-1";"18";"-1.71";"C10H6BrN3O3S";"NC1=NC(=O)/C(=C/c2ccc(Br)c([N+](=O)[O-])c2)S1";"QMZMFQSCRVRMSU-YWEYNIOJSA-N";"InChI=1S/C10H6BrN3O3S/c11-6-2-1-5(3-7(6)14(16)17)4-8-9(15)13-10(12)18-8/h1-4H,(H2,12,13,15)/b8-4-";"False";"-1";"['XO-23']";"['(Z)-2-amino-5-(4-bromo-3-nitrobenzylidene)thiazol-4(5H)-one']"
"CHEMBL5198298";"";"";"";"";"293.74";"1";"1";"1.90";"84.55";"4";"2";"0";"0";"N";"0.72";"1";"MOL";"-1";"19";"-0.77";"C12H8ClN3O2S";"Cc1ccc(Cl)c2c1NC(=O)/C2=C1/SC(N)=NC1=O";"ZQMNZBJRGKSDFX-VQHVLOKHSA-N";"InChI=1S/C12H8ClN3O2S/c1-4-2-3-5(13)6-7(10(17)15-8(4)6)9-11(18)16-12(14)19-9/h2-3H,1H3,(H,15,17)(H2,14,16,18)/b9-7+";"False";"-1";"['XO-38']";"['2-amino-5-(4-chloro-7-methyl-2-oxoindolin-3-ylidene)thiazol-4(5H)-one']"
"CHEMBL3414622";"";"";"Small molecule";"";"499.53";"125";"228";"3.00";"78.51";"4";"2";"0";"6";"N";"0.60";"2";"MOL";"-1";"34";"-1.34";"C23H25F4N3O3S";"O=C([C@@H](Cc1cccc(C(F)(F)F)c1)NS(=O)(=O)c1cc(F)c2c(c1)CCNC2)N1CCCC1";"JCKGSPAAPQRPBW-OAQYLSRUSA-N";"InChI=1S/C23H25F4N3O3S/c24-20-13-18(12-16-6-7-28-14-19(16)20)34(32,33)29-21(22(31)30-8-1-2-9-30)11-15-4-3-5-17(10-15)23(25,26)27/h3-5,10,12-13,21,28-29H,1-2,6-9,11,14H2/t21-/m1/s1";"False";"-1";"['PFI-2', '(R)-PFI-2', '(R)-PFI-2', '24, (R)-PFI-2', 'PFI-2', '(R)-PFI-2', 'Chemical Probe: PFI-2']";"['PFI-2', '8-fluoro-N-[(1R)-2-oxo-2-pyrrolidin-1-yl-1-[[3-(trifluoromethyl)phenyl]methyl]ethyl]-1,2,3,4-tetrahydroisoquinoline-6-sulfonamide', '(R)-8-fluoro-N-(1-oxo-1-(pyrrolidin-1-yl)-3-(3-(trifluoromethyl)phenyl)propan-2-yl)-1,2,3,4-tetrahydroisoquinoline-6-sulfonamide', '(R)-8-fluoro-N-(1-oxo-1-(pyrrolidin-1-yl)-3-(3-(trifluoromethyl)phenyl)propan-2-yl)-1,2,3,4-tetrahydroisoquinoline-6-sulfonamide', 'PFI-2', '(R)-PFI-2', 'PFI-2']"
"CHEMBL2205502";"";"";"Small molecule";"";"277.33";"1";"1";"3.02";"72.03";"4";"2";"0";"3";"N";"0.77";"3";"MOL";"-1";"21";"-0.64";"C17H15N3O";"Nc1nc(O)cc(-c2ccc(Cc3ccccc3)cc2)n1";"CNUBSOUNCANXPK-UHFFFAOYSA-N";"InChI=1S/C17H15N3O/c18-17-19-15(11-16(21)20-17)14-8-6-13(7-9-14)10-12-4-2-1-3-5-12/h1-9,11H,10H2,(H3,18,19,20,21)";"False";"-1";"['11']";"['2-amino-6-(4-benzylphenyl)pyrimidin-4-ol']"
"CHEMBL5436044";"";"";"";"";"397.29";"2";"4";"None";"None";"None";"None";"None";"None";"None";"None";"None";"MOL";"-1";"None";"None";"C19H14N2O3Se";"COc1ccccc1-c1ccc(-c2nc(C)c(C(=O)O)[se]2)cc1C#N";"QFIRBTHRBCNMLO-UHFFFAOYSA-N";"InChI=1S/C19H14N2O3Se/c1-11-17(19(22)23)25-18(21-11)12-7-8-14(13(9-12)10-20)15-5-3-4-6-16(15)24-2/h3-9H,1-2H3,(H,22,23)";"False";"-1";"['91', 'BDBM352045']";"["2-(2-cyano-2'-methoxy-[1,1'-biphenyl]-4-yl)-4-methyl-1,3-selenazole-5-carboxylic acid", 'US9802907, Compound 24']"
"CHEMBL5886710";"";"";"";"";"427.32";"1";"3";"None";"None";"None";"None";"None";"None";"None";"None";"None";"MOL";"-1";"None";"None";"C20H16N2O4Se";"COc1ccc(-c2ccc(-c3nc(C)c(C(=O)O)[se]3)cc2C#N)c(OC)c1";"KHIAPBGXFGLAFR-UHFFFAOYSA-N";"InChI=1S/C20H16N2O4Se/c1-11-18(20(23)24)27-19(22-11)12-4-6-15(13(8-12)10-21)16-7-5-14(25-2)9-17(16)26-3/h4-9H,1-3H3,(H,23,24)";"False";"-1";"['BDBM352046']";"['US9802907, Compound 25']"
"CHEMBL2420122";"";"";"Small molecule";"";"452.50";"2";"3";"2.93";"128.10";"9";"2";"0";"8";"N";"0.39";"4";"MOL";"-1";"32";"-1.92";"C21H20N6O4S";"CCOC(=O)Cn1ncc2c(Nc3ccc(NS(=O)(=O)c4ccccc4)cc3)ncnc21";"LJXZQADSKWVQLB-UHFFFAOYSA-N";"InChI=1S/C21H20N6O4S/c1-2-31-19(28)13-27-21-18(12-24-27)20(22-14-23-21)25-15-8-10-16(11-9-15)26-32(29,30)17-6-4-3-5-7-17/h3-12,14,26H,2,13H2,1H3,(H,22,23,25)";"False";"-1";"['5c']";"['Ethyl 2-(4-((4-(phenylsulfonamido)phenyl)amino)-1Hpyrazolo[3,4-d]pyrimidin-1-yl)acetate']"
"CHEMBL5415938";"";"";"";"";"342.34";"1";"1";"3.17";"121.91";"7";"1";"0";"3";"N";"0.44";"3";"MOL";"-1";"24";"-1.97";"C15H10N4O4S";"COC(=O)c1sc(-c2cc3cc([N+](=O)[O-])cc(C#N)c3[nH]2)nc1C";"KFUNBSSTXGCSAP-UHFFFAOYSA-N";"InChI=1S/C15H10N4O4S/c1-7-13(15(20)23-2)24-14(17-7)11-5-8-3-10(19(21)22)4-9(6-16)12(8)18-11/h3-5,18H,1-2H3";"False";"-1";"['76']";"['methyl 2-(7-cyano-5-nitro-1H-indol-2-yl)-4-methylthiazole-5-carboxylate']"
"CHEMBL513024";"GLYCITEIN";"";"Small molecule";"";"284.27";"12";"19";"2.88";"79.90";"5";"2";"0";"2";"N";"0.76";"3";"MOL";"-1";"21";"0.97";"C16H12O5";"COc1cc2c(=O)c(-c3ccc(O)cc3)coc2cc1O";"DXYUAIFZCFRPTH-UHFFFAOYSA-N";"InChI=1S/C16H12O5/c1-20-15-6-11-14(7-13(15)18)21-8-12(16(11)19)9-2-4-10(17)5-3-9/h2-8,17-18H,1H3";"False";"-1";"['GLYCITEIN', '12', '7', '5', 'glycitein', '2', 'glycitein', '42', 'glycitein', 'glycitein']";"['GLYCITEIN', 'Glycitein', 'glycitein', 'Glycitein', 'glycitein', 'Glycitein', 'glycitein', 'Tectorigenin', 'glycitein', 'glycitein']"
"CHEMBL4168482";"";"";"Small molecule";"";"281.72";"11";"12";"1.17";"70.23";"4";"3";"0";"2";"N";"0.43";"1";"MOL";"-1";"18";"-1.69";"C11H8ClN3O2S";"O=C1NC(=S)NC(=O)C1=CNc1ccccc1Cl";"FWIZKLJYZXMGLK-UHFFFAOYSA-N";"InChI=1S/C11H8ClN3O2S/c12-7-3-1-2-4-8(7)13-5-6-9(16)14-11(18)15-10(6)17/h1-5,13H,(H2,14,15,16,17,18)";"False";"-1";"['7e']";"['5-((2-Chlorophenylamino)methylene)-2-thioxodihydropyrimidine-4,6(1H,5H)-dione']"
"CHEMBL4160594";"";"";"Small molecule";"";"326.72";"11";"13";"1.07";"113.37";"6";"3";"0";"3";"N";"0.25";"1";"MOL";"-1";"21";"-1.94";"C11H7ClN4O4S";"O=C1NC(=S)NC(=O)C1=CNc1ccc([N+](=O)[O-])cc1Cl";"DQVURVPPFACZNO-UHFFFAOYSA-N";"InChI=1S/C11H7ClN4O4S/c12-7-3-5(16(19)20)1-2-8(7)13-4-6-9(17)14-11(21)15-10(6)18/h1-4,13H,(H2,14,15,17,18,21)";"False";"-1";"['7d']";"['5-((2-Chloro-4-nitrophenylamino)methylene)-2-thioxodihydropyrimidine-4,6(1H,5H)-dione']"
"CHEMBL4162322";"";"";"Small molecule";"";"429.46";"11";"12";"4.34";"83.76";"5";"0";"0";"4";"N";"0.20";"3";"MOL";"-1";"31";"-1.20";"C23H15N3O4S";"O=C1C(=Cc2ccccc2[N+](=O)[O-])C(=O)N(c2ccccc2)C(=S)N1c1ccccc1";"CAUSSEMYILLVNB-UHFFFAOYSA-N";"InChI=1S/C23H15N3O4S/c27-21-19(15-16-9-7-8-14-20(16)26(29)30)22(28)25(18-12-5-2-6-13-18)23(31)24(21)17-10-3-1-4-11-17/h1-15H";"False";"-1";"['2a']";"['5-(2-Nitrobenzylidene)-1,3-diphenyl-2-thioxodihydropyrimidine-4,6(1H,5H)-dione']"
"CHEMBL4175703";"";"";"Small molecule";"";"326.72";"11";"12";"1.07";"113.37";"6";"3";"0";"3";"N";"0.25";"1";"MOL";"-1";"21";"-1.99";"C11H7ClN4O4S";"O=C1NC(=S)NC(=O)C1=CNc1cc([N+](=O)[O-])ccc1Cl";"JOPLTDUDAJXIAC-UHFFFAOYSA-N";"InChI=1S/C11H7ClN4O4S/c12-7-2-1-5(16(19)20)3-8(7)13-4-6-9(17)14-11(21)15-10(6)18/h1-4,13H,(H2,14,15,17,18,21)";"False";"-1";"['7b']";"['5-[[(2-Chloro-5-nitrophenyl)amino]methyleno]-2-thioxodihydropyrimidine-4,6(1H,5H)-dione']"
"CHEMBL3894978";"";"";"Small molecule";"";"354.38";"2";"2";"2.67";"61.46";"4";"1";"0";"3";"N";"0.79";"3";"MOL";"-1";"26";"-1.73";"C19H19FN4O2";"COc1ccc(N2CCN(C(=O)c3nc4cc(F)ccc4[nH]3)CC2)cc1";"CHGOKZBYGMEZPM-UHFFFAOYSA-N";"InChI=1S/C19H19FN4O2/c1-26-15-5-3-14(4-6-15)23-8-10-24(11-9-23)19(25)18-21-16-7-2-13(20)12-17(16)22-18/h2-7,12H,8-11H2,1H3,(H,21,22)";"False";"-1";"['BDBM244071']";"['US9428478, TG6-179-3']"
"CHEMBL4173433";"";"";"Small molecule";"";"184.16";"11";"12";"-1.91";"113.32";"5";"4";"0";"1";"N";"0.16";"0";"MOL";"-1";"13";"-0.54";"C6H8N4O3";"CC(NN)=C1C(=O)NC(=O)NC1=O";"ZPMFPYARHVNPJD-UHFFFAOYSA-N";"InChI=1S/C6H8N4O3/c1-2(10-7)3-4(11)8-6(13)9-5(3)12/h10H,7H2,1H3,(H2,8,9,11,12,13)";"False";"-1";"['6b']";"['5-(1-Hydrazinylethylidene)pyrimidine-2,4,6(1H,3H,5H)-trione']"
"CHEMBL242739";"";"";"Small molecule";"";"270.24";"13";"23";"2.58";"90.90";"5";"3";"0";"1";"N";"0.59";"3";"MOL";"-1";"20";"1.13";"C15H10O5";"O=c1c(-c2ccc(O)cc2)coc2c(O)c(O)ccc12";"BMZFZTMWBCFKSS-UHFFFAOYSA-N";"InChI=1S/C15H10O5/c16-9-3-1-8(2-4-9)11-7-20-15-10(13(11)18)5-6-12(17)14(15)19/h1-7,16-17,19H";"False";"-1";"['17', '1', '18', '7', '5', '1', '11', '8', '36', 'PD119301', 'PD119301']";"['7,8-dihydroxy-3-(4-hydroxyphenyl)-4H-chromen-4-one', '7,8-dihydroxy-3-(4-hydroxyphenyl)-4H-chromen-4-one', '7,8-dihydroxy-3-(4-hydroxyphenyl)-4H-chromen-4-one', "7,8,4'-Trihydroxyisoflavone", '7,8-dihydroxy-3-(4-hydroxyphenyl)-4H-chromen-4-one', "7,8,4'-trihydroxyisoflavone", "4',7,8-trihydroxyisoflavone", "4',7,8-Trihydroxyisoflavone", '7,8-dihydroxy-3-(4-hydroxyphenyl)-4H-chromen-4-one', 'PD119301', 'PD119301']"
"CHEMBL3739930";"";"";"Small molecule";"";"375.38";"2";"4";"2.60";"85.35";"6";"2";"0";"4";"N";"0.68";"3";"MOL";"-1";"26";"-1.43";"C17H14FN3O4S";"COc1cc2[nH]c(=S)n(NC(=O)c3cccc(F)c3)c(=O)c2cc1OC";"JHBSYDFQQLGKCG-UHFFFAOYSA-N";"InChI=1S/C17H14FN3O4S/c1-24-13-7-11-12(8-14(13)25-2)19-17(26)21(16(11)23)20-15(22)9-4-3-5-10(18)6-9/h3-8H,1-2H3,(H,19,26)(H,20,22)";"False";"-1";"['2f']";"['N-(6,7-dimethoxy-4-oxo-2-thioxo-1,2-dihydroquinazolin-3(4H)-yl)-3-fluorobenzamide']"
"CHEMBL2238355";"";"";"Small molecule";"";"590.30";"2";"4";"5.04";"36.92";"4";"0";"1";"7";"N";"0.36";"3";"MOL";"-1";"29";"0.80";"C23H29BrINO4";"COc1cc2ccc3c(CC[N+](C)(C)C)c(Br)c(OC)c(OC)c3c2cc1OC.[I-]";"JGQJTVWXEAQDLX-UHFFFAOYSA-M";"InChI=1S/C23H29BrNO4.HI/c1-25(2,3)11-10-16-15-9-8-14-12-18(26-4)19(27-5)13-17(14)20(15)22(28-6)23(29-7)21(16)24;/h8-9,12-13H,10-11H2,1-7H3;1H/q+1;/p-1";"False";"-1";"['3']";"['2-Bromo-3,7-dimethoxy-N,N-dimethylsecoboldine iodide']"
"CHEMBL3913803";"";"";"Small molecule";"";"381.48";"2";"2";"3.05";"61.88";"5";"1";"0";"6";"N";"0.78";"2";"MOL";"-1";"28";"-1.42";"C22H27N3O3";"COc1ccc(N2CCN(C(=O)CNc3ccc(C(C)=O)cc3)CC2C)cc1";"MNVSSQNKSRVGGR-UHFFFAOYSA-N";"InChI=1S/C22H27N3O3/c1-16-15-24(12-13-25(16)20-8-10-21(28-3)11-9-20)22(27)14-23-19-6-4-18(5-7-19)17(2)26/h4-11,16,23H,12-15H2,1-3H3";"False";"-1";"['BDBM244055']";"['US9428478, TG6-140']"
"CHEMBL3742412";"";"";"Small molecule";"";"224.26";"2";"4";"2.22";"37.79";"3";"1";"0";"1";"Y";"0.75";"2";"MOL";"-1";"15";"-1.99";"C10H9FN2OS";"CCn1c(=S)[nH]c2ccc(F)cc2c1=O";"FGRJYXLUJMYZOQ-UHFFFAOYSA-N";"InChI=1S/C10H9FN2OS/c1-2-13-9(14)7-5-6(11)3-4-8(7)12-10(13)15/h3-5H,2H2,1H3,(H,12,15)";"False";"-1";"['3b']";"['3-ethyl-6-fluoro-2-thioxo-2,3-dihydroquinazolin-4(1H)-one']"
"CHEMBL4076670";"";"";"Small molecule";"";"286.68";"1";"2";"1.61";"91.73";"5";"2";"0";"1";"N";"0.56";"4";"MOL";"-1";"20";"-2.07";"C12H7ClN6O";"O=c1[nH]c2[nH]ncc2c2nc(-c3cccc(Cl)c3)nn12";"JERZRIWNYWAEHQ-UHFFFAOYSA-N";"InChI=1S/C12H7ClN6O/c13-7-3-1-2-6(4-7)9-15-11-8-5-14-17-10(8)16-12(20)19(11)18-9/h1-5H,(H2,14,16,17,20)";"False";"-1";"['230']";"['2-(3-chlorophenyl)-6,7-dihydro-5H-pyrazolo[4,3-e][1,2,4]triazolo[1,5-c]pyrimidin-5-one']"
"CHEMBL4170777";"";"";"Small molecule";"";"372.15";"11";"12";"1.21";"88.02";"6";"1";"0";"2";"N";"0.88";"2";"MOL";"-1";"21";"-0.75";"C14H11BrN3NaO3";"Cn1c([O-])c(C(C#N)c2ccc(Br)cc2)c(=O)n(C)c1=O.[Na+]";"UTHWSYCSIIHYJK-UHFFFAOYSA-M";"InChI=1S/C14H12BrN3O3.Na/c1-17-12(19)11(13(20)18(2)14(17)21)10(7-16)8-3-5-9(15)6-4-8;/h3-6,10,19H,1-2H3;/q;+1/p-1";"False";"-1";"['4b']";"['Sodium 5-((4-bromophenyl)(cyano)methyl)-1,3-dimethyl-2,6-dioxo-1,2,3,6-tetrahydropyrimidin-4-olate']"
"CHEMBL5597034";"";"";"";"";"313.70";"3";"15";"4.03";"94.46";"4";"2";"0";"2";"N";"0.74";"3";"MOL";"-1";"22";"-0.22";"C16H8ClNO4";"N#Cc1cc(-c2ccc(C(=O)O)c(O)c2)c2oc(Cl)cc2c1";"CJSLOKWGRCPOMW-UHFFFAOYSA-N";"InChI=1S/C16H8ClNO4/c17-14-6-10-3-8(7-18)4-12(15(10)22-14)9-1-2-11(16(20)21)13(19)5-9/h1-6,19H,(H,20,21)";"False";"-1";"['26', 'BDBM377706']";"['4-(2-Chloro-5-cyanobenzofuran-7-yl)-2-hydroxybenzoic Acid', 'US10266496, Example 40']"
"CHEMBL3890430";"";"";"Small molecule";"";"1189.35";"2";"2";"None";"None";"None";"None";"None";"None";"None";"None";"None";"MOL";"-1";"None";"None";"C58H92O25";"C=C1CC[C@]2(C(=O)O[C@@H]3O[C@H](CO[C@@H]4O[C@H](CO)[C@@H](O[C@@H]5O[C@@H](C)[C@H](O)[C@@H](O)[C@H]5O)[C@H](O)[C@H]4O)[C@@H](O)[C@H](O)[C@H]3O)CC[C@]3(C)C(=CC[C@@H]4[C@@]5(C)CC[C@H](O[C@@H]6OC[C@H](O)[C@H](O)[C@H]6O[C@@H]6O[C@@H](C)[C@H](O)[C@@H](O)[C@H]6O)C(C)(C)[C@@H]5CC[C@]43C)[C@@H]2C1";"UPROOJBJZLZCGS-CHTHVDMYSA-N";"InChI=1S/C58H92O25/c1-23-11-16-58(53(73)83-51-44(71)40(67)37(64)30(79-51)22-75-48-45(72)41(68)46(29(20-59)78-48)81-49-42(69)38(65)34(61)24(2)76-49)18-17-56(7)26(27(58)19-23)9-10-32-55(6)14-13-33(54(4,5)31(55)12-15-57(32,56)8)80-52-47(36(63)28(60)21-74-52)82-50-43(70)39(66)35(62)25(3)77-50/h9,24-25,27-52,59-72H,1,10-22H2,2-8H3/t24-,25-,27-,28-,29+,30+,31-,32+,33-,34-,35-,36-,37+,38+,39+,40-,41+,42+,43+,44+,45+,46+,47+,48+,49-,50-,51-,52-,55-,56+,57+,58-/m0/s1";"False";"-1";"['14', '6; YM10']";"['(4aS,6aS,6bR,8aR,10S,12aR,12bR)-((2S,3R,4S,5S,6R)-6-(((2R,3R,4R,5S,6R)-3,4-dihydroxy-6-(hydroxymethyl)-5-((2S,3R,4R,5R,6S)-3,4,5-trihydroxy-6-methyltetrahydro-2H-pyran-2-yloxy)tetrahydro-2H-pyran-2-yloxy)methyl)-3,4,5-trihydroxytetrahydro-2H-pyran-2-yl) 10-((3R,4S,5S)-4,5-dihydroxy-3-((2S,3R,4R,5R,6S)-3,4,5-trihydroxy-6-methyltetrahydro-2H-pyran-2-yloxy)tetrahydro-2H-pyran-2-yloxy)-6a,6b,9,9,12a-pentamethyl-2-methylene-1,2,3,4,4a,5,6,6a,6b,7,8,8a,9,10,11,12,12a,12b,13,14b-icosahydropicene-4a-carboxylate', '(4aS,6aS,6bR,8aR,10S,12aR,12bR,14bS)-((2S,3R,4S,5S,6R)-6-(((2R,3R,4R,5S,6R)-3,4-dihydroxy-6-(hydroxymethyl)-5-((2S,3R,4R,5R,6S)-3,4,5-trihydroxy-6-methyltetrahydro-2H-pyran-2-yloxy)tetrahydro-2H-pyran-2-yloxy)methyl)-3,4,5-trihydroxytetrahydro-2H-pyran-2-yl) 10-((2S,3R,4S,5S)-4,5-dihydroxy-3-((2S,3R,4R,5R,6S)-3,4,5-trihydroxy-6-methyltetrahydro-2H-pyran-2-yloxy)tetrahydro-2H-pyran-2-yloxy)-6a,6b,9,9,12a-pentamethyl-2-methylene-1,2,3,4,4a,5,6,6a,6b,7,8,8a,9,10,11,12,12a,12b,13,14b-icosahydropicene-4a-carboxylate']"
"CHEMBL3740503";"";"";"Small molecule";"";"335.81";"2";"4";"2.29";"41.03";"4";"1";"0";"4";"N";"0.88";"2";"MOL";"-1";"20";"-1.80";"C13H16ClF2N3OS";"CN(C)CCCn1c(=S)[nH]c2cc(F)c(F)cc2c1=O.Cl";"OXGOWSUDBDRDLJ-UHFFFAOYSA-N";"InChI=1S/C13H15F2N3OS.ClH/c1-17(2)4-3-5-18-12(19)8-6-9(14)10(15)7-11(8)16-13(18)20;/h6-7H,3-5H2,1-2H3,(H,16,20);1H";"False";"-1";"['1g']";"['3-(3-(dimethylamino)propyl)-6,7-difluoro-2-thioxo-2,3-dihydroquinazolin-4(1H)-one hydrochloride']"
"CHEMBL4082756";"TP-024";"";"Small molecule";"";"392.36";"527";"787";"3.73";"73.80";"4";"1";"0";"4";"N";"0.69";"3";"MOL";"-1";"28";"-1.90";"C19H16F4N4O";"Cc1cc(-n2nc(Cc3cc(F)cc(C(F)(F)F)c3)nc2C)ccc1C(N)=O";"TYXSIXOYTBHZFA-UHFFFAOYSA-N";"InChI=1S/C19H16F4N4O/c1-10-5-15(3-4-16(10)18(24)28)27-11(2)25-17(26-27)8-12-6-13(19(21,22)23)9-14(20)7-12/h3-7,9H,8H2,1-2H3,(H2,24,28)";"False";"-1";"['FTBMT', 'EUB0000317b', '4u', 'EUB0000317b', 'EUB0000317', 'EUB0000317b', 'EUB0000317b', 'FTBMT', 'EUB0000317b', 'FTBMT', 'EUB0000317b', 'EUB0000317b', 'EUB0000317b', 'EUB0000317a', 'EUB0000317b', 'EUB0000317b', 'EUB0000317b', 'EUB0000317b']";"['FTBMT', 'TP-024', '4-(3-(3-Fluoro-5-(trifluoromethyl)benzyl)-5-methyl-1H-1,2,4-triazol-1-yl)-2-methylbenzamide', 'TP-024', 'TP_024', 'TP-024', 'TP-024', 'FTBMT', 'TP-024', '4-(3-(3-fluoro-5-(trifluoromethyl)benzyl)-5-methyl-1H-1,2,4-triazol-1-yl)-2-methylbenzamide', 'TP-024', 'TP-024', 'TP-024', 'TP-024', 'TP-024', 'TP-024', 'TP-024', 'TP-024']"
"CHEMBL3127126";"";"";"Small molecule";"";"293.33";"2";"2";"2.60";"81.00";"4";"2";"0";"4";"N";"0.77";"3";"MOL";"-1";"22";"-0.77";"C17H15N3O2";"Nc1nc(-c2ccc(OCc3ccccc3)cc2)cc(=O)[nH]1";"LHHJIIASJAPIRE-UHFFFAOYSA-N";"InChI=1S/C17H15N3O2/c18-17-19-15(10-16(21)20-17)13-6-8-14(9-7-13)22-11-12-4-2-1-3-5-12/h1-10H,11H2,(H3,18,19,20,21)";"False";"-1";"['25']";"['2-amino-6-(4-(benzyloxy)phenyl)pyrimidin-4(3H)-one']"
"CHEMBL3127123";"";"";"Small molecule";"";"201.23";"1";"1";"1.33";"71.77";"3";"2";"0";"1";"N";"0.73";"2";"MOL";"-1";"15";"-1.14";"C11H11N3O";"Cc1cccc(-c2cc(=O)[nH]c(N)n2)c1";"PXJGVCHLTDCJAS-UHFFFAOYSA-N";"InChI=1S/C11H11N3O/c1-7-3-2-4-8(5-7)9-6-10(15)14-11(12)13-9/h2-6H,1H3,(H3,12,13,14,15)";"False";"-1";"['22']";"['2-amino-6-m-tolylpyrimidin-4(3H)-one']"
"CHEMBL3127142";"";"";"Small molecule";"";"201.23";"1";"1";"1.48";"57.78";"3";"2";"0";"2";"Y";"0.77";"2";"MOL";"-1";"15";"-1.05";"C11H11N3O";"CNc1nc(-c2ccccc2)cc(=O)[nH]1";"FCLQUHFGSJNESE-UHFFFAOYSA-N";"InChI=1S/C11H11N3O/c1-12-11-13-9(7-10(15)14-11)8-5-3-2-4-6-8/h2-7H,1H3,(H2,12,13,14,15)";"False";"-1";"['7']";"['2-(methylamino)-6-phenylpyrimidin-4(3H)-one']"
"CHEMBL2316158";"";"";"Small molecule";"";"412.51";"6";"8";"4.33";"69.67";"5";"0";"0";"5";"N";"0.68";"2";"MOL";"-1";"29";"-0.60";"C23H24O5S";"COc1cc(/C=C2\CCC/C(=C\c3ccc(S(C)(=O)=O)cc3)C2=O)cc(OC)c1";"KCKFFUAUNCDZHZ-GDAWTGGTSA-N";"InChI=1S/C23H24O5S/c1-27-20-13-17(14-21(15-20)28-2)12-19-6-4-5-18(23(19)24)11-16-7-9-22(10-8-16)29(3,25)26/h7-15H,4-6H2,1-3H3/b18-11+,19-12+";"False";"-1";"['BDBM50424957', '4j', 'I19']";"['CHEMBL2316158::US9409845, Table 1, Compound 19: (2E,6E)-2-(3,5-dimethoxybenzylidene)-6-(4-methylsulphonylbenzylidene)cyclohexanone', '(2E,6E)-2-(3,5-Dimethoxybenzylidene)-6-(4-(methylsulfonyl)benzylidene)cyclohexanone', '(2E,6E)-2-(3,5-Dimethoxybenzylidene)-6-(4-(methylsulfonyl)benzylidene)cyclohexanone']"
"CHEMBL3742254";"";"";"Small molecule";"";"264.35";"2";"4";"2.22";"58.02";"4";"2";"0";"5";"N";"0.64";"2";"MOL";"-1";"18";"-0.94";"C13H16N2O2S";"O=c1c2ccccc2[nH]c(=S)n1CCCCCO";"CWJRHUZNHMQUPX-UHFFFAOYSA-N";"InChI=1S/C13H16N2O2S/c16-9-5-1-4-8-15-12(17)10-6-2-3-7-11(10)14-13(15)18/h2-3,6-7,16H,1,4-5,8-9H2,(H,14,18)";"False";"-1";"['1e-OH']";"['3-(5-hydroxypentyl)-2-thioxo-2,3-dihydroquinazolin-4(1H)-one']"
"CHEMBL3740128";"";"";"Small molecule";"";"253.28";"2";"4";"0.79";"82.27";"6";"2";"0";"2";"N";"0.61";"2";"MOL";"-1";"17";"-0.74";"C10H11N3O3S";"COc1cc2[nH]c(=S)n(N)c(=O)c2cc1OC";"WHMJTTJVOATKMJ-UHFFFAOYSA-N";"InChI=1S/C10H11N3O3S/c1-15-7-3-5-6(4-8(7)16-2)12-10(17)13(11)9(5)14/h3-4H,11H2,1-2H3,(H,12,17)";"False";"-1";"['3e']";"['3-amino-6,7-dimethoxy-2-thioxo-2,3-dihydroquinazolin-4(1H)-one']"
"CHEMBL2420125";"";"";"Small molecule";"";"354.37";"2";"3";"2.09";"111.03";"8";"2";"0";"6";"N";"0.65";"3";"MOL";"-1";"26";"-1.85";"C17H18N6O3";"CCOC(=O)Cn1ncc2c(Nc3ccc(NC(C)=O)cc3)ncnc21";"MWVYRUWADNSXJJ-UHFFFAOYSA-N";"InChI=1S/C17H18N6O3/c1-3-26-15(25)9-23-17-14(8-20-23)16(18-10-19-17)22-13-6-4-12(5-7-13)21-11(2)24/h4-8,10H,3,9H2,1-2H3,(H,21,24)(H,18,19,22)";"False";"-1";"['5f']";"['Ethyl 2-(4-((4-acetamidophenyl)amino)-1H-pyrazolo[3,4-d]pyrimidin-1-yl)acetate']"
"CHEMBL3103696";"";"";"Small molecule";"";"170.12";"13";"14";"-1.44";"92.34";"4";"2";"0";"1";"N";"0.47";"0";"MOL";"-1";"12";"0.08";"C6H6N2O4";"CC(=O)C1C(=O)NC(=O)NC1=O";"JYCJAUHMORTXOQ-UHFFFAOYSA-N";"InChI=1S/C6H6N2O4/c1-2(9)3-4(10)7-6(12)8-5(3)11/h3H,1H3,(H2,7,8,10,11,12)";"False";"-1";"['BA20', '5c']";"['5-acetylpyrimidine-2,4,6(1H,3H,5H)-trione', '5-Acetylpyrimidine-2,4,6(1H,3H,5H)-trione']"
"CHEMBL4089752";"";"";"Small molecule";"";"254.25";"1";"2";"1.09";"98.82";"5";"3";"0";"3";"N";"0.48";"3";"MOL";"-1";"19";"-1.67";"C12H10N6O";"O=c1nc(N/N=C/c2ccccc2)c2cn[nH]c2[nH]1";"QUKKATOOMFYCOU-AWNIVKPZSA-N";"InChI=1S/C12H10N6O/c19-12-15-10(9-7-14-18-11(9)16-12)17-13-6-8-4-2-1-3-5-8/h1-7H,(H3,14,15,16,17,18,19)/b13-6+";"False";"-1";"['169']";"['4-(2-benzylidenehydrazinyl)-1H-pyrazolo[3,4-d]pyrimidin-6(7H)-one']"
"CHEMBL2018876";"MORACIN C";"";"Small molecule";"";"310.35";"38";"97";"4.73";"73.83";"4";"3";"0";"3";"N";"0.61";"3";"MOL";"-1";"23";"1.61";"C19H18O4";"CC(C)=CCc1c(O)cc(-c2cc3ccc(O)cc3o2)cc1O";"ZTGHWUWBQNCCOH-UHFFFAOYSA-N";"InChI=1S/C19H18O4/c1-11(2)3-6-15-16(21)7-13(8-17(15)22)18-9-12-4-5-14(20)10-19(12)23-18/h3-5,7-10,20-22H,6H2,1-2H3";"False";"-1";"['Moracin C', '3, Moracin C', '1', '15', '27a', '29', 'Moracin C', '9', '2; MOL003857', '90']";"['Moracin C', '5-(6-hydroxybenzofuran-2-yl)-2-(3-methylbut-2-enyl)benzene-1,3-diol', 'Moracin C', 'moracin C', '5-(6-hydroxybenzofuran-2-yl)-2-(3-methylbut-2-enyl)benzene-1,3-diol', 'Moracin C', 'Moracin C', 'Moracin C', 'Moracin C', 'Moracin C']"
"CHEMBL5435997";"";"";"";"";"751.14";"1";"1";"1.61";"263.49";"16";"8";"3";"8";"N";"0.14";"2";"MOL";"-1";"52";"0.94";"C34H39ClN2O15";"COc1ccc([C@@H]2C/C(=N\c3ccc([N+](=O)[O-])cc3Cl)C3C(O)=CC(O[C@H]4C[C@@H](OC5O[C@H](C)[C@@H](O)[C@H](O)C5O)[C@H](O)[C@@H](O)[C@@H]4O)=CC3O2)cc1O";"FWGFAMGOGVONDX-XWSBYTBESA-N";"InChI=1S/C34H39ClN2O15/c1-13-28(40)31(43)33(45)34(49-13)52-26-12-25(29(41)32(44)30(26)42)50-16-9-21(39)27-19(36-18-5-4-15(37(46)47)8-17(18)35)11-23(51-24(27)10-16)14-3-6-22(48-2)20(38)7-14/h3-10,13,23-34,38-45H,11-12H2,1-2H3/b36-19+/t13-,23+,24?,25+,26-,27?,28-,29-,30+,31+,32+,33?,34?/m1/s1";"False";"-1";"['51']";"['(4S,5S,6R)-2-(((1R,2R,3S,4S,5S)-5-(((2S)-4-((2-chloro-4-nitrophenyl)imino)-5-hydroxy-2-(3-hydroxy-4-methoxyphenyl)-3,4,4a,8a-tetrahydro-2H-chromen-7-yl)oxy)-2,3,4-trihydroxycyclohexyl)oxy)-6-methyltetrahydro-2H-pyran-3,4,5-triol']"
"CHEMBL5400172";"";"";"";"";"312.28";"1";"1";"3.66";"94.46";"5";"1";"0";"4";"N";"0.45";"3";"MOL";"-1";"23";"-1.00";"C16H12N2O5";"COC(=O)c1cc2cc(Oc3ccccc3)cc([N+](=O)[O-])c2[nH]1";"NFMZHWMNCKZBAI-UHFFFAOYSA-N";"InChI=1S/C16H12N2O5/c1-22-16(19)13-8-10-7-12(23-11-5-3-2-4-6-11)9-14(18(20)21)15(10)17-13/h2-9,17H,1H3";"False";"-1";"['74']";"['methyl 7-nitro-5-phenoxy-1H-indole-2-carboxylate']"
"CHEMBL3127128";"";"";"Small molecule";"";"275.31";"3";"3";"1.17";"101.23";"5";"3";"0";"6";"N";"0.69";"2";"MOL";"-1";"20";"-0.47";"C14H17N3O3";"Nc1nc(-c2ccc(OCCCCO)cc2)cc(=O)[nH]1";"QEZNWJJXBINYBR-UHFFFAOYSA-N";"InChI=1S/C14H17N3O3/c15-14-16-12(9-13(19)17-14)10-3-5-11(6-4-10)20-8-2-1-7-18/h3-6,9,18H,1-2,7-8H2,(H3,15,16,17,19)";"False";"-1";"['28']";"['2-amino-6-(4-(4-hydroxybutoxy)phenyl)pyrimidin-4(3H)-one']"
"CHEMBL4162836";"";"";"Small molecule";"";"360.17";"11";"12";"2.56";"92.67";"4";"3";"0";"2";"N";"0.73";"2";"MOL";"-1";"19";"-1.03";"C12H7BrN3NaO2S";"N#CC(c1ccc(Br)cc1)c1c([O-])[nH]c(=S)[nH]c1=O.[Na+]";"XMBRBNUQEBUREV-UHFFFAOYSA-M";"InChI=1S/C12H8BrN3O2S.Na/c13-7-3-1-6(2-4-7)8(5-14)9-10(17)15-12(19)16-11(9)18;/h1-4,8H,(H3,15,16,17,18,19);/q;+1/p-1";"False";"-1";"['4a']";"['Sodium 5-((4-bromophenyl)(cyano)methyl)-6-oxo-2-thioxo-1,2,3,6-tetrahydropyrimidin-4-olate']"
"CHEMBL4225876";"";"";"Small molecule";"";"284.29";"2";"2";"3.70";"58.62";"4";"1";"0";"3";"N";"0.45";"3";"MOL";"-1";"21";"-1.31";"C16H13FN2O2";"Cc1ccc2oc(/C(Cc3ccc(F)cc3)=N/O)nc2c1";"NCGJNSAWMBTTKV-XMHGGMMESA-N";"InChI=1S/C16H13FN2O2/c1-10-2-7-15-13(8-10)18-16(21-15)14(19-20)9-11-3-5-12(17)6-4-11/h2-8,20H,9H2,1H3/b19-14+";"False";"-1";"['5k']";"['(E)-2-(4-Fluorophenyl)-1-(5-methylbenzo[d]oxazol-2-yl)ethanone oxime']"
"CHEMBL2420127";"";"";"Small molecule";"";"469.44";"2";"3";"2.36";"182.24";"10";"3";"0";"8";"N";"0.26";"4";"MOL";"-1";"33";"-1.95";"C19H15N7O6S";"O=C(O)Cn1ncc2c(Nc3ccc(NS(=O)(=O)c4ccc([N+](=O)[O-])cc4)cc3)ncnc21";"WQKBYTOXUYNRIJ-UHFFFAOYSA-N";"InChI=1S/C19H15N7O6S/c27-17(28)10-25-19-16(9-22-25)18(20-11-21-19)23-12-1-3-13(4-2-12)24-33(31,32)15-7-5-14(6-8-15)26(29)30/h1-9,11,24H,10H2,(H,27,28)(H,20,21,23)";"False";"-1";"['6b']";"['2-(4-((4-(4-Nitrophenylsulfonamido)phenyl)amino)-1Hpyrazolo[3,4-d]pyrimidin-1-yl)acetic acid']"
"CHEMBL456610";"";"";"Small molecule";"";"271.35";"11";"16";"2.71";"56.65";"3";"3";"0";"3";"Y";"0.46";"2";"MOL";"-1";"19";"-1.64";"C14H13N3OS";"Oc1ccc(/C=N/NC(=S)Nc2ccccc2)cc1";"IIKOSSZBVGWABG-XNTDXEJSSA-N";"InChI=1S/C14H13N3OS/c18-13-8-6-11(7-9-13)10-15-17-14(19)16-12-4-2-1-3-5-12/h1-10,18H,(H2,16,17,19)/b15-10+";"False";"-1";"['10', '3', '9', '54']";"['2-(4-hydroxybenzylidene)-N-phenylhydrazinecarbothioamide', '2-(4-hydroxybenzylidene)-N-phenylhydrazinecarbothioamide', '2-(4-hydroxybenzylidene)-N-phenylhydrazinecarbothioamide', '2-(4-hydroxybenzylidene)-N-phenylhydrazine-1-carbothioamide']"
"CHEMBL5406420";"";"";"";"";"191.15";"1";"1";"0.77";"97.60";"5";"1";"0";"2";"N";"0.56";"2";"MOL";"-1";"14";"-2.34";"C7H5N5O2";"O=[N+]([O-])c1ccc(-c2nnn[nH]2)cc1";"MIUOBAHGBPSRKY-UHFFFAOYSA-N";"InChI=1S/C7H5N5O2/c13-12(14)6-3-1-5(2-4-6)7-8-10-11-9-7/h1-4H,(H,8,9,10,11)";"False";"-1";"['4']";"['5-(4-nitrophenyl)-1H-tetrazole']"
"CHEMBL5417928";"";"";"";"";"372.83";"1";"1";"4.72";"79.29";"4";"2";"0";"4";"N";"0.69";"3";"MOL";"-1";"25";"-1.91";"C18H13ClN2O3S";"Cc1nc(-c2ccc(C(=O)Nc3ccc(Cl)cc3)cc2)sc1C(=O)O";"HFONVZCGYSBWAA-UHFFFAOYSA-N";"InChI=1S/C18H13ClN2O3S/c1-10-15(18(23)24)25-17(20-10)12-4-2-11(3-5-12)16(22)21-14-8-6-13(19)7-9-14/h2-9H,1H3,(H,21,22)(H,23,24)";"False";"-1";"['58']";"['2-(4-((4-chlorophenyl)carbamoyl)phenyl)-4-methylthiazole-5-carboxylic acid']"
"CHEMBL324794";"CINNAMIC ALCOHOL";"";"Small molecule";"";"134.18";"28";"36";"1.69";"20.23";"1";"1";"0";"2";"Y";"0.65";"1";"MOL";"-1";"10";"1.14";"C9H10O";"OC/C=C/c1ccccc1";"OOCCDEMITAIZTP-QPJJXVBHSA-N";"InChI=1S/C9H10O/c10-8-4-7-9-5-2-1-3-6-9/h1-7,10H,8H2/b7-4+";"False";"-1";"['1a', 'cinnamyl alcohol', 'cinnamyl alcohol', 'Cinnamylalcohol', '6', 'Cinnamyl Alcohol', 'Cinnamyl alcohol', 'cinnamaldehyde analogue', '19', 'CM', '18', '7', 'trans-cinnamyl alcohol']";"['(E)-3-Phenyl-prop-2-en-1-ol', 'cinnamyl alcohol', 'cinnamyl alcohol', 'Cinnamylalcohol', 'Cinnamic alcohol', 'Cinnamyl Alcohol', 'Cinnamyl alcohol', '3-phenylprop-2-en-1-ol', '(E)-Cinnam alcohol', 'Cinnamyl alcohol', '(E)-3-phenylprop-2-en-1-ol', 'cinnamic alcohol', 'trans-cinnamyl alcohol']"
"CHEMBL47386";"EPIGALLOCATECHIN";"";"Small molecule";"";"306.27";"123";"247";"1.25";"130.61";"7";"6";"1";"1";"N";"0.44";"2";"MOL";"-1";"22";"2.27";"C15H14O7";"Oc1cc(O)c2c(c1)O[C@H](c1cc(O)c(O)c(O)c1)[C@H](O)C2";"XMOCLSLCDHWDHP-IUODEOHRSA-N";"InChI=1S/C15H14O7/c16-7-3-9(17)8-5-12(20)15(22-13(8)4-7)6-1-10(18)14(21)11(19)2-6/h1-4,12,15-21H,5H2/t12-,15-/m1/s1";"False";"-1";"['2', '31', '16', '(-)-epigallocatechin, EGC', 'EGC, (-)-epigallocatechin', 'EGC', 'EGC', '18', '13', 'Epigallocatechin', '39', 'EPIGALLOCATECHIN', 'Epigallocatechin', '7', 'SID515468', '14', '2, (-)EGC', '(-)-epigallocatechin', 'gallocatechin', '59', '19', '2, (-)-EGC', 'EGC', '9', 'EGC', '42', 'epigallocatechin', '59', 'Epigallocatechin', '4', 'Epigallocatechin', '1, EGC', '(-)-EGC', '62', '70; EGC', '15', '4', '1', 'EGC', 'Epigallocatechin', '(-)-Epigallocatechin', '63', '19', 'EGC', 'EGCG', 'EGCG']";"['(2R,3R)-2-(3,4,5-Trihydroxy-phenyl)-chroman-3,5,7-triol', '(-)-epigallocatechin', 'Epigallocatechin', '(2R,3R)-2-(3,4,5-trihydroxyphenyl)-3,4-dihydro-2H-chromene-3,5,7-triol', '(2R,3R)-2-(3,4,5-trihydroxyphenyl)-3,4-dihydro-2H-chromene-3,5,7-triol', '(-)epigallocatechin', '(-)-epigallocatechin', '(-)-epigallocatechin', 'epigallocatechin', 'Epigallocatechin', '(-)-Epigallocatechin', 'EPIGALLOCATECHIN', 'Epigallocatechin', '(2R,3R)-2-(3,4,5-Trihydroxy-phenyl)-chroman-3,5,7-triol', 'SID515468', 'Epigallocatechin', '(-)-Epigallocatechin', '(-)-epigallocatechin', '(2R,3R)-2-(3,4,5-trihydroxyphenyl)-3,4-dihydro-2H-chromene-3,5,7-triol', '(-)-Epigallocatechin', '(-)-Epigallocatechin', 'Epigallocatechin', '(-)-epigallocatechin', 'epigallocatechin', '(-)-epigallocatechin', 'epigallocatechin', '(-)-epigallocatechin', 'Epigallocatechin', 'Epigallocatechin', '(-)-epigallocatechin', 'Epigallocatechin', '(-)-epigallocatechin', '(-)-Epigallocatechin', '(-)-epigallo-catechin', 'Epigallocatechin', '(-)-epigallocatechin', '(-)-epigallocatechin', '(-)-Epigallocatechin', '(2R,3R)-2-(3,4,5-trihydroxyphenyl)chroman-3,5,7-triol', 'Epigallocatechin', '(-)-Epigallocatechin', '(-)-Epigallocatechin', 'Epigallocatechin', 'Epigallocatechin', 'Epigallocatechin', 'Epigallocatechin']"
"CHEMBL4071668";"";"";"Small molecule";"";"411.41";"2";"2";"3.21";"118.23";"7";"3";"0";"6";"N";"0.32";"3";"MOL";"-1";"30";"0.44";"C22H21NO7";"COC(=O)[C@H](C)NC(=O)/C=C/c1ccc(OC)c2oc(-c3ccc(O)c(O)c3)cc12";"KVDIEDCNEMWWIJ-LZGFCCKTSA-N";"InChI=1S/C22H21NO7/c1-12(22(27)29-3)23-20(26)9-6-13-5-8-18(28-2)21-15(13)11-19(30-21)14-4-7-16(24)17(25)10-14/h4-12,24-25H,1-3H3,(H,23,26)/b9-6+/t12-/m0/s1";"False";"-1";"['9c']";"['Methyl (E)-(3-(2-(3,4-dimethoxyphenyl)-7-methoxybenzofuran-4-yl)acryloyl)-L-alaninate']"
"CHEMBL467247";"";"";"Small molecule";"";"362.33";"5";"9";"1.80";"114.68";"8";"3";"0";"4";"N";"0.71";"2";"MOL";"-1";"26";"1.86";"C18H18O8";"COc1cc2c(c(OC)c1OC)C(=O)[C@H](O)[C@@H](c1ccc(O)c(O)c1)O2";"AJDOXUZMGBDQQH-JKSUJKDBSA-N";"InChI=1S/C18H18O8/c1-23-12-7-11-13(18(25-3)17(12)24-2)14(21)15(22)16(26-11)8-4-5-9(19)10(20)6-8/h4-7,15-16,19-20,22H,1-3H3/t15-,16+/m0/s1";"False";"-1";"['(+/-)-4h']";"['(+/-)-trans-2,3-Dihydro-3-hydroxy-5,6,7-trimethoxy-2-(3,4-dihydroxyphenyl)-4H-1-benzopyran-4-one']"
"CHEMBL3247868";"";"";"Small molecule";"";"241.25";"1";"1";"1.41";"89.85";"6";"2";"0";"1";"N";"0.67";"3";"MOL";"-1";"18";"-1.37";"C12H11N5O";"Cc1cccc(-n2cnc3c(O)nc(N)nc32)c1";"FDIHUUUYOUAIJD-UHFFFAOYSA-N";"InChI=1S/C12H11N5O/c1-7-3-2-4-8(5-7)17-6-14-9-10(17)15-12(13)16-11(9)18/h2-6H,1H3,(H3,13,15,16,18)";"False";"-1";"['Table VIII R7C1']";"['2-amino-9-m-tolyl-9H-purin-6-ol']"
"CHEMBL28";"APIGENIN";"";"Small molecule";"";"270.24";"437";"1232";"2.58";"90.90";"5";"3";"0";"1";"N";"0.63";"3";"MOL";"-1";"20";"1.36";"C15H10O5";"O=c1cc(-c2ccc(O)cc2)oc2cc(O)cc(O)c12";"KZNIFHPLKGYRTM-UHFFFAOYSA-N";"InChI=1S/C15H10O5/c16-9-3-1-8(2-4-9)13-7-12(19)15-11(18)5-10(17)6-14(15)20-13/h1-7,16-18H";"False";"-1";"['13', 'Apigenin', 'BDBM7458', '23', 'Apigenin', '2;kp16', '16', 'SID144213201', '17', 'Apigenin', 'Apigenin', 'API (26)', 'Apigenin', '3', '5', '9', '1', 'Apigenin', '25', '1r', '17', 'SID46500336', '5f', '1', 'Apigenin', '10', 'SID50104773', 'Apigenin', '21', '26', 'Apigenin', '6', 'SID50114380', 'apigenin', '3c', '10', '18', 'Apigenin', 'apigenin', '18', 'Apigenin', '2, Apigenin', '5', '2', 'Apigenin', 'apigenin', 'apigenin', 'Apigenin', '15', 'apigenin', '23', 'apigenin', 'Apigenin', '6', 'Apigenin', '2', '38', '19', '22', 'apigenin', 'Apigenin', '11', 'apigenin', '12', 'Apigenin', 'Apigenin', '3', '4', 'Apigenin', 'apigenin', '46', '28', 'apigenin', 'Apigenin', '4c', '3', 'SID11110729', 'Apigenin', '1', '5', 'NCGC00025057-03', 'SID17389511', '50', 'API', 'Apigenin', 'Apigenin', 'SID50104771', 'APIGENIN', '2, apigenin', 'apigenin', 'Apigenin', 'apigenin', 'Apigenin', 'SID144208740', 'Apigenin', '62', '1', '8', '11', '5', 'SID174006549', '15', 'Apigenin', 'Apigenin', '12', '6', '4', '1', 'Apigenin', 'Table 1, 60', '2', '8', 'SID26752116', 'Fig 6B, R12C3', 'Apigenin', '19, Apigenin', 'SID124879150', 'Apigenin', '1', '35', '2, Apigenin', 'SID124879148', '32', '4', 'Apigenin', 'Apigenin', 'apigenin', '12', '1', 'Apigenin', 'apigenin', '6', '18', '42', 'Apigenin', '4', 'apigenin', 'Apigenin', 'Apigenin', 'Apigenin', 'K00045', 'Apigenin', '1', '2', 'Apigenin', '3', '62', '4c', 'apigenin', '11', '15', '5', 'Apigenin', '1', '8', '10', '15', '14o', "7,5,4'-trihydroxyflavonone", 'Apigenin', 'apigenin', 'apigenin', '25', '5', '20', '2', '4', 'Apigenin', '6', '8', 'Apigenin', 'apigenin', 'Apigenin', 'Apigenin', 'SID11110728', '33', '4', 'apigenin', '29', '7', '10', 'SID50114379', '18', '38', 'Apigenin', 'Apigenin', 'Apigenin', 'Fig1, R1C1', 'Apigenin', 'Apigenin', 'SID124879152', 'SID124879154', '16', '6', '6', '82', '20', 'Apigenin', 'SID26747162', 'SID26752115', 'SID50104772', '44', 'Apigenin', '7g', '9', 'SID11113975', 'Apigenin', 'Apigenin', 'APIGENIN', 'SID121464', '23', 'Apigenin', '16', '21', 'SID124879155', 'Apigenin', '3', 'SID26747161', 'Apigenin', 'Apigenin', 'Apigenin', 'SID85230903', '33', 'Apigenin', 'D5', '15', 'COVC-0677941203', 'apigenin', '15', 'apigenin', '29', '193', '5', 'SID90341029', '35', '12', 'NSC-83244', '9', 'apigenin', '22', '10', '18', '8', '5', 'apigenin', '12', 'Apigenin', '51', '74', '2', '34', '1', '9', 'Apigenin', 'Apigenin', '2', '3', '7; 44', 'apigenin', 'Apigenin', 'Apigenin', '348', '9', '24', '94', '7', '25; 37', '2', 'Apigenin', 'AP', '70', 'Apigenin', 'Apigenin', 'Apigenin', 'Apigenin', 'BDBM7458', '63', '1b', 'Apigenin', '7', 'BDBM7458']";"['apigenin', 'Apigenin', '5,7-dihydroxy-2-(4-hydroxyphenyl)-4H-chromen-4-one::5,7-dihydroxy-2-(4-hydroxyphenyl)-chromen-4-one::Apigenin::Apigenin (2)::Apigenin (7)::Apigenin, 13::CHEMBL28::Naringenin, 18::cid_5280443', 'Apigenin', 'Apigenin', 'Apigenin', 'Apigenin', 'SID144213201', "Apigenin; 5,7,4'-trihydroxyflavone", 'Apigenin', 'Apigenin', '5,7-Dihydroxy-2-(4-hydroxy-phenyl)-chromen-4-one', 'Apigenin', 'Apigenin', 'Apigenin', 'Apigenin', '5,7-Dihydroxy-2-(4-hydroxy-phenyl)-chromen-4-one', 'Apigenin', '5,7-dihydroxy-2-(4-hydroxyphenyl)-4H-chromen-4-one', '5,7-Dihydroxy-2-(4-hydroxy-phenyl)-chromen-4-one', '5,7-Dihydroxy-2-(4-hydroxy-phenyl)-chromen-4-one', 'SID46500336', '5,7-Dihydroxy-2-(4-hydroxy-phenyl)-chromen-4-one', 'Apigenin', 'Apigenin', 'Apigenin', 'SID50104773', 'Apigenin', 'Apigenin', 'Apigenin', 'Apigenin', 'Apigenin', 'SID50114380', 'apigenin', '5,7-Dihydroxy-2-(4-hydroxy-phenyl)-chromen-4-one', 'apigenin', 'apigenin', 'Apigenin', 'apigenin', 'apigenin', 'Apigenin', '5,7-dihydroxy-2-(4-hydroxyphenyl)-4H-chromen-4-one', 'Apigenin', 'apigenin', "5,7,4'-trihydroxyflavone", 'apigenin', 'apigenin', 'Apigenin', '5,7-dihydroxy-2-(4-hydroxyphenyl)-4H-chromen-4-one', '5,7-dihydroxy-2-(4-hydroxyphenyl)-4H-chromen-4-one', 'Apigenin', 'apigenin', 'Apigenin', 'apigenin', 'Apigenin', 'apigenin', 'Apigenin', 'apigenin', '5,7-Dihydroxy-2-(4-hydroxy-phenyl)-chromen-4-one', '5,7-dihydroxy-2-(4-hydroxyphenyl)-4H-chromen-4-one', 'Apigenin', 'Apigenin', 'apigenin', 'Apigenin', 'Apigenin', "4',5,7-Trihydroxyflavone", 'apigenin', 'Apigenin', '5,7-dihydroxy-2-(4-hydroxyphenyl)-4H-chromen-4-one', 'apigenin', 'apigenin', 'Apigenin', 'apigenin', 'Apigenin', 'Apigenin', 'Apigenin', 'SID11110729', 'Apigenin', 'Apigenin', 'apigenin', 'Apigenin', 'SID17389511', '5,7-dihydroxy-2-(4-hydroxyphenyl)-4H-chromen-4-one', 'apigenin', 'Apigenin', 'Apigenin', 'SID50104771', 'APIGENIN', "5,7,4'-trihydroxyflavone", 'apigenin', 'Apigenin', 'apigenin', 'Apigenin', 'SID144208740', '5,7-dihydroxy-2-(4-hydroxyphenyl)chromen-4-one', 'Apigenin', 'Apigenin', 'Apigenin', 'Apigenin', 'Apigenin', 'SID174006549', 'Apigenin', 'Apigenin', 'Apigenin', 'Apigenin', 'Apigenin', 'Apigenin', "Apigenin; 4',5,7-trihydroxyflavone", 'Apigenin', 'Apigenin', 'Apigenin', '5,7-Dihydroxy-2-(4-hydroxy-phenyl)-chromen-4-one', 'SID26752116', '5,7-dihydroxy-2-(4-hydroxyphenyl)-4H-chromen-4-one', '5,7-Dihydroxy-2-(4-hydroxy-phenyl)-chromen-4-one', '5,7-Dihydroxy-2-(4-hydroxy-phenyl)-chromen-4-one', 'SID124879150', 'Apigenin', '5,7-Dihydroxy-2-(4-hydroxy-phenyl)-chromen-4-one', '5,7-Dihydroxy-2-(4-hydroxy-phenyl)-chromen-4-one', "4',5,7-trihydroxyflavone", 'SID124879148', 'Apigenin', '5,7-Dihydroxy-2-(4-hydroxy-phenyl)-chromen-4-one', '5,7-Dihydroxy-2-(4-hydroxy-phenyl)-chroman-4-one', 'Apigenin', '5,7-Dihydroxy-2-(4-hydroxy-phenyl)-chromen-4-one', 'apigenin', 'Apigenin', 'Apigenin', '5,7-Dihydroxy-2-(4-hydroxy-phenyl)-chromen-4-one', 'apigenine', 'apigenin', 'apigenin', "4',5,7-trihydroxyflavone", 'Apigenin', 'apigenin', 'Apigenin', 'Apigenin', "5,7,4'-trihydroxyflavone", 'K00045', 'Apigenin', 'apigenin', 'apigenin', '5,7-dihydroxy-2-(4-hydroxyphenyl)-4H-chromen-4-one', 'Apigenin', "5,7,4'-Trihydroxyflavone", 'Apigenin', 'apigenin', '5,7-dihydroxy-2-(4-hydroxyphenyl)-4H-chromen-4-one', 'Apigenin', 'apigenin', 'Apigenin', 'Apigenin', 'apigenin', 'apigenin', '5,7-dihydroxy-2-(4-hydroxyphenyl)-4H-chromen-4-one', '5,7-dihydroxy-2-(4-hydroxyphenyl)-4H-chromen-4-one', "7,5,4'-trihydroxyflavonone", 'Apigenin', 'apigenin', '5,7-dihydroxy-2-(4-hydroxyphenyl)-4H-chromen-4-one', 'Apigenin', 'Apigenin', '5,7-dihydroxy-2-(4-hydroxyphenyl)-4H-chromen-4-one', 'Apigenin', 'Apigenin', 'Apigenin', '5,7-dihydroxy-2-(4-hydroxyphenyl)-4H-chromen-4-one', 'apigenin', 'Apigenin', 'apigenin', 'Apigenin', "4',5,7-trihydroxyflavone", 'SID11110728', 'Apigenin', 'Apigenin', 'apigenin', 'Apigenin', 'Apigenin', 'Apigenin', 'SID50114379', 'Apigenin', 'Apigenin', 'Apigenin', 'Apigenin', 'Apigenin', '5,7-dihydroxy-2-(4-hydroxyphenyl)-4H-chromen-4-one', 'Apigenin', 'Apigenin', 'SID124879152', 'SID124879154', 'apigenin', '5,7-dihydroxy-2-(4-hydroxyphenyl)-4H-chromen-4-one', 'apigenin', '5,7-dihydroxy-2-(4-hydroxyphenyl)-4H-chromen-4-one', "4',5,7-Trihydroxyflavone", 'Apigenin', 'SID26747162', 'SID26752115', 'SID50104772', 'apigenin', 'Apigenin', '5,7-dihydroxy-2-(4-hydroxyphenyl)-4H-chromen-4-one', 'Apigenin', 'SID11113975', 'Apigenin', 'Apigenin', 'APIGENIN', 'SID121464', "5,7,4'-trihydroxyflavone; Apigenin", 'Apigenin', 'apigenin', 'apigenin', 'SID124879155', 'Apigenin', 'Apigenin', 'SID26747161', 'Apigenin', 'Apigenin', 'Apigenin', 'SID85230903', 'Apigenin', 'Apigenin', 'Apigenin', 'Apigenin', 'APIGENIN', 'apigenin', 'apigenin', 'apigenin', 'Apigenin', 'Apigenin', 'Apigenin', 'SID90341029', 'Apigenin', 'Apigenin', '5,7-dihydroxy-2-(4-hydroxyphenyl)-4H-chromen-4-one', 'apigenin', 'apigenin', 'Apigenin', 'Apigenin', 'Apigenin', 'Naringenin', 'Apigenin', 'apigenin', 'Apigenin', 'Apigenin', 'Apigenin', 'Apigenin', 'Apigenin', 'Apigenin', 'Apigenin', 'Apigenin', 'Apigenin', 'Apigenin', 'Apigenin', 'Apigenin', 'Apigenin', 'apigenin', 'Apigenin', 'Apigenin', '5,7-dihydroxy-2-(4-hydroxyphenyl)-4H-chromen-4-one', 'Apigenin', 'Apigenin', '5,7-dihydroxy-2-(4-hydroxyphenyl)-4H-chromen-4-one', 'Apigenin', 'Apigenin', 'Apigenin', 'Apigenin', 'Apigenin', 'Apigenin', 'Apigenin', 'Apigenin', 'Apigenin', 'Apigenin', '5,7-dihydroxy-2-(4-hydroxyphenyl)-4H-chromen-4-one::5,7-dihydroxy-2-(4-hydroxyphenyl)-chromen-4-one::Apigenin::Apigenin (2)::Apigenin (3)::Apigenin (7)::Apigenin, 13::CHEMBL28::Naringenin, 18::US10278929, Apigenin::US11337935, Compound Apigenin::acs.jmedchem.1c00409_ST.789::cid_5280443::jm5b01461, Compound 90', 'Apigenin', 'Apigenin', 'Apigenin', '5,7-dihydroxy-2-(4-hydroxyphenyl)-4H-chromen-4-one', '5,7-dihydroxy-2-(4-hydroxyphenyl)-4H-chromen-4-one::5,7-dihydroxy-2-(4-hydroxyphenyl)-chromen-4-one::Apigenin::Apigenin (2)::Apigenin (3)::Apigenin (7)::Apigenin, 13::CHEMBL28::Naringenin, 18::US10278929, Apigenin::US11337935, Compound Apigenin::acs.jmedchem.1c00409_ST.789::cid_5280443::jm5b01461, Compound 90']"
"CHEMBL137762";"";"";"Small molecule";"";"225.16";"3";"4";"1.10";"120.90";"5";"3";"0";"3";"N";"0.31";"1";"MOL";"-1";"16";"0.29";"C9H7NO6";"O=C(O)/C=C/c1ccc(O)c(O)c1[N+](=O)[O-]";"YVHYIRDQBLOLCJ-DUXPYHPUSA-N";"InChI=1S/C9H7NO6/c11-6-3-1-5(2-4-7(12)13)8(9(6)14)10(15)16/h1-4,11,14H,(H,12,13)/b4-2+";"False";"-1";"['6', 'III-38']";"['(E)-3-(3,4-Dihydroxy-2-nitro-phenyl)-acrylic acid', '(E)-3-(3,4-dihydroxy-2-nitrophenyl)acrylic acid']"
"CHEMBL379064";"ISORHAMNETIN";"";"Small molecule";"";"316.26";"68";"166";"2.29";"120.36";"7";"4";"0";"2";"N";"0.57";"3";"MOL";"-1";"23";"1.57";"C16H12O7";"COc1cc(-c2oc3cc(O)cc(O)c3c(=O)c2O)ccc1O";"IZQSVPBOUDKVDZ-UHFFFAOYSA-N";"InChI=1S/C16H12O7/c1-22-11-4-7(2-3-9(11)18)16-15(21)14(20)13-10(19)5-8(17)6-12(13)23-16/h2-6,17-19,21H,1H3";"False";"-1";"['6 (Isorhamnetin)', '7', '6', '6', '30', 'isorhamnetin', '27', '12', 'SID26756953', '7', '1', '7', 'Isorhamnetin', "2, isorhamnetin, 3'-O-methylquercetin", '9', '13', '8', '39, isorhamnetin', '50', 'isorhamnetin', '3', '18', 'Isorhamnetine', '53', 'isorhamnetin', 'D2', 'Isorhamnetin', '3', 'H5', '44', '15', '1c', 'Isorhamnetin', 'SID26756952', 'NP-31', '26', '3', '59', '5', '21', 'ISORHAMNETIN', 'ISORHAMNETIN', '1; Isorhamnetin', 'Isorhamnetol', '2', '6', '16', 'Isorhamnetin']";"['2-(3,4-Dihydroxy-phenyl)-3,5-dihydroxy-7-methoxy-chromen-4-one', 'Isorhamnetin', 'Isorhamnetin', 'isorhamnetin', 'isorhamnetin', 'isorhamnetin', '3,5,7-trihydroxy-2-(4-hydroxy-3-methoxyphenyl)-4H-chromen-4-one', 'isorhamnetin', 'SID26756953', 'Isorhamnetin', 'Isorhamnetin', 'isorhamnetin', 'Isorhamnetin', '3,5,7-Trihydroxy-2-(4-hydroxy-3-methoxyphenyl)-4H-chromen-4-one', 'Isorhamnetin', 'Isorhamnetin', "3,5,7,4'-tetrahydroxy-3'-methoxyflavone", "3'-O-methyl quercetin", 'Isorhamnetin', '3,5,7-trihydroxy-2-(4-hydroxy-3-methoxyphenyl)-4H-chromen-4-one', 'Isorhamnetin', 'isorhamnetin', 'Isorhamnetine', 'Isorhamnetin', 'isorhamnetin', '3,5,7-trihydroxy-2-(4-hydroxy-3-methoxyphenyl)-4H-chromen-4-one', 'Isorhamnetin', 'Isorhamnetin', '3,5,7-trihydroxy-2-(4-hydroxy-3-methoxyphenyl)-4H-chromen-4-one', 'Isorhamnetin', 'Isorhamnetin', "Isorhamnetin; 3'-O-Methylquercetin", 'Isorhamnetin', 'SID26756952', '3,5,7-trihydroxy-2-(4-hydroxy-3-methoxyphenyl)-4H-chromen-4-one', 'Isorhamnetin', 'isorhamnetin', 'Isorhamnetin', 'Isorhamnrtin', 'Isorhamnetin', 'ISORHAMNETIN', 'ISORHAMNETIN', "3'-methoxy-3,4',5,7-tetrahydroxyflavone", 'Isorhamnetol', 'Isorhamnetin', 'Isorhamnetin', 'isorhamnetin', 'Isorhamnetin']"
"CHEMBL538921";"SAPONARIN";"";"Small molecule";"";"626.52";"7";"28";"-3.07";"289.66";"17";"11";"3";"7";"N";"0.12";"3";"MOL";"-1";"44";"1.49";"C27H30O17";"O=c1cc(-c2ccc(O)cc2)oc2c(O[C@@H]3O[C@H](CO)[C@@H](O)[C@H](O)[C@H]3O)c(O)c(O[C@@H]3O[C@H](CO)[C@@H](O)[C@H](O)[C@H]3O)c(O)c12";"CSNXTSWTBUEIJB-PXJYGDGDSA-N";"InChI=1S/C27H30O17/c28-6-12-15(32)18(35)20(37)26(41-12)43-24-17(34)14-10(31)5-11(8-1-3-9(30)4-2-8)40-23(14)25(22(24)39)44-27-21(38)19(36)16(33)13(7-29)42-27/h1-5,12-13,15-16,18-21,26-30,32-39H,6-7H2/t12-,13-,15-,16-,18+,19+,20-,21-,26+,27+/m1/s1";"False";"-1";"['22', 'Saponarin', 'Saponarin']";"['saponarin', 'Saponarin', 'Saponarin']"
"CHEMBL468317";"";"";"Small molecule";"";"360.32";"5";"7";"1.82";"103.68";"8";"2";"0";"3";"N";"0.85";"2";"MOL";"-1";"26";"1.87";"C18H16O8";"COc1cc2c(c(OC)c1O)C(=O)[C@H](O)[C@H](c1ccc3c(c1)OCO3)O2";"GRUQVZRNLMPDGS-IRXDYDNUSA-N";"InChI=1S/C18H16O8/c1-22-12-6-11-13(18(23-2)14(12)19)15(20)16(21)17(26-11)8-3-4-9-10(5-8)25-7-24-9/h3-6,16-17,19,21H,7H2,1-2H3/t16-,17-/m0/s1";"False";"-1";"['(+/-)-3c']";"['(+/-)-cis-2,3-Dihydro-3,6-dihydroxy-5,7-dimethoxy-2-(1,3-benzodioxol-5-yl)-4H-1-benzopyran-4-one']"
"CHEMBL161957";"SANTIN";"";"Small molecule";"";"344.32";"34";"54";"2.90";"98.36";"7";"2";"0";"4";"N";"0.75";"3";"MOL";"-1";"25";"1.22";"C18H16O7";"COc1ccc(-c2oc3cc(O)c(OC)c(O)c3c(=O)c2OC)cc1";"DWZAJFZEYZIHPO-UHFFFAOYSA-N";"InChI=1S/C18H16O7/c1-22-10-6-4-9(5-7-10)16-18(24-3)15(21)13-12(25-16)8-11(19)17(23-2)14(13)20/h4-8,19-20H,1-3H3";"False";"-1";"['4', '50', '3', '1, santin', 'SID26657968', '1', '152', '2', 'FLA4', '8, santin', '16']";"['5,7-dihydroxy-3,6-dimethoxy-2-(4-methoxyphenyl)-4H-chromen-4-one', '5,7-Dihydroxy-3,6-dimethoxy-2-(4-methoxy-phenyl)-chromen-4-one', 'santin', "5,7-dihydroxy-3,6,4'-trimethoxyflavone", 'SID26657968', 'santin', '5,7-dihydroxy-3,6-dimethoxy-2-(4-methoxyphenyl)-4H-chromen-4-one', 'Santin', 'Santin', "5,7-dihydroxy-3,4',6-trimethoxyflavone", "3,6,4'-trimethoxy-5,7-dihydroxyflavone"]"
"CHEMBL471477";"";"";"Small molecule";"";"306.49";"3";"5";"5.10";"40.46";"2";"2";"1";"11";"N";"0.52";"0";"MOL";"-1";"22";"1.62";"C20H34O2";"C/C(=C\CC/C(C)=C/CC/C(C)=C/CC/C(C)=C/CO)CO";"CLOPQFCHWDTGFD-BMTMAWCHSA-N";"InChI=1S/C20H34O2/c1-17(10-6-12-19(3)14-15-21)8-5-9-18(2)11-7-13-20(4)16-22/h9-10,13-14,21-22H,5-8,11-12,15-16H2,1-4H3/b17-10+,18-9+,19-14+,20-13+";"False";"-1";"['1']";"['16-hydroxygeranylgeraniol']"
"CHEMBL470057";"BOLETININ F";"";"Small molecule";"";"404.55";"3";"5";"5.29";"83.83";"4";"2";"1";"14";"N";"0.23";"0";"MOL";"-1";"29";"1.40";"C24H36O5";"C/C(=C\CC/C(C)=C/CC/C(C)=C/CC/C(C)=C/COC(=O)/C=C/C(=O)O)CO";"UZHMDKVEUKIXIG-KCSPCAOWSA-N";"InChI=1S/C24H36O5/c1-19(8-5-9-20(2)11-7-13-22(4)18-25)10-6-12-21(3)16-17-29-24(28)15-14-23(26)27/h9-10,13-16,25H,5-8,11-12,17-18H2,1-4H3,(H,26,27)/b15-14+,19-10+,20-9+,21-16+,22-13+";"False";"-1";"['8']";"['Boletinin F']"
"CHEMBL470056";"BOLETININ E";"";"Small molecule";"";"404.55";"3";"5";"5.29";"83.83";"4";"2";"1";"14";"N";"0.23";"0";"MOL";"-1";"29";"1.29";"C24H36O5";"C/C(=C\CO)CC/C=C(\C)CC/C=C(\C)CC/C=C(\C)COC(=O)/C=C/C(=O)O";"AEHIZBVRKDBILT-KCSPCAOWSA-N";"InChI=1S/C24H36O5/c1-19(10-6-12-21(3)16-17-25)8-5-9-20(2)11-7-13-22(4)18-29-24(28)15-14-23(26)27/h9-10,13-16,25H,5-8,11-12,17-18H2,1-4H3,(H,26,27)/b15-14+,19-10+,20-9+,21-16+,22-13+";"False";"-1";"['7']";"['Boletinin E']"
"CHEMBL2420119";"";"";"Small molecule";"";"312.33";"2";"4";"1.72";"107.95";"8";"2";"0";"5";"N";"0.55";"3";"MOL";"-1";"23";"-1.79";"C15H16N6O2";"CCOC(=O)Cn1ncc2c(Nc3ccc(N)cc3)ncnc21";"GTNYKVQDWOZGTQ-UHFFFAOYSA-N";"InChI=1S/C15H16N6O2/c1-2-23-13(22)8-21-15-12(7-19-21)14(17-9-18-15)20-11-5-3-10(16)4-6-11/h3-7,9H,2,8,16H2,1H3,(H,17,18,20)";"False";"-1";"['4', '88']";"['Ethyl 2-(4-((4-aminophenyl)amino)-1H-pyrazolo[3,4-d]pyrimidin-1-yl)acetate', 'ethyl 2-(4-((4-aminophenyl)amino)-1H-pyrazolo[3,4-d]pyrimidin-1-yl)acetate']"
"CHEMBL4084626";"";"";"Small molecule";"";"232.25";"1";"2";"0.64";"91.73";"5";"2";"0";"3";"N";"0.69";"3";"MOL";"-1";"17";"-1.60";"C10H12N6O";"CCCCc1nc2c3cn[nH]c3[nH]c(=O)n2n1";"LZNHRANSMRKKKU-UHFFFAOYSA-N";"InChI=1S/C10H12N6O/c1-2-3-4-7-12-9-6-5-11-14-8(6)13-10(17)16(9)15-7/h5H,2-4H2,1H3,(H2,11,13,14,17)";"False";"-1";"['224']";"['2-butyl-6,7-dihydro-5H-pyrazolo[4,3-e][1,2,4]triazolo[1,5-c]pyrimidin-5-one']"
"CHEMBL3921756";"";"";"Small molecule";"";"367.49";"2";"2";"3.58";"44.81";"4";"1";"0";"6";"N";"0.85";"2";"MOL";"-1";"27";"-1.45";"C22H29N3O2";"COc1ccc(N2CCN(C(=O)CNc3ccc(C(C)C)cc3)CC2)cc1";"DVHHONQUMAGFHQ-UHFFFAOYSA-N";"InChI=1S/C22H29N3O2/c1-17(2)18-4-6-19(7-5-18)23-16-22(26)25-14-12-24(13-15-25)20-8-10-21(27-3)11-9-20/h4-11,17,23H,12-16H2,1-3H3";"False";"-1";"['BDBM244056']";"['US9428478, TG6-149']"
"CHEMBL470055";"BOLETININ D";"";"Small molecule";"";"322.49";"3";"6";"4.07";"60.69";"3";"3";"0";"12";"N";"0.47";"0";"MOL";"-1";"23";"2.33";"C20H34O3";"C=C(CO)C(O)CC/C(C)=C/CC/C(C)=C/CC/C(C)=C/CO";"VFIAQLHHYUJOJN-RCZDYDGJSA-N";"InChI=1S/C20H34O3/c1-16(8-6-10-18(3)13-14-21)7-5-9-17(2)11-12-20(23)19(4)15-22/h8-9,13,20-23H,4-7,10-12,14-15H2,1-3H3/b16-8+,17-9+,18-13+";"False";"-1";"['6']";"['Boletinin D']"
"CHEMBL3127137";"";"";"Small molecule";"";"352.32";"4";"6";"2.94";"104.79";"5";"2";"0";"4";"N";"0.88";"2";"MOL";"-1";"25";"-1.10";"C16H15F3N4O2";"CC(C)COc1ccc(-c2nc(N)[nH]c(=O)c2C#N)cc1C(F)(F)F";"GZDXGHPRJHFTAV-UHFFFAOYSA-N";"InChI=1S/C16H15F3N4O2/c1-8(2)7-25-12-4-3-9(5-11(12)16(17,18)19)13-10(6-20)14(24)23-15(21)22-13/h3-5,8H,7H2,1-2H3,(H3,21,22,23,24)";"False";"-1";"['37']";"['2-amino-4-(4-isobutoxy-3-(trifluoromethyl)phenyl)-6-oxo-1,6-dihydropyrimidine-5-carbonitrile']"
"CHEMBL3594385";"";"";"Small molecule";"";"328.28";"2";"2";"2.33";"117.20";"6";"3";"0";"4";"N";"0.67";"3";"MOL";"-1";"24";"0.87";"C17H12O7";"O=C(O)COc1cc(O)cc2oc(-c3ccc(O)cc3)cc(=O)c12";"VSRFMHNVKHQILW-UHFFFAOYSA-N";"InChI=1S/C17H12O7/c18-10-3-1-9(2-4-10)13-7-12(20)17-14(23-8-16(21)22)5-11(19)6-15(17)24-13/h1-7,18-19H,8H2,(H,21,22)";"False";"-1";"['11a']";"['2-(7-hydroxy-2-(4-hydroxyphenyl)-4-oxo-4H-chromen-5-yloxy)acetic acid']"
"CHEMBL4229108";"";"";"Small molecule";"";"310.31";"3";"3";"3.42";"73.92";"6";"0";"0";"4";"N";"0.42";"3";"MOL";"-1";"23";"-0.96";"C17H14N2O4";"COc1ccccc1C(=O)O/N=C(\C)c1nc2ccccc2o1";"GELNZECOIXMKEF-YBFXNURJSA-N";"InChI=1S/C17H14N2O4/c1-11(16-18-13-8-4-6-10-15(13)22-16)19-23-17(20)12-7-3-5-9-14(12)21-2/h3-10H,1-2H3/b19-11+";"False";"-1";"['7f']";"['(E)-1-(Benzo[d]oxazol-2-yl)ethanone O-(2-methoxybenzoyl)oxime']"
"CHEMBL4228911";"";"";"Small molecule";"";"316.74";"3";"3";"3.91";"67.85";"5";"1";"0";"4";"N";"0.45";"3";"MOL";"-1";"22";"-1.02";"C16H13ClN2O3";"COc1ccc(C/C(=N\O)c2nc3ccc(Cl)cc3o2)cc1";"VZWNCNFGOWGOEK-XMHGGMMESA-N";"InChI=1S/C16H13ClN2O3/c1-21-12-5-2-10(3-6-12)8-14(19-20)16-18-13-7-4-11(17)9-15(13)22-16/h2-7,9,20H,8H2,1H3/b19-14+";"False";"-1";"['5e']";"['(E)-1-(6-Chlorobenzo[d]oxazol-2-yl)-2-(4-methoxyphenyl)ethanone oxime']"
"CHEMBL5195020";"";"";"";"";"382.82";"2";"2";"3.30";"78.90";"6";"0";"0";"6";"N";"0.43";"2";"MOL";"-1";"25";"-0.34";"C17H15ClO6S";"COC(=O)/C=C/c1ccc(OS(=O)(=O)c2ccc(Cl)cc2)c(OC)c1";"NSHNBIMVOFLUCV-ONNFQVAWSA-N";"InChI=1S/C17H15ClO6S/c1-22-16-11-12(4-10-17(19)23-2)3-9-15(16)24-25(20,21)14-7-5-13(18)6-8-14/h3-11H,1-2H3/b10-4+";"False";"-1";"['F6']";"['methyl 3-(4-(((4-chlorophenyl)sulfonyl)oxy)-3-methoxyphenyl)acrylate']"
"CHEMBL4638945";"";"";"Unknown";"";"328.40";"1";"1";"2.57";"87.21";"4";"2";"0";"4";"N";"0.57";"3";"MOL";"-1";"23";"-1.44";"C16H16N4O2S";"C/C(=N\NS(=O)(=O)c1ccc(C)cc1)c1nc2ccccc2[nH]1";"KADFEOHUVCBOAR-XDHOZWIPSA-N";"InChI=1S/C16H16N4O2S/c1-11-7-9-13(10-8-11)23(21,22)20-19-12(2)16-17-14-5-3-4-6-15(14)18-16/h3-10,20H,1-2H3,(H,17,18)/b19-12+";"False";"-1";"['9m']";"['N-[1-(1H-benzimidazol-2-yl)ethylideneamino]-4-methyl-benzenesulfonamide']"
"CHEMBL2164432";"";"";"Small molecule";"";"247.21";"2";"2";"0.02";"115.05";"4";"4";"0";"2";"N";"0.60";"2";"MOL";"-1";"18";"-1.19";"C11H9N3O4";"O=C(Nc1ccccc1)c1c(O)[nH]c(=O)[nH]c1=O";"VKWYRWQIBQMDFJ-UHFFFAOYSA-N";"InChI=1S/C11H9N3O4/c15-8(12-6-4-2-1-3-5-6)7-9(16)13-11(18)14-10(7)17/h1-5H,(H,12,15)(H3,13,14,16,17,18)";"False";"-1";"['BDBM46100']";"['6-hydroxy-2,4-diketo-N-phenyl-1H-pyrimidine-5-carboxamide::6-hydroxy-2,4-dioxo-N-phenyl-1H-pyrimidine-5-carboxamide::6-oxidanyl-2,4-bis(oxidanylidene)-N-phenyl-1H-pyrimidine-5-carboxamide::UPDDI-00294852::US9428466, 2-oxo-desthiomerbarone::cid_100782']"
"CHEMBL6017302";"";"";"";"";"379.34";"1";"3";"None";"None";"None";"None";"None";"None";"None";"None";"None";"MOL";"-1";"None";"None";"C16H16N2O2SSe";"Cc1nc(-c2ccc(CSC(C)C)c(C#N)c2)[se]c1C(=O)O";"YIUDIESWKDDHDI-UHFFFAOYSA-N";"InChI=1S/C16H16N2O2SSe/c1-9(2)21-8-12-5-4-11(6-13(12)7-17)15-18-10(3)14(22-15)16(19)20/h4-6,9H,8H2,1-3H3,(H,19,20)";"False";"-1";"['BDBM352065']";"['US9802907, Compound 62']"
"CHEMBL5192986";"";"";"";"";"374.27";"1";"1";"4.04";"66.28";"6";"1";"0";"4";"N";"0.88";"2";"MOL";"-1";"22";"-1.41";"C13H9Cl2N3O2S2";"N=C1SCC(=O)N1c1ncc(OCc2ccc(Cl)cc2Cl)s1";"MHGRHPOOMZDTQG-UHFFFAOYSA-N";"InChI=1S/C13H9Cl2N3O2S2/c14-8-2-1-7(9(15)3-8)5-20-11-4-17-13(22-11)18-10(19)6-21-12(18)16/h1-4,16H,5-6H2";"False";"-1";"['XO-40']";"['3-(5-((2,4-dichlorobenzyl)oxy)thiazol-2-yl)-2-iminothiazolidin-4-one']"
"CHEMBL511791";"HYPERIELLIPTONE HB";"";"Small molecule";"";"460.61";"3";"3";"4.24";"111.90";"6";"3";"0";"5";"N";"0.32";"0";"MOL";"-1";"33";"2.70";"C27H40O6";"CCC(C)C(=O)C1=C(O)[C@@](C)(CC=C(C)C)C(=O)[C@@]2(C[C@H]3[C@H](CC[C@@]3(C)O)[C@](C)(O)C2)C1=O";"KSRRLFUYYFYAAH-YOSVQTMISA-N";"InChI=1S/C27H40O6/c1-8-16(4)20(28)19-21(29)24(5,11-9-15(2)3)23(31)27(22(19)30)13-18-17(26(7,33)14-27)10-12-25(18,6)32/h9,16-18,29,32-33H,8,10-14H2,1-7H3/t16?,17-,18-,24+,25+,26+,27+/m0/s1";"False";"-1";"['2']";"['Hyperielliptone HB']"
"CHEMBL1244";"3,4-DIHYDROXY-5-NITROBENZALDEHYDE ";"3,4-Dihydroxy-5-Nitrobenzaldehyde (Rat)";"Small molecule";"";"183.12";"4";"7";"0.82";"100.67";"5";"2";"0";"2";"N";"0.31";"1";"MOL";"-1";"13";"0.04";"C7H5NO5";"O=Cc1cc(O)c(O)c([N+](=O)[O-])c1";"BBFJODMCHICIAA-UHFFFAOYSA-N";"InChI=1S/C7H5NO5/c9-3-4-1-5(8(12)13)7(11)6(10)2-4/h1-3,10-11H";"False";"-1";"['5', '11', '86']";"['3,4-Dihydroxy-5-nitro-benzaldehyde', '3,4-Dihydroxy-5-nitro-benzaldehyde', '3,4-dihydroxy-5-nitrobenzaldehyde']"
"CHEMBL3973255";"";"";"Small molecule";"";"353.42";"2";"2";"2.36";"72.88";"5";"2";"0";"5";"N";"0.81";"2";"MOL";"-1";"26";"-1.26";"C20H23N3O3";"CC(=O)c1ccc(NCC(=O)N2CCN(c3ccc(O)cc3)CC2)cc1";"NIDLCQRMZVBBHW-UHFFFAOYSA-N";"InChI=1S/C20H23N3O3/c1-15(24)16-2-4-17(5-3-16)21-14-20(26)23-12-10-22(11-13-23)18-6-8-19(25)9-7-18/h2-9,21,25H,10-14H2,1H3";"False";"-1";"['BDBM244067']";"['US9428478, TG6-120-4']"
"CHEMBL5885206";"";"";"";"";"313.70";"2";"6";"4.03";"94.46";"4";"2";"0";"2";"N";"0.74";"3";"MOL";"-1";"22";"-0.30";"C16H8ClNO4";"N#Cc1cc(-c2ccc(C(=O)O)c(O)c2)c2cc(Cl)oc2c1";"POGUKUVJIHQIRT-UHFFFAOYSA-N";"InChI=1S/C16H8ClNO4/c17-15-6-12-11(3-8(7-18)4-14(12)22-15)9-1-2-10(16(20)21)13(19)5-9/h1-6,19H,(H,20,21)";"False";"-1";"['BDBM377700']";"['US10266496, Example 27']"
"CHEMBL2205493";"";"";"Small molecule";"";"203.20";"2";"2";"1.14";"92.26";"5";"3";"0";"1";"N";"0.65";"2";"MOL";"-1";"15";"-0.55";"C10H9N3O2";"Nc1nc(O)cc(-c2ccc(O)cc2)n1";"HIFUKDKBFTVKPP-UHFFFAOYSA-N";"InChI=1S/C10H9N3O2/c11-10-12-8(5-9(15)13-10)6-1-3-7(14)4-2-6/h1-5,14H,(H3,11,12,13,15)";"False";"-1";"['2', '816']";"['2-amino-6-(4-hydroxyphenyl)pyrimidin-4-ol', None]"
"CHEMBL82957";"";"";"Small molecule";"";"258.31";"1";"1";"2.45";"74.69";"5";"2";"0";"2";"N";"0.55";"3";"MOL";"-1";"18";"-1.15";"C12H10N4OS";"CSc1nc(O)c2[nH]c(-c3ccccc3)nc2n1";"DDMHUGDTQVMKPS-UHFFFAOYSA-N";"InChI=1S/C12H10N4OS/c1-18-12-15-10-8(11(17)16-12)13-9(14-10)7-5-3-2-4-6-7/h2-6H,1H3,(H2,13,14,15,16,17)";"False";"-1";"['3h']";"['2-Methylsulfanyl-8-phenyl-1,9-dihydro-purin-6-one']"
"CHEMBL3964327";"";"";"Small molecule";"";"393.44";"2";"2";"2.93";"74.87";"5";"1";"0";"4";"N";"0.69";"3";"MOL";"-1";"29";"-1.24";"C22H23N3O4";"COC(=O)c1ccc2[nH]c(C(=O)N3CCN(c4ccc(OC)cc4)CC3)cc2c1";"CRLFRTQFPTXFFZ-UHFFFAOYSA-N";"InChI=1S/C22H23N3O4/c1-28-18-6-4-17(5-7-18)24-9-11-25(12-10-24)21(26)20-14-16-13-15(22(27)29-2)3-8-19(16)23-20/h3-8,13-14,23H,9-12H2,1-2H3";"False";"-1";"['BDBM244081']";"['US9428478, TG6-222']"
"CHEMBL3739515";"";"";"Small molecule";"";"247.30";"2";"4";"0.64";"58.10";"4";"1";"0";"4";"N";"0.86";"2";"MOL";"-1";"18";"-1.27";"C13H17N3O2";"CN(C)CCCn1c(=O)[nH]c2ccccc2c1=O";"IIVJEIJFIWHRMN-UHFFFAOYSA-N";"InChI=1S/C13H17N3O2/c1-15(2)8-5-9-16-12(17)10-6-3-4-7-11(10)14-13(16)18/h3-4,6-7H,5,8-9H2,1-2H3,(H,14,18)";"False";"-1";"['1b']";"['3-(3-(dimethylamino)propyl)quinazoline-2,4(1H,3H)-dione']"
"CHEMBL3338304";"";"";"Small molecule";"";"746.54";"3";"3";"0.30";"280.82";"17";"9";"3";"9";"N";"0.13";"3";"MOL";"-1";"50";"1.94";"C31H32NaO18P";"COc1cc([C@H]2Oc3cc([C@H]4Oc5cc(O)cc(O)c5C(=O)[C@@H]4O)ccc3O[C@H]2COP(=O)([O-])OC2O[C@H](CO)[C@@H](O)[C@H](O)[C@@H]2O)ccc1O.[Na+]";"ZYTUSUULCXWZEI-VHKACGDUSA-M";"InChI=1S/C31H33O18P.Na/c1-43-18-6-12(2-4-15(18)34)29-22(11-44-50(41,42)49-31-28(40)26(38)24(36)21(10-32)48-31)45-17-5-3-13(7-19(17)46-29)30-27(39)25(37)23-16(35)8-14(33)9-20(23)47-30;/h2-9,21-22,24,26-36,38-40H,10-11H2,1H3,(H,41,42);/q;+1/p-1/t21-,22+,24-,26+,27+,28+,29-,30-,31?;/m1./s1";"False";"-1";"['7']";"["sodium Silibinin-9''-phosphoryl-D-mannopyranoside"]"
"CHEMBL4059975";"";"";"Small molecule";"";"316.41";"1";"2";"3.35";"98.82";"5";"3";"0";"11";"N";"0.26";"2";"MOL";"-1";"23";"-0.60";"C16H24N6O";"C=CCCCCCCCC/C=N/Nc1nc(=O)[nH]c2[nH]ncc12";"AWCYVUCBGYMROU-GZTJUZNOSA-N";"InChI=1S/C16H24N6O/c1-2-3-4-5-6-7-8-9-10-11-17-21-14-13-12-18-22-15(13)20-16(23)19-14/h2,11-12H,1,3-10H2,(H3,18,19,20,21,22,23)/b17-11+";"False";"-1";"['168']";"['4-(2-(undec-10-enylidene)hydrazinyl)-1H-pyrazolo[3,4-d]pyrimidin-6(7H)-one']"
"CHEMBL2205497";"";"";"Small molecule";"";"259.31";"1";"1";"2.61";"81.26";"5";"2";"0";"5";"N";"0.81";"2";"MOL";"-1";"19";"-0.88";"C14H17N3O2";"CCCCOc1ccc(-c2cc(O)nc(N)n2)cc1";"DYVWCASBNLWNLI-UHFFFAOYSA-N";"InChI=1S/C14H17N3O2/c1-2-3-8-19-11-6-4-10(5-7-11)12-9-13(18)17-14(15)16-12/h4-7,9H,2-3,8H2,1H3,(H3,15,16,17,18)";"False";"-1";"['6']";"['2-amino-6-(4-butoxyphenyl)pyrimidin-4-ol']"
"CHEMBL3746768";"";"";"Small molecule";"";"333.14";"3";"3";"1.83";"104.63";"4";"3";"0";"2";"N";"0.62";"3";"MOL";"-1";"20";"-0.51";"C13H9BrN4O2";"Nc1nc2c(C(=O)c3ccc(Br)cc3)c[nH]c2c(=O)[nH]1";"KRVJLNPIODCXEV-UHFFFAOYSA-N";"InChI=1S/C13H9BrN4O2/c14-7-3-1-6(2-4-7)11(19)8-5-16-10-9(8)17-13(15)18-12(10)20/h1-5,16H,(H3,15,17,18,20)";"False";"-1";"['LSPN443']";"['2-Amino-3H,5H-7-(4-bromobenzoyl)pyrrolo[3,2-d]pyrimidin-4-one']"
"CHEMBL4171843";"";"";"Small molecule";"";"443.48";"11";"12";"4.05";"89.95";"5";"2";"0";"5";"N";"0.35";"3";"MOL";"-1";"32";"-0.99";"C24H17N3O4S";"O=C(O)c1ccccc1NC=C1C(=O)N(c2ccccc2)C(=S)N(c2ccccc2)C1=O";"HCEKPAXQEBIPGP-UHFFFAOYSA-N";"InChI=1S/C24H17N3O4S/c28-21-19(15-25-20-14-8-7-13-18(20)23(30)31)22(29)27(17-11-5-2-6-12-17)24(32)26(21)16-9-3-1-4-10-16/h1-15,25H,(H,30,31)";"False";"-1";"['7g']";"['2-[[(4,6-Dioxo-1,3-diphenyl-2-thioxotetrahydropyrimidin-5(2H)-ylidene)methyl]amino]benzoic acid']"
"CHEMBL150372";"3-HYDROXYCOUMARIN";"";"Small molecule";"";"162.14";"30";"74";"1.50";"50.44";"3";"1";"0";"0";"Y";"0.60";"2";"MOL";"-1";"12";"0.50";"C9H6O3";"O=c1oc2ccccc2cc1O";"MJKVTPMWOKAVMS-UHFFFAOYSA-N";"InChI=1S/C9H6O3/c10-7-5-6-3-1-2-4-8(6)12-9(7)11/h1-5,10H";"False";"-1";"['5, SEP064', '9', '1', '7', '10', '2', '11', 'SID26749547', '2', '13', '3-HYDROXYCOUMARIN', '1', '8', '8', '1', '3-HYDROXYCOUMARIN', '27', '3-HYDROXYCOUMARIN', '4', '8', '42']";"['3-hydroxy-2H-chromen-2-one', '3-hydroxy-2H-chromen-2-one', '3-hydroxy-2H-chromen-2-one', '3-hydroxy-2H-chromen-2-one', '3-Hydroxycoumarin', '3-Hydroxycoumarin', '3-Hydroxy-chromen-2-one', 'SID26749547', '3-Hydroxycoumarin', '3-hydroxy-2H-chromen-2-one', '3-HYDROXYCOUMARIN', '3-hydroxy-2H-chromen-2-one', '3-hydroxy-2H-chromen-2-one', '3-Hydroxy-2H-chromen-2-one', '3-hydroxycoumarin', '3-HYDROXYCOUMARIN', '3-Hydroxycoumarin', '3-HYDROXYCOUMARIN', '3-Hydroxycoumarin', '3-hydroxycoumarin', '3-hydroxy-2H-chromen-2-one']"
"CHEMBL1668326";"";"";"Small molecule";"";"294.30";"12";"15";"2.28";"85.22";"6";"2";"0";"3";"N";"0.66";"1";"MOL";"-1";"21";"2.40";"C15H18O6";"CCC[C@H]1C[C@H]2OC(=O)c3c(cc(OC)c(O)c3O)[C@H]2O1";"XFTQOARYRNZEFJ-LTRYTXMFSA-N";"InChI=1S/C15H18O6/c1-3-4-7-5-10-14(20-7)8-6-9(19-2)12(16)13(17)11(8)15(18)21-10/h6-7,10,14,16-17H,3-5H2,1-2H3/t7-,10+,14+/m0/s1";"False";"-1";"['2', '18']";"['(2S,3aR,9bR)-6,7-dihydroxy-8-methoxy-2-propyl-3,3a-dihydro-2H-furo[3,2-c]isochromen-5(9bH)-one', '7-O-demethylmonocerin']"
"CHEMBL3594374";"";"";"Small molecule";"";"356.33";"2";"2";"3.11";"117.20";"6";"3";"0";"6";"N";"0.58";"3";"MOL";"-1";"26";"0.83";"C19H16O7";"O=C(O)CCCOc1cc(O)c2c(=O)cc(-c3ccc(O)cc3)oc2c1";"ZTEQTLVQORDSQN-UHFFFAOYSA-N";"InChI=1S/C19H16O7/c20-12-5-3-11(4-6-12)16-10-15(22)19-14(21)8-13(9-17(19)26-16)25-7-1-2-18(23)24/h3-6,8-10,20-21H,1-2,7H2,(H,23,24)";"False";"-1";"['3b']";"['4-(5-hydroxy-2-(4-hydroxyphenyl)-4-oxo-4H-chromen-7-yloxy)butanoic acid']"
"CHEMBL1782878";"";"";"Small molecule";"";"600.53";"6";"6";"2.25";"176.26";"14";"0";"2";"8";"N";"0.24";"2";"MOL";"-1";"43";"1.27";"C29H28O14";"COc1c(OC(=O)c2ccccc2)cc2c(c1OC(C)=O)[C@@H]1O[C@H](COC(C)=O)[C@@H](OC(C)=O)[C@H](OC(C)=O)[C@H]1OC2=O";"PKZGJHYAMSDWHS-WCBOWUMYSA-N";"InChI=1S/C29H28O14/c1-13(30)37-12-20-23(38-14(2)31)26(40-16(4)33)27-25(41-20)21-18(29(35)43-27)11-19(22(36-5)24(21)39-15(3)32)42-28(34)17-9-7-6-8-10-17/h6-11,20,23,25-27H,12H2,1-5H3/t20-,23-,25+,26+,27+/m1/s1";"False";"-1";"['5']";"['Bergenin-3,4,10,11-tetraacetate-8-benzoate']"
"CHEMBL3594376";"";"";"Small molecule";"";"384.38";"2";"2";"3.90";"117.20";"6";"3";"0";"8";"N";"0.50";"3";"MOL";"-1";"28";"0.89";"C21H20O7";"O=C(O)CCCCCOc1cc(O)c2c(=O)cc(-c3ccc(O)cc3)oc2c1";"IHBCIHXQMCQWSD-UHFFFAOYSA-N";"InChI=1S/C21H20O7/c22-14-7-5-13(6-8-14)18-12-17(24)21-16(23)10-15(11-19(21)28-18)27-9-3-1-2-4-20(25)26/h5-8,10-12,22-23H,1-4,9H2,(H,25,26)";"False";"-1";"['3d']";"['6-(5-hydroxy-2-(4-hydroxyphenyl)-4-oxo-4H-chromen-7-yloxy)hexanoic acid']"
"CHEMBL4159474";"";"";"Small molecule";"";"338.39";"11";"12";"2.56";"57.69";"4";"0";"0";"3";"N";"0.64";"2";"MOL";"-1";"24";"-0.57";"C18H14N2O3S";"CC(=O)C1C(=O)N(c2ccccc2)C(=S)N(c2ccccc2)C1=O";"VTMGJOGFMSRGLW-UHFFFAOYSA-N";"InChI=1S/C18H14N2O3S/c1-12(21)15-16(22)19(13-8-4-2-5-9-13)18(24)20(17(15)23)14-10-6-3-7-11-14/h2-11,15H,1H3";"False";"-1";"['5a']";"['5-Acetyl-1,3-diphenyl-2-thioxodihydropyrimidine-4,6(1H,5H)-dione']"
"CHEMBL1782877";"";"";"Small molecule";"";"594.57";"6";"6";"2.51";"176.26";"14";"0";"2";"11";"N";"0.16";"1";"MOL";"-1";"42";"1.43";"C28H34O14";"CCCCCC(=O)Oc1cc2c(c(OC(C)=O)c1OC)[C@@H]1O[C@H](COC(C)=O)[C@@H](OC(C)=O)[C@H](OC(C)=O)[C@H]1OC2=O";"BNNUDAQCOVGGAZ-WVNYXTNMSA-N";"InChI=1S/C28H34O14/c1-7-8-9-10-20(33)40-18-11-17-21(24(22(18)35-6)38-15(4)31)25-27(42-28(17)34)26(39-16(5)32)23(37-14(3)30)19(41-25)12-36-13(2)29/h11,19,23,25-27H,7-10,12H2,1-6H3/t19-,23-,25+,26+,27+/m1/s1";"False";"-1";"['4']";"['Bergenin-3,4,10,11-tetraacetate-8-hexanoate']"
"CHEMBL3740924";"";"";"Small molecule";"";"425.39";"2";"4";"3.48";"85.35";"6";"2";"0";"4";"N";"0.63";"3";"MOL";"-1";"29";"-1.21";"C18H14F3N3O4S";"COc1cc2[nH]c(=S)n(NC(=O)c3ccc(C(F)(F)F)cc3)c(=O)c2cc1OC";"VXTXTZQJDBGGJC-UHFFFAOYSA-N";"InChI=1S/C18H14F3N3O4S/c1-27-13-7-11-12(8-14(13)28-2)22-17(29)24(16(11)26)23-15(25)9-3-5-10(6-4-9)18(19,20)21/h3-8H,1-2H3,(H,22,29)(H,23,25)";"False";"-1";"['2g']";"['N-(6,7-dimethoxy-4-oxo-2-thioxo-1,2-dihydroquinazolin-3(4H)-yl)-4-(trifluoromethyl)benzamide']"
"CHEMBL94460";"";"";"Small molecule";"";"444.52";"2";"4";"5.24";"116.45";"7";"4";"1";"10";"N";"0.22";"2";"MOL";"-1";"32";"1.49";"C25H32O7";"CCCCCCCCCC(=O)O[C@@H]1Cc2ccc(O)c(O)c2O[C@H]1c1ccc(O)c(O)c1";"BNPQKXRSBXDAKD-QPPBQGQZSA-N";"InChI=1S/C25H32O7/c1-2-3-4-5-6-7-8-9-22(29)31-21-15-17-11-13-19(27)23(30)25(17)32-24(21)16-10-12-18(26)20(28)14-16/h10-14,21,24,26-28,30H,2-9,15H2,1H3/t21-,24+/m1/s1";"False";"-1";"['4d']";"['Decanoic acid (2S,3R)-2-(3,4-dihydroxy-phenyl)-7,8-dihydroxy-chroman-3-yl ester']"
"CHEMBL4171160";"";"";"Small molecule";"";"430.27";"1";"1";"3.91";"72.31";"5";"2";"0";"5";"N";"0.43";"2";"MOL";"-1";"22";"-0.85";"C15H15IN2O3S";"CCC(C)Oc1ccc(-c2cc(C(=O)O)nc(S)n2)cc1I";"ZBHVGFDZOLWPQG-UHFFFAOYSA-N";"InChI=1S/C15H15IN2O3S/c1-3-8(2)21-13-5-4-9(6-10(13)16)11-7-12(14(19)20)18-15(22)17-11/h4-8H,3H2,1-2H3,(H,19,20)(H,17,18,22)";"False";"-1";"['8e']";"['6-(4-sec-butoxy-3-iodophenyl)-2-mercaptopyrimidine-4-carboxylic acid']"
"CHEMBL3740039";"";"";"Small molecule";"";"315.33";"2";"4";"2.58";"66.89";"4";"2";"0";"2";"N";"0.71";"3";"MOL";"-1";"22";"-1.70";"C15H10FN3O2S";"O=C(Nn1c(=S)[nH]c2ccc(F)cc2c1=O)c1ccccc1";"LTHUNZQDPXDSJR-UHFFFAOYSA-N";"InChI=1S/C15H10FN3O2S/c16-10-6-7-12-11(8-10)14(21)19(15(22)17-12)18-13(20)9-4-2-1-3-5-9/h1-8H,(H,17,22)(H,18,20)";"False";"-1";"['2d']";"['N-(6-fluoro-4-oxo-2-thioxo-1,2-dihydroquinazolin-3(4H)-yl)benzamide']"
"CHEMBL4103522";"";"";"Small molecule";"";"190.17";"1";"2";"-0.40";"91.73";"5";"2";"0";"0";"N";"0.50";"3";"MOL";"-1";"14";"-1.93";"C7H6N6O";"Cc1nc2c3cn[nH]c3[nH]c(=O)n2n1";"JJVHAAUAEVMEAK-UHFFFAOYSA-N";"InChI=1S/C7H6N6O/c1-3-9-6-4-2-8-11-5(4)10-7(14)13(6)12-3/h2H,1H3,(H2,8,10,11,14)";"False";"-1";"['222']";"['2-methyl-6,7-dihydro-5H-pyrazolo[4,3-e][1,2,4]triazolo[1,5-c]pyrimidin-5-one']"
"CHEMBL94510";"";"";"Small molecule";"";"360.36";"2";"4";"2.90";"116.45";"7";"4";"0";"4";"N";"0.49";"2";"MOL";"-1";"26";"1.75";"C19H20O7";"CCCC(=O)O[C@@H]1Cc2ccc(O)c(O)c2O[C@H]1c1ccc(O)c(O)c1";"KJMLYVTVQBZATK-QAPCUYQASA-N";"InChI=1S/C19H20O7/c1-2-3-16(23)25-15-9-11-5-7-13(21)17(24)19(11)26-18(15)10-4-6-12(20)14(22)8-10/h4-8,15,18,20-22,24H,2-3,9H2,1H3/t15-,18+/m1/s1";"False";"-1";"['4b']";"['Butyric acid (2S,3R)-2-(3,4-dihydroxy-phenyl)-7,8-dihydroxy-chroman-3-yl ester']"
"CHEMBL1409565";"";"";"Small molecule";"";"289.40";"9";"12";"2.54";"41.03";"4";"1";"0";"3";"N";"0.88";"2";"MOL";"-1";"20";"-1.53";"C15H19N3OS";"O=c1c2ccccc2[nH]c(=S)n1CCN1CCCCC1";"IMZTYDPFGJUJEO-UHFFFAOYSA-N";"InChI=1S/C15H19N3OS/c19-14-12-6-2-3-7-13(12)16-15(20)18(14)11-10-17-8-4-1-5-9-17/h2-3,6-7H,1,4-5,8-11H2,(H,16,20)";"False";"-1";"['SID49826042', '22', '1n']";"['SID49826042', '4-Oxo-3-(2-(piperidin-1-yl)ethyl)-2-thioxo-1,2,3,4-tetrahydroquinazoline', '3-(2-(piperidin-1-yl)ethyl)-2-thioxo-2,3-dihydroquinazolin-4(1H)-one']"
"CHEMBL2088505";"";"";"Small molecule";"";"339.28";"2";"5";"-0.55";"129.22";"7";"4";"0";"3";"N";"0.59";"2";"MOL";"-1";"24";"0.52";"C15H14FNO7";"O=C(O)c1cn([C@@H]2O[C@H](CO)[C@@H](O)[C@H]2O)c2ccc(F)cc2c1=O";"CRQVKTQVHXTFKL-FMKGYKFTSA-N";"InChI=1S/C15H14FNO7/c16-6-1-2-9-7(3-6)11(19)8(15(22)23)4-17(9)14-13(21)12(20)10(5-18)24-14/h1-4,10,12-14,18,20-21H,5H2,(H,22,23)/t10-,12-,13-,14-/m1/s1";"False";"-1";"['2']";"['1-((2R,3R,4S,5R)-3,4-dihydroxy-5-(hydroxymethyl)tetrahydrofuran-2-yl)-6-fluoro-4-oxo-1,4-dihydroquinoline-3-carboxylic acid']"
"CHEMBL3248016";"";"";"Small molecule";"";"205.22";"3";"6";"-1.09";"110.33";"6";"2";"0";"0";"N";"0.56";"1";"MOL";"-1";"12";"-1.41";"C3H3N5O2S2";"NC1=NS(=O)(=O)Nc2nsnc21";"SPVLIGSHQOTNIT-UHFFFAOYSA-N";"InChI=1S/C3H3N5O2S2/c4-2-1-3(6-11-5-1)8-12(9,10)7-2/h(H2,4,7)(H,6,8)";"False";"-1";"['8']";"['7-Amino-4H-[1,2,5]thiadiazolo[3,4-c][1,2,6]thiadiazine-5,5-Dioxide']"
"CHEMBL5190308";"";"";"";"";"296.35";"1";"2";"3.41";"64.68";"4";"1";"0";"3";"N";"0.88";"2";"MOL";"-1";"21";"-1.03";"C16H12N2O2S";"NC1=NC(=O)/C(=C\c2ccc(Oc3ccccc3)cc2)S1";"XQQJUMHWNSXXKJ-GXDHUFHOSA-N";"InChI=1S/C16H12N2O2S/c17-16-18-15(19)14(21-16)10-11-6-8-13(9-7-11)20-12-4-2-1-3-5-12/h1-10H,(H2,17,18,19)/b14-10+";"False";"-1";"['XO-33']";"['(E)-2-amino-5-(4-phenoxybenzylidene)thiazol-4(5H)-one']"
"CHEMBL4649664";"";"";"Unknown";"";"281.34";"1";"1";"1.88";"84.56";"5";"1";"0";"5";"N";"0.67";"2";"MOL";"-1";"19";"-1.41";"C12H15N3O3S";"CCCS(=O)(=O)N/N=C(\C)c1nc2ccccc2o1";"KXKBPVJUGRRSDR-NTEUORMPSA-N";"InChI=1S/C12H15N3O3S/c1-3-8-19(16,17)15-14-9(2)12-13-10-6-4-5-7-11(10)18-12/h4-7,15H,3,8H2,1-2H3/b14-9+";"False";"-1";"['9j']";"['N-[1-(1,3-benzoxazol-2-yl)ethylideneamino]propane-1-sulfonamide']"
"CHEMBL5169718";"";"";"";"";"403.50";"2";"2";"4.16";"81.70";"5";"1";"0";"9";"N";"0.50";"2";"MOL";"-1";"28";"-0.78";"C21H25NO5S";"CCCCS(=O)(=O)Oc1ccc(/C=C/C(=O)Nc2ccccc2C)cc1OC";"YEYFCPPBOYEGCZ-ACCUITESSA-N";"InChI=1S/C21H25NO5S/c1-4-5-14-28(24,25)27-19-12-10-17(15-20(19)26-3)11-13-21(23)22-18-9-7-6-8-16(18)2/h6-13,15H,4-5,14H2,1-3H3,(H,22,23)/b13-11+";"False";"-1";"['F14']";"['2-methoxy-4-(3-oxo-3-(o-tolylamino)prop-1-en-1-yl)phenyl butane-1-sulfonate']"
"CHEMBL315561";"";"";"Small molecule";"";"244.28";"1";"1";"1.97";"74.69";"5";"3";"0";"1";"N";"0.45";"1";"MOL";"-1";"17";"-0.82";"C11H8N4OS";"Oc1[nH]c(S)nc2nc(-c3ccccc3)nc1-2";"SPKQQINEKCOXTJ-UHFFFAOYSA-N";"InChI=1S/C11H8N4OS/c16-10-7-9(14-11(17)15-10)13-8(12-7)6-4-2-1-3-5-6/h1-5H,(H3,12,13,14,15,16,17)";"False";"-1";"['3g']";"['2-Mercapto-8-phenyl-1,9-dihydro-purin-6-one']"
"CHEMBL4167381";"";"";"Small molecule";"";"198.18";"11";"12";"-0.76";"74.76";"4";"0";"0";"1";"N";"0.52";"0";"MOL";"-1";"14";"-0.24";"C8H10N2O4";"CC(=O)C1C(=O)N(C)C(=O)N(C)C1=O";"OWMWKCXXKFMEPC-UHFFFAOYSA-N";"InChI=1S/C8H10N2O4/c1-4(11)5-6(12)9(2)8(14)10(3)7(5)13/h5H,1-3H3";"False";"-1";"['5b']";"['5-Acetyl-1,3-dimethylpyrimidine-2,4,6(1H,3H,5H)-trione']"
"CHEMBL83826";"";"";"Small molecule";"";"213.31";"2";"3";"2.05";"72.03";"5";"2";"0";"5";"N";"0.44";"1";"MOL";"-1";"14";"-1.20";"C9H15N3OS";"CCCCCSc1nc(N)cc(O)n1";"ZTGOICKKTYHRSD-UHFFFAOYSA-N";"InChI=1S/C9H15N3OS/c1-2-3-4-5-14-9-11-7(10)6-8(13)12-9/h6H,2-5H2,1H3,(H3,10,11,12,13)";"False";"-1";"['4f', '2b']";"['6-Amino-2-pentylsulfanyl-3H-pyrimidin-4-one', '6-Amino-2-pentylsulfanyl-3H-pyrimidin-4-one']"
"CHEMBL447812";"STEREQUINONE A";"";"Small molecule";"";"274.32";"2";"2";"3.73";"34.14";"2";"0";"0";"0";"N";"0.63";"2";"MOL";"-1";"21";"1.23";"C19H14O2";"CC1=CCc2c1cc1c(c2C)C(=O)c2ccccc2C1=O";"LPEWMUGQLRGDCB-UHFFFAOYSA-N";"InChI=1S/C19H14O2/c1-10-7-8-12-11(2)17-16(9-15(10)12)18(20)13-5-3-4-6-14(13)19(17)21/h3-7,9H,8H2,1-2H3";"False";"-1";"['sterequinone A']";"['sterequinone A']"
"CHEMBL1605196";"";"";"Small molecule";"";"347.42";"19";"21";"4.03";"95.34";"7";"3";"0";"4";"N";"0.62";"3";"MOL";"-1";"23";"-1.65";"C15H13N3O3S2";"Cc1nc(C)c(-c2csc(Nc3ccc(O)c(C(=O)O)c3)n2)s1";"VXUMRZLQTNIODP-UHFFFAOYSA-N";"InChI=1S/C15H13N3O3S2/c1-7-13(23-8(2)16-7)11-6-22-15(18-11)17-9-3-4-12(19)10(5-9)14(20)21/h3-6,19H,1-2H3,(H,17,18)(H,20,21)";"False";"-1";"['SID49645352', 'Cpd B']";"['SID49645352', "5-((2',4'-dimethyl-[4,5'-bithiazol]-2-yl)amino)-2-hydroxybenzoic acid"]"
"CHEMBL538608";"MAKALUVAMINE P";"";"Small molecule";"";"371.87";"3";"3";"1.63";"57.27";"4";"2";"0";"4";"N";"0.83";"2";"MOL";"-1";"25";"1.51";"C20H22ClN3O2";"Cn1cc2c3c1C(=O)C(NCCc1ccc(O)cc1)=CC3=[N+](C)CC2.[Cl-]";"JCZPTMPNHIHUAP-UHFFFAOYSA-N";"InChI=1S/C20H21N3O2.ClH/c1-22-10-8-14-12-23(2)19-18(14)17(22)11-16(20(19)25)21-9-7-13-3-5-15(24)6-4-13;/h3-6,11-12,24H,7-10H2,1-2H3;1H";"False";"-1";"['1']";"['Makaluvamine P']"
"CHEMBL351132";"DIMEDAZOL";"";"Small molecule";"";"146.19";"15";"23";"2.18";"28.68";"1";"1";"0";"0";"Y";"0.61";"2";"MOL";"-1";"11";"-1.22";"C9H10N2";"Cc1cc2nc[nH]c2cc1C";"LJUQGASMPRMWIW-UHFFFAOYSA-N";"InChI=1S/C9H10N2/c1-6-3-8-9(4-7(6)2)11-5-10-8/h3-5H,1-2H3,(H,10,11)";"False";"-1";"['49', '8', '1b', 'Dimedazol', '13', '2b', '5,6-Dimethyl-benzimidazole']";"['5,6-Dimethyl-1H-benzoimidazole', '5,6-Dimethyl-1H-benzoimidazole', '5,6-dimethyl-1H-benzo[d]imidazole', 'Dimedazol', '5,6-dimethylbenzimidazole', '5,6-dimethyl-1H-benzo[d]imidazole', '5,6-Dimethyl-benzimidazole']"
"CHEMBL5598394";"";"";"";"";"279.25";"3";"15";"3.38";"94.46";"4";"2";"0";"2";"N";"0.75";"3";"MOL";"-1";"21";"0.06";"C16H9NO4";"N#Cc1cc(-c2ccc(C(=O)O)c(O)c2)c2occc2c1";"JGLRTHVIDGSNOQ-UHFFFAOYSA-N";"InChI=1S/C16H9NO4/c17-8-9-5-11-3-4-21-15(11)13(6-9)10-1-2-12(16(19)20)14(18)7-10/h1-7,18H,(H,19,20)";"False";"-1";"['17', 'BDBM377689']";"['4-(5-cyanobenzofuran-7-yl)-2-hydroxy-benzoic acid', 'US10266496, Example 1']"
"CHEMBL2316146";"";"";"Small molecule";"";"413.31";"7";"18";"5.69";"35.53";"3";"0";"1";"4";"N";"0.60";"2";"MOL";"-1";"26";"-0.35";"C22H21BrO3";"COc1cc(/C=C2\CCC/C(=C\c3ccc(Br)cc3)C2=O)cc(OC)c1";"VALHLOXXMQSXQS-ODPUSEOTSA-N";"InChI=1S/C22H21BrO3/c1-25-20-12-16(13-21(14-20)26-2)11-18-5-3-4-17(22(18)24)10-15-6-8-19(23)9-7-15/h6-14H,3-5H2,1-2H3/b17-10+,18-11+";"False";"-1";"['BDBM50424969', '4d', 'I7']";"['CHEMBL2316146::US9409845, Table 1, Compound 7: (2E,6E)-2-(3,5-dimethoxybenzylidene)-6-(4-bromobenzylidene)cyclohexanone', '(2E,6E)-2-(4-Bromobenzylidene)-6-(3,5-dimethoxybenzylidene)cyclohexanone', '(2E,6E)-2-(4-Bromobenzylidene)-6-(3,5-dimethoxybenzylidene)cyclohexanone']"
"CHEMBL3127145";"";"";"Small molecule";"";"265.29";"1";"1";"0.81";"91.92";"4";"2";"0";"3";"N";"0.86";"2";"MOL";"-1";"18";"-1.36";"C11H11N3O3S";"CS(=O)(=O)Nc1nc(-c2ccccc2)cc(=O)[nH]1";"GEYSSFDPGICPJU-UHFFFAOYSA-N";"InChI=1S/C11H11N3O3S/c1-18(16,17)14-11-12-9(7-10(15)13-11)8-5-3-2-4-6-8/h2-7H,1H3,(H2,12,13,14,15)";"False";"-1";"['10']";"['N-(6-oxo-4-phenyl-1,6-dihydropyrimidin-2-yl)methanesulfonamide']"
"CHEMBL3127130";"";"";"Small molecule";"";"309.33";"5";"11";"1.80";"128.58";"6";"2";"0";"4";"N";"0.89";"2";"MOL";"-1";"23";"-1.10";"C16H15N5O2";"CC(C)COc1ccc(-c2nc(N)[nH]c(=O)c2C#N)cc1C#N";"JCEKKTBKLGCDMM-UHFFFAOYSA-N";"InChI=1S/C16H15N5O2/c1-9(2)8-23-13-4-3-10(5-11(13)6-17)14-12(7-18)15(22)21-16(19)20-14/h3-5,9H,8H2,1-2H3,(H3,19,20,21,22)";"False";"-1";"['30']";"['2-amino-4-(3-cyano-4-isobutoxyphenyl)-6-oxo-1,6-dihydropyrimidine-5-carbonitrile']"
"CHEMBL3127129";"";"";"Small molecule";"";"287.32";"3";"3";"1.43";"90.23";"5";"2";"0";"4";"N";"0.89";"2";"MOL";"-1";"21";"-0.60";"C15H17N3O3";"Nc1nc(-c2ccc(OCC3CCOC3)cc2)cc(=O)[nH]1";"PMDFCZVDZHEPFE-UHFFFAOYSA-N";"InChI=1S/C15H17N3O3/c16-15-17-13(7-14(19)18-15)11-1-3-12(4-2-11)21-9-10-5-6-20-8-10/h1-4,7,10H,5-6,8-9H2,(H3,16,17,18,19)";"False";"-1";"['29']";"['2-amino-6-(4-((tetrahydrofuran-3-yl)methoxy)phenyl)pyrimidin-4(3H)-one']"
"CHEMBL388594";"2-AMINOPURINE";"";"Small molecule";"";"135.13";"12";"14";"-0.11";"80.48";"4";"2";"0";"0";"N";"0.53";"0";"MOL";"-1";"10";"-0.37";"C5H5N5";"Nc1nc2ncnc-2c[nH]1";"MWBWWFOAEOYUST-UHFFFAOYSA-N";"InChI=1S/C5H5N5/c6-5-7-1-3-4(10-5)9-2-8-3/h1-2H,(H3,6,7,8,9,10)";"False";"-1";"['24', 'SID56320693', '8', '2-aminopurine', 'Fragment 3', 'SID26756744', '21', '7', 'R4']";"['9H-Purin-2-ylamine', 'SID56320693', '2-Aminopurine', '2-aminopurine', '9H-purin-2-amine', 'SID26756744', '9H-purin-2-amine', '2-aminopurine', '2-Aminopurine']"
"CHEMBL164";"MYRICETIN";"";"Small molecule";"";"318.24";"291";"864";"1.69";"151.59";"8";"6";"1";"1";"N";"0.37";"3";"MOL";"-1";"23";"1.70";"C15H10O8";"O=c1c(O)c(-c2cc(O)c(O)c(O)c2)oc2cc(O)cc(O)c12";"IKMDFBPHZNJCSN-UHFFFAOYSA-N";"InChI=1S/C15H10O8/c16-6-3-7(17)11-10(4-6)23-15(14(22)13(11)21)5-1-8(18)12(20)9(19)2-5/h1-4,16-20,22H";"False";"-1";"['Myricetin', '37', 'Myricetin', '8', '1', '2', '18', '7', '20', 'Myricetin', '147', 'Myricetin', '24', '37', '5d', 'Myricetin', '4', 'SID90341245', '11', '3, Myricetin', '5', 'SID124880777', 'Myricetin', 'myricetin', '18', '2', 'SID50124232', '16', '7', '18 (Myricetin)', 'Myricetin', 'Myricetin', '3', 'myricetin', 'myricetin', 'Myricetin', 'Myricetin', '23', 'Myricetin', 'Myricetin', '203', 'Myricetin', 'Myricetine', '1', 'Myricetin', 'MYRICETIN', 'Myricetin (Cannabiscetin)', 'Myricetin', '1f', 'SID11111489', 'Myricetin', '13', 'SID11111487', '14', 'Table 1, 3', 'Myricetin', '11', 'Myricetin', '43', '4', '13', '13', 'Myricetin', '28', 'Myricetin', 'SID50106562', '4', '13', 'Myricetin', '9, myricetin', 'Myricetin', '36', 'FLA6', 'Myricetin', '22', '4', '51', 'myricetin', 'myricetin', '4', 'myricetin', '1', 'myricetin', 'Myricetin', 'SID26753603', 'SID26753604', 'myricetin', '20, myricetine', '30', 'myricetin', '111', 'Mycetrin', 'Myricetin', '11', '10', 'myricetin', '8', 'NSC-407290', '5', '9', 'myricetin', 'Myricetin', 'myricetin', '16', '12', 'Myricetin', '9', 'myricetin', '57', 'Myricetin', '21', 'S2', 'SID124880771', 'SID124880776', '10', '57', '53', 'SID56463598', '6', '8', 'SID85231140', 'SID50106561', '18', 'NCGC00094083-01', 'Myricetin', '29, myricetin', 'SID11111488', '5', '7', 'SID477075', 'kp22', 'Myricetin', '6', '1', 'Myricetin', 'Myricetin', '1', 'MYRICETIN', 'SID124880773', 'SID124880778', 'Myricetin', 'D10', '4', '206b', '4', '23', '10', '8', 'COVC-0677941127', '16', 'Myricetin', 'Myricetin', '98', 'Myricetin', '19', 'MYRICETIN (CANNABISCETIN)', 'Myricetin', 'Myricetin', 'Myricetin', '2', 'Myricetin', '64', '48', 'Myricetin', '3c', 'Cpd M', '27', 'Myricetin', '38', '7', 'Myricetin', '100', '44', 'Myricetin', 'Myricetin (Cannabiscetin)', '2', 'Myricetin', '73', 'Myricetin (Cannabiscetin)', '31a', '51', '22', 'Myricetin', 'Myricetin', 'EOS100814', '29', 'Myricetin', '20c', 'EOS100814', '66', '11', 'Myricetin', '2', '50', 'Myricetin', 'Myricetin', '87', '67']";"['Myricetin', '3,5,7-trihydroxy-2-(3,4,5-trihydroxyphenyl)-4H-chromen-4-one', 'Myricetin', 'Myricetin', 'Myricetin', 'Myricetin', 'Myricetin', 'Myricetin', "Myricetin; 3',4',5,5',7-pentahydroxyflavonol", '3,5,7-Trihydroxy-2-(3,4,5-trihydroxy-phenyl)-chromen-4-one', 'Myricetin', 'Myricetin', 'Myricetin', '3,5,7-Trihydroxy-2-(3,4,5-trihydroxy-phenyl)-chromen-4-one', '3,5,7-Trihydroxy-2-(3,4,5-trihydroxy-phenyl)-chromen-4-one', 'Myricetin', '3,5,7-Trihydroxy-2-(3,4,5-trihydroxy-phenyl)-chromen-4-one', 'SID90341245', "3,5,7,3',4',5'-hexahydroxyflavone", "3,3',4',5,5',7-hexahydroxy flavone", 'Myricetin', 'SID124880777', 'Myricetin', 'myricetin', 'myricetin', 'Myricetin', 'SID50124232', 'myricetin', 'Myricetin', '3,5,7-Trihydroxy-2-(3,4,5-trihydroxy-phenyl)-chromen-4-one', "3,3',4',5,5',7-Hexahydroxyflavone", 'Myricetin', 'Myrcetin', 'myricetin', '3,5,7-trihydroxy-2-(3,4,5-trihydroxyphenyl)-4H-chromen-4-one', 'Myricetin', 'Myricetin', 'myricetin', 'Myricetin', '5,7-dihydroxy-2-(3,4,5-trihydroxyphenyl)-4H-chromen-4-one', 'Myricetin', "3,5,7,3',4',5'-hexahydroxyflavone", 'Myricetine', '3,5,7-trihydroxy-2-(3,4,5-trihydroxyphenyl)-4H-chromen-4-one', 'Myricetin', 'MYRICETIN', 'Myricetin (Cannabiscetin)', 'Myricetin', 'Myricetin', 'SID11111489', 'Myricetin', 'Myricetin', 'SID11111487', '3,5,7-trihydroxy-2-(3,4,5-trihydroxyphenyl)-4H-chromen-4-one', 'Myricetin', 'Myricetin', 'myricetin', 'Myricetin', 'Myricetin', 'Myricetin', 'Myricetin', 'myricetin', 'Myricetin', '3,5,7-trihydroxy-2-(3,4,5-trihydroxyphenyl)-4H-chromen-4-one', 'Myricetin', 'SID50106562', 'Myricetin', 'Myricetin', 'Myricetin', '3,5,7-trihydroxy-2-(3,4,5-trihydroxyphenyl)-4H-chromen-4-one', 'Myricetin', 'myricetin', 'Myricetin', 'Myricetin', '3,5,7-trihydroxy-2-(3,4,5-trihydroxyphenyl)-4H-chromen-4-one', 'Myricetin', 'Myricetin', 'myricetin', 'myricetin', 'myricetin', '3,5,7-Trihydroxy-2-(3,4,5-trihydroxy-phenyl)-chromen-4-one', 'Myricetin', 'myricetin', 'Myricetin', 'SID26753603', 'SID26753604', '3,5,7-trihydroxy-2-(3,4,5-trihydroxyphenyl)-4H-chromen-4-one', '3,5,7-trihydroxy-2-(3,4,5-trihydroxyphenyl)-4H-chromen-4-one', 'myricetin', 'myricetin', 'Myricetin', 'Mycetrin(Myricetin)', '3,5,7-trihydroxy-2-(3,4,5-trihydroxyphenyl)-4H-chromen-4-one', '3,5,7-trihydroxy-2-(3,4,5-trihydroxyphenyl)-4H-chromen-4-one', 'myricetin', 'myricetin', 'Myricetin', '3,5,7-trihydroxy-2-(3,4,5-trihydroxyphenyl)-4H-chromen-4-one', 'myricetin', 'myricetin', 'myricetin', 'Myricetin', 'myricetin', 'Myricetin', 'Myricetin', 'Myricetin', 'Myricetin', 'Myricetin', 'Myricetin', 'Myricetin', 'Myricetin', 'Myricetin', 'SID124880771', 'SID124880776', 'Myricetin', 'Myricetin', 'myricetin', 'SID56463598', 'myricetin', 'Myricetin', 'SID85231140', 'SID50106561', 'Myricetin', 'Myricetin', 'Myricetin', "3,5,7,3',4',5'-Hexahydroxyflavone", 'SID11111488', '3,5,7-trihydroxy-2-(3,4,5-trihydroxyphenyl)-4H-chromen-4-one', 'myricetin', 'SID477075', 'Myricetin', 'Myricetin', 'Myricetin', 'Myricetin', 'Myricetin', 'Myricetin', 'Myricetin', 'MYRICETIN', 'SID124880773', 'SID124880778', 'Myricetin', 'Myricetin', 'Myricetin', 'Myricetin', 'Myricetin', 'Myricetin', 'Myricetin', 'myricetin', 'MYRICETIN', 'Myricetin', 'Myricetin', 'Myricetin', 'Myricetin', 'Myricetin', 'Myricetin', 'MYRICETIN (CANNABISCETIN)', 'Myricetin', 'Myricetin', 'Myricetin', 'Myricetin', 'Myricetin', 'Myricetin', 'Myricetin', 'Myricetin', 'Myricetin', 'Myricetin', 'Myricetin', 'Myricetin', "Myricetin; 3,3',4',5,5',7-Hexahydroxyflavone", 'Myricetin', 'Myricetin', 'Myricetin', 'Myricetin', 'Myricetin', 'Myricetin (Cannabiscetin)', 'Myricetin', 'Myricetin', 'Myricetin', 'Myricetin (Cannabiscetin)', '3,5,7-trihydroxy-2-(3,4,5-trihydroxyphenyl)-4H-chromen-4-one', 'Myricetin', 'Myricetin', 'Myricetin', 'Myricetin', 'MYRICETIN', 'Myricetin', "3,3',4',5,5',7-hexahydroxyflavone", 'Myricetin', 'MYRICETIN', 'Myricetin', 'Myricetin', 'Myricetin', 'Myricetin', 'Myricetin', 'Myricetin', 'Myricetin', 'Myricetin', 'Myricetin']"
"CHEMBL137555";"";"";"Small molecule";"";"225.16";"5";"9";"1.10";"120.90";"5";"3";"0";"3";"N";"0.31";"1";"MOL";"-1";"16";"0.21";"C9H7NO6";"O=C(O)/C=C/c1cc(O)c(O)c([N+](=O)[O-])c1";"WIGNVYQMAXKHTQ-OWOJBTEDSA-N";"InChI=1S/C9H7NO6/c11-7-4-5(1-2-8(12)13)3-6(9(7)14)10(15)16/h1-4,11,14H,(H,12,13)/b2-1+";"False";"-1";"['7', 'III-25', '18', '8']";"['(E)-3-(3,4-Dihydroxy-5-nitro-phenyl)-acrylic acid', '(E)-3-(3,4-dihydroxy-5-nitrophenyl)acrylic acid', '3-(3,4-Dihydroxy-5-nitrophenyl)acrylic acid', '(E)-3-(3,4-Dihydroxy-5-nitrophenyl)acrylic Acid']"
"CHEMBL465769";"STEREQUINONE H";"";"Small molecule";"";"294.35";"2";"2";"3.08";"54.37";"3";"1";"0";"3";"N";"0.81";"2";"MOL";"-1";"22";"1.02";"C19H18O3";"Cc1c(CCC(C)O)ccc2c1C(=O)c1ccccc1C2=O";"IFOVHKGWNIARGG-UHFFFAOYSA-N";"InChI=1S/C19H18O3/c1-11(20)7-8-13-9-10-16-17(12(13)2)19(22)15-6-4-3-5-14(15)18(16)21/h3-6,9-11,20H,7-8H2,1-2H3";"False";"-1";"['3']";"['sterequinone H']"
"CHEMBL419512";"";"";"Small molecule";"";"500.63";"2";"4";"6.80";"116.45";"7";"4";"2";"14";"N";"0.13";"2";"MOL";"-1";"36";"1.32";"C29H40O7";"CCCCCCCCCCCCCC(=O)O[C@@H]1Cc2ccc(O)c(O)c2O[C@H]1c1ccc(O)c(O)c1";"OMOLPMGUQYYINZ-NAKRPHOHSA-N";"InChI=1S/C29H40O7/c1-2-3-4-5-6-7-8-9-10-11-12-13-26(33)35-25-19-21-15-17-23(31)27(34)29(21)36-28(25)20-14-16-22(30)24(32)18-20/h14-18,25,28,30-32,34H,2-13,19H2,1H3/t25-,28+/m1/s1";"False";"-1";"['4e']";"['Tetradecanoic acid (2S,3R)-2-(3,4-dihydroxy-phenyl)-7,8-dihydroxy-chroman-3-yl ester']"
"CHEMBL301856";"";"";"Small molecule";"";"221.65";"8";"15";"2.08";"72.03";"4";"2";"0";"1";"N";"0.77";"2";"MOL";"-1";"15";"-0.67";"C10H8ClN3O";"Nc1nc(O)c(Cl)c(-c2ccccc2)n1";"VOSRRSSOXKZTFS-UHFFFAOYSA-N";"InChI=1S/C10H8ClN3O/c11-7-8(6-4-2-1-3-5-6)13-10(12)14-9(7)15/h1-5H,(H3,12,13,14,15)";"False";"-1";"['1', '13', '3', '5313']";"['2-Amino-5-chloro-6-phenyl-3H-pyrimidin-4-one', '2-amino-5-chloro-6-phenylpyrimidin-4(3H)-one', '2-Amino-5-chloro-6-phenyl-3H-pyrimidin-4-one', None]"
"CHEMBL28626";"MORIN";"";"Small molecule";"";"302.24";"186";"345";"1.99";"131.36";"7";"5";"0";"1";"N";"0.46";"3";"MOL";"-1";"22";"1.60";"C15H10O7";"O=c1c(O)c(-c2ccc(O)cc2O)oc2cc(O)cc(O)c12";"YXOLAZRVSSWPPT-UHFFFAOYSA-N";"InChI=1S/C15H10O7/c16-6-1-2-8(9(18)3-6)15-14(21)13(20)12-10(19)4-7(17)5-11(12)22-15/h1-5,16-19,21H";"False";"-1";"['5a', 'Morine', '8', '13', '14', 'G36', 'SID50104017', 'morin', '13', 'Morin', 'Morin', 'SID90341521', 'Morin', '8', 'SID124880702', 'SID124880709', 'NSC-19801', 'SID82595', '2', '10', 'morin', 'Morin', '5', '51', '17', '33', '8', 'SID11111456', 'SID50104016', '10', 'MORIN', 'Morin hydrate (Aurantica)', 'Morin', '9', 'Morin', 'SID26746965', 'morin', 'morin', '21', 'Morin', '7, Morin', '15', '23', 'Morin', 'morin', 'Fig 1, R3C2', '17', 'morin', 'morin', '24, morin', '15', 'SID124880704', '1', '25', 'SID855692', 'Morin', '17', 'SID85231133', 'Morin', '30', 'Morin', '38', '10', 'Morin', 'Morin', 'Morin', '146', 'Morin', 'Morin', '26', '19', '50', 'COVC-0678030621', 'Morin', '16', '7', 'D11', 'Morin', '66c', 'MORIN HYDRATE (AURANTICA)', 'Morin hydrate (Aurantica)', '3', '57', '20a', 'Morin', '76', 'Morin hydrate (Aurantica)', 'Morin', 'Morin', 'Morin', '17']";"['2-(2,4-Dihydroxy-phenyl)-3,5,7-trihydroxy-chromen-4-one', '2-(2,4-Dihydroxy-phenyl)-3,5,7-trihydroxy-chromen-4-one', 'Morin', 'Morin', 'Morin', '2-(2,4-Dihydroxy-phenyl)-3,5,7-trihydroxy-chromen-4-one', 'SID50104017', '2-(2,4-Dihydroxy-phenyl)-3,5,7-trihydroxy-chromen-4-one', '2-(2,4-Dihydroxy-phenyl)-3,5,7-trihydroxy-chromen-4-one', 'Morin', 'Morin', 'SID90341521', 'Morin', 'Morin', 'SID124880702', 'SID124880709', '2-(2,4-dihydroxyphenyl)-3,5,7-trihydroxy-4H-chromen-4-one', 'SID82595', 'Morin', 'Morin', '2-(2,4-dihydroxyphenyl)-3,5,7-trihydroxy-4H-chromen-4-one', 'Morin', 'Morin', 'Morin', '2-(2,4-dihydroxyphenyl)-3,5,7-trihydroxy-4H-chromen-4-one', 'Morin', 'morin', 'SID11111456', 'SID50104016', "3,5,7,2',4'-Pentahydroxyflavone", 'MORIN', 'Morin hydrate (Aurantica)', 'Morin', 'Morin', 'Morin', 'SID26746965', 'morin', "3,5,7,2',4'-pentahydroxyflavone", '2-(2,4-dihydroxyphenyl)-3,5,7-trihydroxy-4H-chromen-4-one', "3,5,7,2',4'-pentahydroxyflavone", "2',3,4',5,7-pentahydroxy flavone", 'morin', '2-(2,4-dihydroxyphenyl)-3,5,7-trihydroxy-4H-chromen-4-one', 'Morin', 'morin', '2-(2,4-dihydroxyphenyl)-3,5,7-trihydroxy-4H-chromen-4-one', 'morin', 'morin', 'morin', "3,5,7,2',4'-Pentahydroxyflavone", 'Morin', 'SID124880704', 'Morin', 'morin', 'SID855692', 'Morin', 'Morin', 'SID85231133', 'Morin', 'Morin', 'Morin', '2-(2,4-dihydroxyphenyl)-3,5,7-trihydroxy-4H-chromen-4-one', '2-(2,4-dihydroxyphenyl)-3,5,7-trihydroxy-4H-chromen-4-one', 'Morin', 'Morin', 'Morin', 'Morin', 'Morin', 'Morin', 'Morin hydrate', 'Morin', 'Morin', 'MORIN', 'Morin', '2-(2,4-Dihydroxyphenyl)-3,5,7-trihydroxy-4H-chromen-4-one', 'morin', 'Morin', "3,5,7,2',4'-pentahydroxyflavone", '2-(2,4-dihydroxyphenyl)-3,5,7-trihydroxy-4H-chromen-4-one', 'MORIN HYDRATE (AURANTICA)', 'Morin hydrate (Aurantica)', 'Morin', '2-(2,4-dihydroxyphenyl)-3,5,7-trihydroxy-4H-chromen-4-one', 'Morin', 'Morin', 'Morin', 'Morin hydrate (Aurantica)', 'Morin', 'Morin', 'Morin', 'Morin']"
"CHEMBL5411812";"";"";"";"";"300.70";"1";"1";"2.89";"91.76";"4";"2";"0";"3";"N";"0.78";"3";"MOL";"-1";"21";"-1.44";"C14H9ClN4O2";"O=C(O)c1ccc(-c2ccc(-c3nnn[nH]3)cc2)cc1Cl";"GQLSXDIMUUCALG-UHFFFAOYSA-N";"InChI=1S/C14H9ClN4O2/c15-12-7-10(5-6-11(12)14(20)21)8-1-3-9(4-2-8)13-16-18-19-17-13/h1-7H,(H,20,21)(H,16,17,18,19)";"False";"-1";"['IIk']";"["3-chloro-4'-(1H-tetrazol-5-yl)-[1,1'-biphenyl]-4-carboxylic acid"]"
"CHEMBL280998";"CATECHOL";"";"Small molecule";"";"110.11";"213";"1020";"1.10";"40.46";"2";"2";"0";"0";"Y";"0.49";"1";"MOL";"-1";"8";"0.52";"C6H6O2";"Oc1ccccc1O";"YCIMNLLNPGFGHC-UHFFFAOYSA-N";"InChI=1S/C6H6O2/c7-5-3-1-2-4-6(5)8/h1-4,7-8H";"False";"-1";"['2; Catechol', '21', 'Catechol', '5', '36', 'table 2, 30', 'SID50105556', '5', '6', 'CATECHOL', '22', '2', 'SID17389988', 'SID144209515', 'SID144210473', 'Pyrocatechol', 'Catechol', 'SID90341698', 'Catechol 20 micrograms per milliliter', 'Pyrocatechol', '18', 'SID57264281', '11', 'Catechol 3300 micrograms per milliliter', 'CATECHOL', '18', '2', 'Catechol', 'Catechol', '11', '1', 'catechol', 'catechol', '2', 'Catechol', '2', 'Pyrocatechol, Catechol', '32', 'NCGC00091262-02', 'Catechol', 'Figure5, R1C6', '102', 'SID85230987', 'SID11111004', '3a', '2', '1', 'Catechol', '8g', '9', 'Cat', 'Catechol 0 micrograms per milliliter', 'Catechol 100 micrograms per milliliter', '41', 'Catechol', 'Catechol', 'Catechol', 'ay']";"['1,2-dihydroxybenzene', 'pyrocatechol', 'Catechol', 'Benzene-1,2-diol', 'Benzene-1,2-diol', 'pyrocatechol', 'SID50105556', 'pyrocatechol', 'O-Catechol', 'CATECHOL', 'Catechol', 'pyrocatechol', 'SID17389988', 'SID144209515', 'SID144210473', 'Pyrocatechol', 'Catechol', 'SID90341698', 'Catechol', 'Pyrocatechol', 'catechol', 'SID57264281', 'Catechol', 'Catechol', 'Catechol', 'Catechol', 'Catechol', 'Catechol', 'Benzene-1,2-diol', 'Pyrocatechol', 'Benzene-1,2-diol', 'catechol', 'catechol', 'pyrocatechol', 'ortho-dihydricphenol', 'pyrocatechol', 'Pyrocatechol', 'Pyrocatechol', 'Pyrocatechol', 'Catechol', 'pyrocatechol', 'pyrocatechol', 'SID85230987', 'SID11111004', 'pyrocatechol', 'Pyrocatechol', 'Pyrocatechol', 'Catechol', 'pyrocatechol', 'Catechol', 'Catechol', 'Catechol', 'Catechol', 'Catechol', 'Catechol', 'Catechol', 'Catechol', 'pyrocatechol']"
"CHEMBL1087938";"DIHYDROMELILOTOSIDE";"";"Small molecule";"";"328.32";"4";"9";"-1.12";"136.68";"7";"5";"0";"6";"N";"0.44";"1";"MOL";"-1";"23";"1.47";"C15H20O8";"O=C(O)CCc1ccccc1O[C@@H]1O[C@H](CO)[C@@H](O)[C@H](O)[C@H]1O";"FXEOLMWSBWXMSF-TVKJYDDYSA-N";"InChI=1S/C15H20O8/c16-7-10-12(19)13(20)14(21)15(23-10)22-9-4-2-1-3-8(9)5-6-11(17)18/h1-4,10,12-16,19-21H,5-7H2,(H,17,18)/t10-,12-,13+,14-,15-/m1/s1";"False";"-1";"['8', '6', '11']";"['Dihydromelilotoside', 'Dihydromelilotoside', 'dihydromelilotoside']"
"CHEMBL3127114";"";"";"Small molecule";"";"346.77";"4";"6";"1.96";"114.02";"6";"2";"0";"4";"N";"0.87";"2";"MOL";"-1";"24";"-0.78";"C16H15ClN4O3";"N#Cc1cc(-c2nc(N)[nH]c(=O)c2Cl)ccc1OCC1CCOC1";"GCYNRWVFAFUJBO-UHFFFAOYSA-N";"InChI=1S/C16H15ClN4O3/c17-13-14(20-16(19)21-15(13)22)10-1-2-12(11(5-10)6-18)24-8-9-3-4-23-7-9/h1-2,5,9H,3-4,7-8H2,(H3,19,20,21,22)";"False";"-1";"['38']";"['5-(2-amino-5-chloro-6-oxo-1,6-dihydropyrimidin-4-yl)-2-((tetrahydrofuran-3-yl)methoxy)benzonitrile']"
"CHEMBL3247913";"";"";"Small molecule";"";"295.22";"1";"1";"2.12";"89.85";"6";"2";"0";"1";"N";"0.72";"3";"MOL";"-1";"21";"-1.50";"C12H8F3N5O";"Nc1nc(O)c2ncn(-c3cccc(C(F)(F)F)c3)c2n1";"GWXXYBIRNASSTK-UHFFFAOYSA-N";"InChI=1S/C12H8F3N5O/c13-12(14,15)6-2-1-3-7(4-6)20-5-17-8-9(20)18-11(16)19-10(8)21/h1-5H,(H3,16,18,19,21)";"False";"-1";"['Table VIII R9C1']";"['2-amino-9-(3-(trifluoromethyl)phenyl)-9H-purin-6-ol']"
"CHEMBL86311";"";"";"Small molecule";"";"224.26";"61";"62";"1.03";"100.87";"3";"3";"0";"6";"N";"0.63";"1";"MOL";"-1";"16";"-0.80";"C10H16N4O2";"CCCCCC(=O)Nc1[nH]cnc1C(N)=O";"KLMGEAKXVLBKAY-UHFFFAOYSA-N";"InChI=1S/C10H16N4O2/c1-2-3-4-5-7(15)14-10-8(9(11)16)12-6-13-10/h6H,2-5H2,1H3,(H2,11,16)(H,12,13)(H,14,15)";"False";"-1";"['1a', 'SID516225']";"['5-Hexanoylamino-1H-imidazole-4-carboxylic acid amide', 'SID516225']"
"CHEMBL5403815";"";"";"";"";"396.41";"1";"1";"4.91";"90.06";"6";"1";"0";"4";"N";"0.30";"4";"MOL";"-1";"30";"-0.92";"C23H16N4O3";"O=Cc1ccc(C2Nc3ccccc3-c3cc(-c4ccccc4)nn32)c([N+](=O)[O-])c1";"BGYIDPKZXMZRFF-UHFFFAOYSA-N";"InChI=1S/C23H16N4O3/c28-14-15-10-11-18(22(12-15)27(29)30)23-24-19-9-5-4-8-17(19)21-13-20(25-26(21)23)16-6-2-1-3-7-16/h1-14,23-24H";"False";"-1";"['7']";"['3-nitro-4-(2-phenyl-5,6-dihydropyrazolo[1,5-c]quinazolin-5-yl)benzaldehyde']"
"CHEMBL5918303";"";"";"";"";"457.34";"1";"3";"None";"None";"None";"None";"None";"None";"None";"None";"None";"MOL";"-1";"None";"None";"C21H18N2O5Se";"COc1cc(-c2ccc(-c3nc(C)c(C(=O)O)[se]3)cc2C#N)cc(OC)c1OC";"IKUQIZJDOLOTMP-UHFFFAOYSA-N";"InChI=1S/C21H18N2O5Se/c1-11-19(21(24)25)29-20(23-11)12-5-6-15(14(7-12)10-22)13-8-16(26-2)18(28-4)17(9-13)27-3/h5-9H,1-4H3,(H,24,25)";"False";"-1";"['BDBM352038']";"['US9802907, Compound 17']"
"CHEMBL5860383";"";"";"";"";"330.33";"2";"9";"1.18";"139.55";"6";"5";"0";"3";"N";"0.46";"3";"MOL";"-1";"23";"-1.58";"C13H10N6O3S";"O=C(Nc1ccc(-c2cnn[nH]2)cc1)c1c(O)[nH]c(=S)[nH]c1=O";"HLSXOLJIERXFJC-UHFFFAOYSA-N";"InChI=1S/C13H10N6O3S/c20-10(9-11(21)16-13(23)17-12(9)22)15-7-3-1-6(2-4-7)8-5-14-19-18-8/h1-5H,(H,15,20)(H,14,18,19)(H3,16,17,21,22,23)";"False";"-1";"['BDBM289116']";"['N-(4-(1H-1,2,3-triazol-5-yl)phenyl)-6-hydroxy-4-oxo-2-thioxo-1,2,3,4-tetrahydropyrimidine-5-carboxamide::US10093658, Compound Formula (IIf)']"
"CHEMBL6000099";"";"";"";"";"331.24";"2";"9";"-0.64";"173.94";"7";"5";"0";"3";"N";"0.42";"3";"MOL";"-1";"24";"-1.43";"C13H9N5O6";"O=C(Nc1ccc(-c2noc(=O)[nH]2)cc1)c1c(O)[nH]c(=O)[nH]c1=O";"OHLSWAFRGAWGMF-UHFFFAOYSA-N";"InChI=1S/C13H9N5O6/c19-9(7-10(20)16-12(22)17-11(7)21)14-6-3-1-5(2-4-6)8-15-13(23)24-18-8/h1-4H,(H,14,19)(H,15,18,23)(H3,16,17,20,21,22)";"False";"-1";"['BDBM289119']";"['6-hydroxy-2,4-dioxo-N-(4-(5-oxo-4,5-dihydro-1,2,4-oxadiazol-3-yl)phenyl)-1,2,3,4-tetrahydropyrimidine-5-carboxamide::US10093658, Compound Formula (If)']"
"CHEMBL3247909";"";"";"Small molecule";"";"257.25";"2";"2";"1.11";"99.08";"7";"2";"0";"2";"N";"0.71";"3";"MOL";"-1";"19";"-0.91";"C12H11N5O2";"COc1ccc(-n2cnc3c(O)nc(N)nc32)cc1";"ANYNDUXDUCQNBL-UHFFFAOYSA-N";"InChI=1S/C12H11N5O2/c1-19-8-4-2-7(3-5-8)17-6-14-9-10(17)15-12(13)16-11(9)18/h2-6H,1H3,(H3,13,15,16,18)";"False";"-1";"['Table VIII R4C1']";"['2-amino-9-(4-methoxyphenyl)-9H-purin-6-ol']"
"CHEMBL3747762";"";"";"Small molecule";"";"357.58";"3";"3";"3.02";"104.63";"4";"3";"0";"2";"N";"0.61";"3";"MOL";"-1";"22";"-0.47";"C13H7Cl3N4O2";"Nc1nc2c(C(=O)c3c(Cl)cc(Cl)cc3Cl)c[nH]c2c(=O)[nH]1";"MRFRPLADLVTBQC-UHFFFAOYSA-N";"InChI=1S/C13H7Cl3N4O2/c14-4-1-6(15)8(7(16)2-4)11(21)5-3-18-10-9(5)19-13(17)20-12(10)22/h1-3,18H,(H3,17,19,20,22)";"False";"-1";"['LSPN450']";"['2-Amino-3H,5H-7-(2,4,6-trichloro)pyrrolo[3,2-d]pyrimidin-4-one']"
"CHEMBL517144";"OLIVIL";"";"Small molecule";"";"376.41";"2";"2";"1.77";"108.61";"7";"4";"0";"6";"N";"0.61";"2";"MOL";"-1";"27";"1.33";"C20H24O7";"COc1cc(C[C@]2(O)CO[C@@H](c3ccc(O)c(OC)c3)[C@@H]2CO)ccc1O";"BVHIKUCXNBQDEM-GKCIPKSASA-N";"InChI=1S/C20H24O7/c1-25-17-7-12(3-5-15(17)22)9-20(24)11-27-19(14(20)10-21)13-4-6-16(23)18(8-13)26-2/h3-8,14,19,21-24H,9-11H2,1-2H3/t14-,19-,20-/m0/s1";"False";"-1";"['27']";"['olivil']"
"CHEMBL487810";"AXILLARIN";"";"Small molecule";"";"346.29";"5";"6";"2.30";"129.59";"8";"4";"0";"3";"N";"0.53";"3";"MOL";"-1";"25";"1.57";"C17H14O8";"COc1c(O)cc2oc(-c3ccc(O)c(O)c3)c(OC)c(=O)c2c1O";"KIGVXRGRNLQNNI-UHFFFAOYSA-N";"InChI=1S/C17H14O8/c1-23-16-10(20)6-11-12(13(16)21)14(22)17(24-2)15(25-11)7-3-4-8(18)9(19)5-7/h3-6,18-21H,1-2H3";"False";"-1";"['1', '10', '5', '4']";"['2-(3,4-dihydroxyphenyl)-5,7-dihydroxy-3,6-dimethoxy-4H-chromen-4-one', 'axillarin', 'Axillarin', 'axillarin']"
"CHEMBL1416796";"";"";"Small molecule";"";"222.24";"4";"5";"1.75";"55.45";"3";"1";"0";"1";"Y";"0.74";"1";"MOL";"-1";"15";"-1.91";"C10H7FN2OS";"NC1=NC(=O)/C(=C/c2cccc(F)c2)S1";"LVXWMVHIKQNFFL-YVMONPNESA-N";"InChI=1S/C10H7FN2OS/c11-7-3-1-2-6(4-7)5-8-9(14)13-10(12)15-8/h1-5H,(H2,12,13,14)/b8-5-";"False";"-1";"['SID49665418', 'XO-22']";"['SID49665418', '(Z)-2-amino-5-(3-fluorobenzylidene)thiazol-4(5H)-one']"
"CHEMBL84772";"";"";"Small molecule";"";"192.22";"1";"1";"1.40";"74.69";"4";"2";"0";"3";"N";"0.77";"2";"MOL";"-1";"14";"-1.45";"C9H12N4O";"CCCCc1nc(O)c2c[nH]nc2n1";"ZLIATIQTXWLKGR-UHFFFAOYSA-N";"InChI=1S/C9H12N4O/c1-2-3-4-7-11-8-6(5-10-13-8)9(14)12-7/h5H,2-4H2,1H3,(H2,10,11,12,13,14)";"False";"-1";"['8c']";"['6-Butyl-1,5-dihydro-pyrazolo[3,4-d]pyrimidin-4-one']"
"CHEMBL4065724";"";"";"Small molecule";"";"368.40";"2";"4";"5.10";"72.99";"5";"1";"1";"3";"N";"0.40";"4";"MOL";"-1";"28";"-1.31";"C22H16N4O2";"O=[N+]([O-])c1cccc(C2Nc3ccccc3-c3cc(-c4ccccc4)nn32)c1";"IBSLRCXTUSXLEK-UHFFFAOYSA-N";"InChI=1S/C22H16N4O2/c27-26(28)17-10-6-9-16(13-17)22-23-19-12-5-4-11-18(19)21-14-20(24-25(21)22)15-7-2-1-3-8-15/h1-14,22-23H";"False";"-1";"['246h', '220']";"['5-(3-nitrophenyl)-2-phenyl-5,6-dihydropyrazolo[1,5-c]quinazoline', '5-(3-nitrophenyl)-2-phenyl-5,6-dihydropyrazolo[1,5-c]quinazoline']"
"CHEMBL488513";"MONOCERIN";"";"Small molecule";"";"308.33";"18";"24";"2.58";"74.22";"6";"1";"0";"4";"N";"0.86";"1";"MOL";"-1";"22";"2.34";"C16H20O6";"CCC[C@H]1C[C@H]2OC(=O)c3c(cc(OC)c(OC)c3O)[C@H]2O1";"VAYQNUBOZLPGDH-OLXJLDBKSA-N";"InChI=1S/C16H20O6/c1-4-5-8-6-11-14(21-8)9-7-10(19-2)15(20-3)13(17)12(9)16(18)22-11/h7-8,11,14,17H,4-6H2,1-3H3/t8-,11+,14+/m0/s1";"False";"-1";"['1', '1', '1', '26', '1']";"['Monocerin', 'monocerin', 'monocerin', '(+)-Monocerin', 'Monocerin']"
"CHEMBL337309";"TAXIFOLIN";"";"Small molecule";"";"304.25";"53";"101";"1.19";"127.45";"7";"5";"0";"1";"N";"0.50";"2";"MOL";"-1";"22";"2.30";"C15H12O7";"O=C1c2c(O)cc(O)cc2OC(c2ccc(O)c(O)c2)C1O";"CXQWRCVTCMQVQX-UHFFFAOYSA-N";"InChI=1S/C15H12O7/c16-7-4-10(19)12-11(5-7)22-15(14(21)13(12)20)6-1-2-8(17)9(18)3-6/h1-5,14-19,21H";"False";"-1";"['2', 'SID50107129', 'NCGC00094447-01', '11', '1', 'Taxifolin', 'SID26753669', '(+/-)-Taxifolin', 'SID50107128', '22', 'NSC-2801', '17', '9, Dihydroquercetin', 'SID174007236', '8', '7', '17', 'SID85231259', '(+/-)-Taxifolin', '7', 'SID124881667', 'SID90341784', '(+/-)-taxifolin']";"["3,3',4',5,7-Pentahydroxyflavanone", 'SID50107129', '(+/-)-Taxifolin', 'taxifolin', '(+/-) taxifolin', 'Rac-Taxifolin', 'SID26753669', '(+/-)-Taxifolin', 'SID50107128', '(+/-)-Dihydroquercetin', '2-(3,4-dihydroxyphenyl)-3,5,7-trihydroxychroman-4-one', 'Taxifolin', '(2R,3R)-2-(3,4-dihydroxyphenyl)-3,5,7-trihydroxychroman-4-one', 'SID174007236', '(+/-)-dihydroquercetin', "3,5,7,3',4'-Pentahydroxyflavanone", 'rac-Taxifolin', 'SID85231259', '(+/-)-Taxifolin', '2-(3,4-dihydroxyphenyl)-3,5,7-trihydroxychroman-4-one', 'SID124881667', 'SID90341784', '(+/-)-taxifolin']"
"CHEMBL470870";"BOLETININ I";"";"Small molecule";"";"416.56";"3";"5";"5.89";"80.67";"4";"1";"1";"14";"N";"0.17";"0";"MOL";"-1";"30";"1.71";"C25H36O5";"C/C(C=O)=C\CC/C(C)=C/CC/C(C)=C/CC/C(C)=C/COC(=O)/C(C)=C/C(=O)O";"AOJDLUWCHJXNCH-SDWHTVMGSA-N";"InChI=1S/C25H36O5/c1-19(9-6-10-20(2)12-8-14-22(4)18-26)11-7-13-21(3)15-16-30-25(29)23(5)17-24(27)28/h10-11,14-15,17-18H,6-9,12-13,16H2,1-5H3,(H,27,28)/b19-11+,20-10+,21-15+,22-14+,23-17+";"False";"-1";"['11']";"['Boletinin I']"
"CHEMBL3127131";"";"";"Small molecule";"";"318.76";"4";"6";"2.58";"104.79";"5";"2";"0";"4";"N";"0.90";"2";"MOL";"-1";"22";"-0.95";"C15H15ClN4O2";"CC(C)COc1ccc(-c2nc(N)[nH]c(=O)c2Cl)cc1C#N";"ZYEAQYVCQUGMBF-UHFFFAOYSA-N";"InChI=1S/C15H15ClN4O2/c1-8(2)7-22-11-4-3-9(5-10(11)6-17)13-12(16)14(21)20-15(18)19-13/h3-5,8H,7H2,1-2H3,(H3,18,19,20,21)";"False";"-1";"['31']";"['5-(2-amino-5-chloro-6-oxo-1,6-dihydropyrimidin-4-yl)2-isobutoxybenzonitrile']"
"CHEMBL3127133";"";"";"Small molecule";"";"334.76";"4";"6";"1.70";"125.02";"6";"3";"0";"6";"N";"0.69";"2";"MOL";"-1";"23";"-0.66";"C15H15ClN4O3";"N#Cc1cc(-c2nc(N)[nH]c(=O)c2Cl)ccc1OCCCCO";"LEVILMOHBHMMQJ-UHFFFAOYSA-N";"InChI=1S/C15H15ClN4O3/c16-12-13(19-15(18)20-14(12)22)9-3-4-11(10(7-9)8-17)23-6-2-1-5-21/h3-4,7,21H,1-2,5-6H2,(H3,18,19,20,22)";"False";"-1";"['33']";"['5-(2-amino-5-chloro-6-oxo-1,6-dihydropyrimidin-4-yl)-2-(4-hydroxybutoxy)benzonitrile']"
"CHEMBL517637";"CIRSIMARIN";"";"Small molecule";"";"476.43";"4";"6";"0.36";"168.28";"11";"5";"1";"6";"N";"0.33";"3";"MOL";"-1";"34";"1.72";"C23H24O11";"COc1cc2oc(-c3ccc(O[C@@H]4O[C@H](CO)[C@@H](O)[C@H](O)[C@H]4O)cc3)cc(=O)c2c(O)c1OC";"RETJLKUBHXTIGH-FZFRBNDOSA-N";"InChI=1S/C23H24O11/c1-30-15-8-14-17(19(27)22(15)31-2)12(25)7-13(33-14)10-3-5-11(6-4-10)32-23-21(29)20(28)18(26)16(9-24)34-23/h3-8,16,18,20-21,23-24,26-29H,9H2,1-2H3/t16-,18-,20+,21-,23-/m1/s1";"False";"-1";"['21', 'Cirsimarin', '1']";"['cirsimarin', 'Cirsimarin', 'Cirsimarin']"
"CHEMBL111134";"HYDROXYCHAVICOL";"";"Small molecule";"";"150.18";"30";"111";"1.83";"40.46";"2";"2";"0";"2";"Y";"0.50";"1";"MOL";"-1";"11";"1.27";"C9H10O2";"C=CCc1ccc(O)c(O)c1";"FHEHIXJLCWUPCZ-UHFFFAOYSA-N";"InChI=1S/C9H10O2/c1-2-3-7-4-5-8(10)9(11)6-7/h2,4-6,10-11H,1,3H2";"False";"-1";"['11', 'APC', 'HC, Hydroxychavicol', '1', 'demethyleugenol', 'Demethyleugenol (18)', '10', 'APC, allylpyrocatechol', 'Hydroxychavicol', '2', '90', '6']";"['4-Allyl-benzene-1,2-diol', '4-allylbenzene-1,2-diol', '3,4-dihydroxyallylbenzene', 'Hydroxychavicol', 'demethyleugenol', '4-Allyl-benzene-1,2-diol', '4-allyl-pyrocatechol', '4-allylbenzene-1,2-diol', 'Hydroxychavicol', '3,4-dihydroxyallylbenzene', '4-allylbenzene-1,2-diol', 'Hydroxychavicol']"
"CHEMBL4296740";"BUTYLATED HYDROXYANISOLE";"2(3)-TERT-BUTYL-4-HYDROXYANISOLE|3-TERTIARY-BUTYL-4-HYDROXYANISOLE|ANTIOXYNE B|BUTYLATED HYDROXYANISOLE|BUTYLHYDROXYANISOLE|BUTYLHYDROXYANISOLUM|E-320|EMBANOX|FEMA NO. 2183|INS NO.320|INS-320|TERT-BUTYL-4-METHOXYPHENOL|TERT-BUTYL-P-HYDROXYANISOLE";"Small molecule";"-1.0";"360.49";"37";"1510";"None";"None";"None";"None";"None";"None";"None";"None";"None";"MOL";"0";"None";"None";"C22H32O4";"COc1ccc(O)c(C(C)(C)C)c1.COc1ccc(O)cc1C(C)(C)C";"CZBZUDVBLSSABA-UHFFFAOYSA-N";"InChI=1S/2C11H16O2/c1-11(2,3)9-7-8(13-4)5-6-10(9)12;1-11(2,3)9-7-8(12)5-6-10(9)13-4/h2*5-7,12H,1-4H3";"False";"0";"['BHA', 'BHA, Butylated hydroxyl anisole', 'BHA (Butylated hydroxyanisole)', 'BHA', 'BHA', '3-t-butyl-4-Hydroxyanisole', 'BHA', 'BHA', 'BHA', '2 (3)-tert-butyl-4-hydroxyanisole', 'SID26754492', 'BHA', 'BHA', 'BHA', 'BHA', '32, BHA,', 'BHA', 'BHA', 'BHA', 'SID29215338', 'BHA', 'BHA', 'BUTYLATED HYDROXYANISOLE', '2', 'SID144209020', 'BHA', 'SID11532886', 'SID144210402', '1', 'table 1, 52(BHA)', 'BHA', 'BUTYLATED HYDROXYANISOLE', 'BHA', 'BHA', '2 (3)-tert-butyl-4-hydroxyanisole', '3-tert Butyl-4-hydroxy anisole', 'BHA', 'BHA', 'BHA', 'BHA', 'BHA', 'BHA', 'BHA, butylated hydroxyl anisole', 'BHA', '3-tert-Butylanisole', '3-tert-butyl-4-hydroxy anisole', 'BHA', 'BHA', 'butylated hydroxyanisole', 'BHA', 'BHA', 'BUTYLATED HYDROXYANISOLE', 'BHA', 'BUTYLATED HYDROXYANISOLE', 'BUTYLATED HYDROXYANISOLE', 'BHA']";"['2-tert-Butyl-4-hydroxyanisole', '2-tert-butyl-4-methoxyphenol', '2-tert-Butyl-4-methoxy-phenol', '2-tert-butyl-4-methoxyphenol', 'butylhydroxyanisole', '3-tert-Butylanisole', '2-tert-butyl-4-methoxyphenol', '2-tert-butyl-4-methoxyphenol', '2-tert-butyl-4-methoxyphenol', '2(3)-tert-butyl-4-hydroxyanisole', 'SID26754492', 'butylated hydroxyanisole', '2-tert-butyl-4-methoxyphenol', '2-tert-butyl-4-methoxyphenol', '3-t-Butyl-4-hydroxyanisole', '2-tert-butyl-4-methoxyphenol', 'butylatedhydroxyanisole', 'butylated hydroxyanisole', 'butylated hydroxyanisole', 'SID29215338', '2-tert-butyl-4-methoxyphenol', '2-tert-butyl-4-methoxyphenol', 'BUTYLATED HYDROXYANISOLE', '3-tert-butyl-4-hydroxyanisole', 'SID144209020', '3-tert-butyl-4-methoxyphenol', 'SID11532886', 'SID144210402', '2-tert-butyl-4-hydroxyanisole', '2-tert-butyl-4-methoxyphenol', '2(3)-tertbutyl-4-hydroxyanisole', 'BUTYLATED HYDROXYANISOLE', '2-tert-butyl-4-methoxyphenol', '2-tert-butyl-4-methoxyphenol', '2(3)-tert-butyl-4-hydroxyanisole', '3-tert Butyl-4-hydroxy anisole', '2-tert-butyl-4-methoxyphenol', '3-tert-Butyl-4-methoxy-phenol', 'Butylated Hydroxy Anisole', '3-tert-butyl-4-hydroxyanisole', 'Butylated hydroxyl anisole', '3-tert-butyl-4-hydroxyanisole', '2-tertbutyl-4-methoxyphenol', '2-tert-butyl-4-methoxyphenol', '3-tert-Butylanisole', '3-tert-butyl-4-hydroxy anisole', 'Butylated hydroxyl anisole', 'butylated hydroxyanisole', 'butylated hydroxyanisole', '3-tert-butyl-4-hydroxyanisole', '2-tert-butyl-4-methoxyphenol', 'BUTYLATED HYDROXYANISOLE', '3-tert-butyl-4-hydroxyanisole', 'BUTYLATED HYDROXYANISOLE', 'BUTYLATED HYDROXYANISOLE', '3-tert-butyl-4-methoxyphenol']"
"CHEMBL2048805";"CINNACASOLIDE B";"";"Small molecule";"";"444.43";"1";"2";"-2.66";"178.53";"11";"7";"2";"8";"N";"0.22";"1";"MOL";"-1";"31";"2.29";"C20H28O11";"OC/C=C/c1ccccc1O[C@@H]1O[C@H](CO[C@@H]2OC[C@](O)(CO)[C@H]2O)[C@@H](O)[C@H](O)[C@H]1O";"OBAALXPOHKOEEY-IDPVQYMJSA-N";"InChI=1S/C20H28O11/c21-7-3-5-11-4-1-2-6-12(11)30-18-16(25)15(24)14(23)13(31-18)8-28-19-17(26)20(27,9-22)10-29-19/h1-6,13-19,21-27H,7-10H2/b5-3+/t13-,14-,15+,16-,17+,18-,19-,20-/m1/s1";"False";"-1";"['12, Cinnacasolide B']";"['2-hydroxy cinnamic alcohol 2-O-beta-D-apiofuranosyl-(1->6)-beta-D-glucopyranoside']"
"CHEMBL4087143";"";"";"Small molecule";"";"176.14";"1";"2";"-0.71";"91.73";"5";"2";"0";"0";"N";"0.47";"3";"MOL";"-1";"13";"-1.69";"C6H4N6O";"O=c1[nH]c2[nH]ncc2c2ncnn12";"CJKZTBFQGVPLDM-UHFFFAOYSA-N";"InChI=1S/C6H4N6O/c13-6-10-4-3(1-8-11-4)5-7-2-9-12(5)6/h1-2H,(H2,8,10,11,13)";"False";"-1";"['221']";"['6,7-dihydro-5H-pyrazolo[4,3-e][1,2,4]triazolo[1,5-c]pyrimidin-5-one']"
"CHEMBL3338305";"";"";"Small molecule";"";"746.54";"3";"3";"0.30";"280.82";"17";"9";"3";"9";"N";"0.13";"3";"MOL";"-1";"50";"1.94";"C31H32NaO18P";"COc1cc([C@H]2Oc3cc([C@H]4Oc5cc(O)cc(O)c5C(=O)[C@@H]4O)ccc3O[C@H]2COP(=O)([O-])OC2O[C@H](CO)[C@H](O)[C@H](O)[C@H]2O)ccc1O.[Na+]";"ZYTUSUULCXWZEI-LPLWNEJWSA-M";"InChI=1S/C31H33O18P.Na/c1-43-18-6-12(2-4-15(18)34)29-22(11-44-50(41,42)49-31-28(40)26(38)24(36)21(10-32)48-31)45-17-5-3-13(7-19(17)46-29)30-27(39)25(37)23-16(35)8-14(33)9-20(23)47-30;/h2-9,21-22,24,26-36,38-40H,10-11H2,1H3,(H,41,42);/q;+1/p-1/t21-,22+,24+,26+,27+,28-,29-,30-,31?;/m1./s1";"False";"-1";"['8']";"["sodium Silibinin-9''-phosphoryl-D-galactopyranoside"]"
"CHEMBL3331621";"";"";"Small molecule";"";"349.25";"2";"4";"None";"None";"None";"None";"None";"None";"None";"None";"None";"MOL";"-1";"None";"None";"C15H14N2O3Se";"Cc1nc(-c2ccc(OC(C)C)c(C#N)c2)[se]c1C(=O)O";"ZEOSJTLLZKNHCC-UHFFFAOYSA-N";"InChI=1S/C15H14N2O3Se/c1-8(2)20-12-5-4-10(6-11(12)7-16)14-17-9(3)13(21-14)15(18)19/h4-6,8H,1-3H3,(H,18,19)";"False";"-1";"['9i', 'BDBM50056991']";"['2-(3-cyano-4-iso-propyloxyphenyl)-4-methyl-1,3-selenazole-5-carboxylicacid', 'CHEMBL3331621::US9802907, Compound 8']"
"CHEMBL3331618";"";"";"Small molecule";"";"397.29";"2";"4";"None";"None";"None";"None";"None";"None";"None";"None";"None";"MOL";"-1";"None";"None";"C19H14N2O3Se";"Cc1nc(-c2ccc(OCc3ccccc3)c(C#N)c2)[se]c1C(=O)O";"VWPQHAKPTFXZFI-UHFFFAOYSA-N";"InChI=1S/C19H14N2O3Se/c1-12-17(19(22)23)25-18(21-12)14-7-8-16(15(9-14)10-20)24-11-13-5-3-2-4-6-13/h2-9H,11H2,1H3,(H,22,23)";"False";"-1";"['9f', 'BDBM50057013']";"['2-(3-cyano-4-benzyloxyphenyl)-4-methyl-1,3-selenazole-5-carboxylicacid', 'CHEMBL3331618::US9802907, Compound 11']"
"CHEMBL293492";"CINNAMALDEHYDE";".BETA.-PHENYLACROLEIN|ABION CA|CINNAMAL|CINNAMALDEHYDE|CINNAMIC ALDEHYDE|FEMA NO. 2286|NSC-16935|NSC-40346|XC-800|ZIMTALDEHYDE";"Small molecule";"-1.0";"132.16";"165";"433";"1.90";"17.07";"1";"0";"0";"2";"Y";"0.44";"1";"MOL";"0";"10";"0.81";"C9H8O";"O=C/C=C/c1ccccc1";"KJPRLNWUNMBNBZ-QPJJXVBHSA-N";"InChI=1S/C9H8O/c10-8-4-7-9-5-2-1-3-6-9/h1-8H/b7-4+";"False";"0";"['cinnamaldehyde', 'cinnamaldehyde', '13', 'Cinnamaldehyde', 'SID144204695', '40, Cinnamaldehyde', 'CA', '15', '2', '1, cinnamaldehyde', 'cinnamaldehyde', 'CA', '32', 'trans-Cinnamaldehyde', 'cinnamaldehyde', 'SID29215112', 'cinnamaldehyde', '34', 'cinnamaldehyde', 'CNA', '3', 'cinnamaldehyde', 'SID17389103', 'SID144213588', '8', '40', 'SID144209002', 'cinnamaldehyde', 'CINNAMALDEHYDE', '1', '4f', 'cinnamaldehyde', 'SID85272553', 'cinnamaldehyde', '3', 'Cinnamaldehyde', 'cinnamaldehyde', 'CA', '11', 'CA 3', '18', 'Cinnamaldehyde', 'SID17389104', 'CA', '11', 'Cinnamaldehyde', 'Cinnamaldehyde', 'CA', 'CINNAMALDEHYDE', 'Cinnamaldehyde', '12; CA', 'Cinnamaldehyde', '1', '8', '8', 'cinnamaldehyde', '7ft', '22', 'CA']";"['cinnamaldehyde', 'trans-cinnamaldehyde', '(E)-3-Phenyl-propenal', 'Cinnamaldehyde', 'SID144204695', '(2E)-3-phenylprop-2-enal', 'Cinnamaldehyde', 'Cinnamaldehyde', 'cinnamaldehyde', '3-phenyl-2-propenal', 'cinnamaldehyde', 'cinnamaldehyde', 'Cinnamaldehyde', 'trans-Cinnamaldehyde', 'cinnamaldehyde', 'SID29215112', 'cinnamaldehyde', 'Cinnamaldehyde', 'cinnamaldehyde', 'Cinnamaldehyde', 'Cinnamaldehyde', 'cinnamaldehyde', 'SID17389103', 'SID144213588', 'Cinnamaldehyde', 'Trans-cinnamaldehyde', 'SID144209002', 'cinnamaldehyde', 'CINNAMALDEHYDE', 'cinnamaldehyde', '(E)-phenylvinyl aldehyde', 'cinnamaldehyde', 'SID85272553', 'cinnamaldehyde', 'cinnamaldehyde', 'Cinnamaldehyde', '3-phenyl-propenal', 'Trans-cinnamaldehyde', 'cinnamaldehyde', 'Cinnamaldehyde', '(E)-Cinnamaldehyde', 'Cinnamaldehyde', 'SID17389104', 'Cinnamaldehyde', 'Cinnamaldehyde', 'Cinnamaldehyde', 'Cinnamaldehyde', 'cinnamaldehyde', 'Cinnamaldehyde', 'Cinnamaldehyde', 'Cinnamaldehyde', 'Cinnamaldehyde', 'Cinnamaldehyde', '3-phenylprop-2-enal', 'Cinnamaldehyde', 'cinnamaldehyde', 'Cinnamaldehyde', 'cinnamaldehyde', 'Cinnamaldehyde']"
"CHEMBL5597164";"";"";"";"";"279.25";"3";"15";"3.38";"94.46";"4";"2";"0";"2";"N";"0.75";"3";"MOL";"-1";"21";"-0.01";"C16H9NO4";"N#Cc1cc(-c2ccc(C(=O)O)c(O)c2)c2ccoc2c1";"RKGVLGLUAHVJET-UHFFFAOYSA-N";"InChI=1S/C16H9NO4/c17-8-9-5-13(11-3-4-21-15(11)6-9)10-1-2-12(16(19)20)14(18)7-10/h1-7,18H,(H,19,20)";"False";"-1";"['16', 'BDBM377698']";"['4-(6-Cyanobenzofuran-4-yl)-2-hydroxybenzoic Acid', 'US10266496, Example 21']"
"CHEMBL517783";"";"";"Small molecule";"";"360.41";"2";"2";"2.65";"88.38";"6";"3";"0";"6";"N";"0.73";"2";"MOL";"-1";"26";"1.14";"C20H24O6";"COc1cc(C[C@@H]2COC[C@@H]2C(O)c2ccc(O)c(OC)c2)ccc1O";"LDYVVKWGJMWITK-FKTKBCEVSA-N";"InChI=1S/C20H24O6/c1-24-18-8-12(3-5-16(18)21)7-14-10-26-11-15(14)20(23)13-4-6-17(22)19(9-13)25-2/h3-6,8-9,14-15,20-23H,7,10-11H2,1-2H3/t14-,15+,20?/m1/s1";"False";"-1";"['25']";"["7'-hydroxydivanillyltetrahydrofuran"]"
"CHEMBL2316145";"";"";"Small molecule";"";"413.31";"6";"8";"5.69";"35.53";"3";"0";"1";"4";"N";"0.60";"2";"MOL";"-1";"26";"-0.46";"C22H21BrO3";"COc1cc(/C=C2\CCC/C(=C\c3cccc(Br)c3)C2=O)cc(OC)c1";"HBSBXUHFMSIYDK-BEQMOXJMSA-N";"InChI=1S/C22H21BrO3/c1-25-20-12-16(13-21(14-20)26-2)10-18-7-4-6-17(22(18)24)9-15-5-3-8-19(23)11-15/h3,5,8-14H,4,6-7H2,1-2H3/b17-9+,18-10+";"False";"-1";"['BDBM50424970', 'I6', '4c']";"['CHEMBL2316145::US9409845, Table 1, Compound 6: (2E,6E)-2-(3,5-dimethoxybenzylidene)-6-(3-bromobenzylidene)cyclohexanone', '(2E,6E)-2-(3-Bromobenzylidene)-6-(3,5-dimethoxybenzylidene)cyclohexanone', '(2E,6E)-2-(3-Bromobenzylidene)-6-(3,5-dimethoxybenzylidene)cyclohexanone']"
"CHEMBL3740246";"";"";"Small molecule";"";"281.34";"2";"4";"1.27";"59.49";"6";"1";"0";"3";"N";"0.86";"2";"MOL";"-1";"19";"-0.56";"C12H15N3O3S";"COc1cc2[nH]c(=S)n(N(C)C)c(=O)c2cc1OC";"LTZUQAUSHNZQNH-UHFFFAOYSA-N";"InChI=1S/C12H15N3O3S/c1-14(2)15-11(16)7-5-9(17-3)10(18-4)6-8(7)13-12(15)19/h5-6H,1-4H3,(H,13,19)";"False";"-1";"['3a']";"['3-(dimethylamino)-6,7-dimethoxy-2-thioxo-2,3-dihydroquinazolin-4(1H)-one']"
"CHEMBL1774612";"";"";"Small molecule";"";"284.31";"3";"5";"3.31";"55.76";"4";"1";"0";"5";"N";"0.68";"2";"MOL";"-1";"21";"0.30";"C17H16O4";"COc1ccc(C(=O)/C=C/c2ccc(O)cc2)c(OC)c1";"ATHWOBRNXTYZEM-BJMVGYQFSA-N";"InChI=1S/C17H16O4/c1-20-14-8-9-15(17(11-14)21-2)16(19)10-5-12-3-6-13(18)7-4-12/h3-11,18H,1-2H3/b10-5+";"False";"-1";"['16b', '1c', '89']";"['1-(2,4-dimethoxyphenyl)-3-(4-hydroxyphenyl)prop-2-en-1-one', "(E)-4-hydroxy-2',4'-dimethoxychalcone", '1-(2,4-dimethoxyphenyl)-3-(4-hydroxyphenyl)prop-2-en-1-one']"
"CHEMBL275563";"ISOVANILLIN";"";"Small molecule";"";"152.15";"16";"33";"1.21";"46.53";"3";"1";"0";"2";"Y";"0.65";"1";"MOL";"-1";"11";"0.83";"C8H8O3";"COc1ccc(C=O)cc1O";"JVTZFYYHCGSXJV-UHFFFAOYSA-N";"InChI=1S/C8H8O3/c1-11-8-3-2-6(5-9)4-7(8)10/h2-5,10H,1H3";"False";"-1";"['10', '47', '8', '31', '7', '3, Isovanillin', '17', 'SID22405529', 'SID144210056', 'Q13', '6A', 'Isovanilin', '9a']";"['3-Hydroxy-4-methoxy-benzaldehyde', '3-Hydroxy-4-methoxy-benzaldehyde', 'Isovanillin', '3-hydroxy-4-methoxybenzaldehyde', 'isovanillin', '4-methoxy-3-hydroxybenzaldehyde', 'isovanillin', 'SID22405529', 'SID144210056', '3-hydroxy-4-methoxybenzaldehyde', '3-Hydroxy-4-methoxybenzaldehyde', 'Isovanilin', 'Isovanillin']"
"CHEMBL5593384";"";"";"";"";"700.65";"1";"1";"-0.12";"276.75";"17";"11";"3";"8";"N";"0.08";"4";"MOL";"-1";"50";"1.31";"C33H36N2O15";"C[C@@H]1O[C@@H](OC[C@H]2O[C@@H](Oc3c(-c4ccc(O)c(O)c4)oc4cc(O)cc(O)c4/c3=N\Nc3ccccc3)[C@H](O)[C@@H](O)[C@@H]2O)[C@H](O)[C@H](O)[C@H]1O";"PJKIQAXEUIZZKC-JHNKSSHFSA-N";"InChI=1S/C33H36N2O15/c1-13-24(40)26(42)28(44)32(47-13)46-12-21-25(41)27(43)29(45)33(49-21)50-31-23(35-34-15-5-3-2-4-6-15)22-19(39)10-16(36)11-20(22)48-30(31)14-7-8-17(37)18(38)9-14/h2-11,13,21,24-29,32-34,36-45H,12H2,1H3/b35-23+/t13-,21+,24-,25+,26+,27-,28+,29+,32+,33-/m0/s1";"False";"-1";"['112']";"['(2S,3R,4S,5S,6R)-2-((2-(3,4-dihydroxyphenyl)-5,7-dihydroxy-4-(2-phenylhydrazineylidene)-4H-chromen-3-yl)oxy)-6-((((2R,3R,4R,5R,6S)-3,4,5-trihydroxy-6-methyltetrahydro-2H-pyran-2-yl)oxy)methyl)tetrahydro-2H-pyran-3,4,5-triol']"
"CHEMBL511257";"CORYMBOSIN";"";"Small molecule";"";"358.35";"4";"4";"3.20";"87.36";"7";"1";"0";"5";"N";"0.75";"3";"MOL";"-1";"26";"0.98";"C19H18O7";"COc1cc(O)c2c(=O)cc(-c3cc(OC)c(OC)c(OC)c3)oc2c1";"FLCVGMVLNHYJAW-UHFFFAOYSA-N";"InChI=1S/C19H18O7/c1-22-11-7-12(20)18-13(21)9-14(26-15(18)8-11)10-5-16(23-2)19(25-4)17(6-10)24-3/h5-9,20H,1-4H3";"False";"-1";"['3, Corymbosin', '4; MOL003095']";"["7,3',4',5'-tetra-O-methyltricetin", 'Corymbosin']"
"CHEMBL5564048";"";"";"";"";"362.43";"2";"2";"5.19";"82.45";"4";"3";"1";"4";"N";"0.59";"3";"MOL";"-1";"27";"-0.76";"C22H22N2O3";"CC(C)(C)c1ccc(Nc2cncc(-c3ccc(C(=O)O)c(O)c3)c2)cc1";"QDFBXWOUFPVFCS-UHFFFAOYSA-N";"InChI=1S/C22H22N2O3/c1-22(2,3)16-5-7-17(8-6-16)24-18-10-15(12-23-13-18)14-4-9-19(21(26)27)20(25)11-14/h4-13,24-25H,1-3H3,(H,26,27)";"False";"-1";"['II13']";"['4-(5-((4-(Tertbutyl)phenyl)amino)pyridin-3-yl)-2-hydroxybenzoic acid']"
"CHEMBL2238357";"2-BROMO-N-METHYLSECOBOLDINE";"";"Small molecule";"";"420.30";"2";"5";"4.29";"62.16";"5";"2";"0";"5";"N";"0.60";"3";"MOL";"-1";"26";"1.03";"C20H22BrNO4";"COc1cc2c(ccc3c(CCN(C)C)c(Br)c(O)c(OC)c32)cc1O";"DJMGFTGWQJZQEM-UHFFFAOYSA-N";"InChI=1S/C20H22BrNO4/c1-22(2)8-7-13-12-6-5-11-9-15(23)16(25-3)10-14(11)17(12)20(26-4)19(24)18(13)21/h5-6,9-10,23-24H,7-8H2,1-4H3";"False";"-1";"['5']";"['2-Bromo-N-methylsecoboldine']"
"CHEMBL451090";"";"";"Small molecule";"";"626.52";"2";"2";"-1.98";"289.66";"17";"11";"3";"6";"N";"0.13";"3";"MOL";"-1";"44";"1.96";"C27H30O17";"C[C@@H]1O[C@@H](OC[C@H]2O[C@@H](Oc3cc(O)c4c(=O)c(O)c(-c5cc(O)c(O)c(O)c5)oc4c3)[C@H](O)[C@@H](O)[C@@H]2O)[C@H](O)[C@H](O)[C@H]1O";"MASOGOGVWNFCIB-YCAHXHNPSA-N";"InChI=1S/C27H30O17/c1-7-16(31)20(35)23(38)26(41-7)40-6-14-18(33)21(36)24(39)27(44-14)42-9-4-10(28)15-13(5-9)43-25(22(37)19(15)34)8-2-11(29)17(32)12(30)3-8/h2-5,7,14,16,18,20-21,23-24,26-33,35-39H,6H2,1H3/t7-,14+,16-,18+,20+,21-,23+,24+,26+,27+/m0/s1";"False";"-1";"['2']";"['myricetin 7-O-alpha-L-rhamnopyranosyl-(1->6)-beta-D-glucopyranoside']"
"CHEMBL2235107";"";"";"Small molecule";"";"338.36";"2";"4";"3.88";"86.99";"5";"3";"0";"3";"N";"0.45";"2";"MOL";"-1";"25";"1.81";"C20H18O5";"CC1(C)C=Cc2cc(C(=O)/C=C/c3ccc(O)c(O)c3)c(O)cc2O1";"DBVYNXDREGTBRL-HWKANZROSA-N";"InChI=1S/C20H18O5/c1-20(2)8-7-13-10-14(17(23)11-19(13)25-20)15(21)5-3-12-4-6-16(22)18(24)9-12/h3-11,22-24H,1-2H3/b5-3+";"False";"-1";"['39', '154', '30a']";"['3-(3,4-dihydroxyphenyl)-1-(7-hydroxy-2,2-dimethyl-2H-chromen-6-yl)prop-2-en-1-one', '3-(3,4-dihydroxyphenyl)-1-(7-hydroxy-2,2-dimethyl-2H-chromen-6-yl)prop-2-en-1-one', '3-(3,4-dihydroxyphenyl)-1-(7-hydroxy-2,2-dimethyl-2H-chromen-6-yl)prop-2-en-1-one']"
"CHEMBL463241";"MORACIN D";"";"Small molecule";"";"308.33";"10";"17";"4.70";"62.83";"4";"2";"0";"1";"N";"0.68";"3";"MOL";"-1";"23";"2.17";"C19H16O4";"CC1(C)C=Cc2c(O)cc(-c3cc4ccc(O)cc4o3)cc2O1";"CHAAQDMHLLQJRO-UHFFFAOYSA-N";"InChI=1S/C19H16O4/c1-19(2)6-5-14-15(21)7-12(9-18(14)23-19)16-8-11-3-4-13(20)10-17(11)22-16/h3-10,20-21H,1-2H3";"False";"-1";"['4, Moracin D', 'moracin D', '3; MOL003858']";"['7-(6-hydroxybenzofuran-2-yl)-2,2-dimethyl-2Hchromen-5-ol', 'moracin D', 'Moracin D']"
"CHEMBL1087645";"";"";"Small molecule";"";"303.27";"12";"16";"0.73";"107.02";"5";"2";"0";"3";"N";"0.63";"1";"MOL";"-1";"22";"-1.06";"C14H13N3O5";"CN1C(=O)C(=CNc2ccccc2C(=O)O)C(=O)N(C)C1=O";"OSTWLUFBPLPBPV-UHFFFAOYSA-N";"InChI=1S/C14H13N3O5/c1-16-11(18)9(12(19)17(2)14(16)22)7-15-10-6-4-3-5-8(10)13(20)21/h3-7,15H,1-2H3,(H,20,21)";"False";"-1";"['4', '7i']";"['2-((Tetrahydro-1,3-dimethyl-2,4,6-trioxopyrimidin-5(6H)-ylidene)methylamino)benzoic acid', '2-[[(1,3-Dimethyl-2,4,6-trioxotetrahydropyrimidin-5(2H)-ylidene)methyl]amino]benzoic acid']"
"CHEMBL92193";"";"";"Small molecule";"";"528.69";"2";"4";"7.58";"116.45";"7";"4";"2";"16";"N";"0.10";"2";"MOL";"-1";"38";"1.25";"C31H44O7";"CCCCCCCCCCCCCCCC(=O)O[C@@H]1Cc2ccc(O)c(O)c2O[C@H]1c1ccc(O)c(O)c1";"QXEZDDGFPNELCL-OFSOJUDTSA-N";"InChI=1S/C31H44O7/c1-2-3-4-5-6-7-8-9-10-11-12-13-14-15-28(35)37-27-21-23-17-19-25(33)29(36)31(23)38-30(27)22-16-18-24(32)26(34)20-22/h16-20,27,30,32-34,36H,2-15,21H2,1H3/t27-,30+/m1/s1";"False";"-1";"['4f']";"['Hexadecanoic acid (2S,3R)-2-(3,4-dihydroxy-phenyl)-7,8-dihydroxy-chroman-3-yl ester']"
"CHEMBL5185931";"";"";"";"";"402.86";"1";"1";"3.89";"90.98";"6";"1";"0";"5";"N";"0.46";"2";"MOL";"-1";"27";"-1.14";"C19H15ClN2O4S";"CCOc1cc(/C=C2\SC(N)=NC2=O)ccc1OC(=O)c1ccc(Cl)cc1";"NPSUIFLMGOCKPM-YBEGLDIGSA-N";"InChI=1S/C19H15ClN2O4S/c1-2-25-15-9-11(10-16-17(23)22-19(21)27-16)3-8-14(15)26-18(24)12-4-6-13(20)7-5-12/h3-10H,2H2,1H3,(H2,21,22,23)/b16-10-";"False";"-1";"['XO-29']";"['(Z)-4-((2-amino-4-oxothiazol-5(4H)-ylidene)methyl)-2-ethoxyphenyl 4-chlorobenzoate']"
"CHEMBL5188474";"";"";"";"";"241.21";"1";"1";"1.42";"107.10";"5";"2";"0";"2";"N";"0.82";"2";"MOL";"-1";"18";"-0.85";"C12H7N3O3";"N#Cc1cc(-c2ncc(C(=O)O)cn2)ccc1O";"VOTYACWGEBXYPQ-UHFFFAOYSA-N";"InChI=1S/C12H7N3O3/c13-4-8-3-7(1-2-10(8)16)11-14-5-9(6-15-11)12(17)18/h1-3,5-6,16H,(H,17,18)";"False";"-1";"['11n']";"['2-(3-cyano-4-hydroxy)phenylpyrimidine-5-carboxylic acid']"
"CHEMBL3746497";"";"";"Small molecule";"";"254.25";"3";"3";"1.06";"104.63";"4";"3";"0";"2";"N";"0.59";"3";"MOL";"-1";"19";"-0.37";"C13H10N4O2";"Nc1nc2c(C(=O)c3ccccc3)c[nH]c2c(=O)[nH]1";"FXUZAWGUBCPFPH-UHFFFAOYSA-N";"InChI=1S/C13H10N4O2/c14-13-16-9-8(6-15-10(9)12(19)17-13)11(18)7-4-2-1-3-5-7/h1-6,15H,(H3,14,16,17,19)";"False";"-1";"['LSPN440']";"['2-Amino-3H,5H-7-benzoylpyrrolo[3,2-d]pyrimidin-4-one']"
"CHEMBL451678";"FONSECINONE A";"";"Small molecule";"";"570.55";"5";"7";"5.94";"137.80";"10";"2";"2";"5";"N";"0.19";"6";"MOL";"-1";"42";"1.39";"C32H26O10";"COc1cc(OC)c2c(O)c3c(=O)cc(C)oc3c(-c3c(OC)cc4cc(O)c5c(=O)cc(C)oc5c4c3OC)c2c1";"FFNPXDMNZBCNMN-UHFFFAOYSA-N";"InChI=1S/C32H26O10/c1-13-7-18(33)26-20(35)9-15-10-21(38-4)28(30(40-6)23(15)31(26)41-13)25-17-11-16(37-3)12-22(39-5)24(17)29(36)27-19(34)8-14(2)42-32(25)27/h7-12,35-36H,1-6H3";"False";"-1";"['fonsecinone A', '4', '3, (S)-Atropisomer', '6']";"['fonsecinone A', 'Fonsecinone A', '(aS)-Fonsecinone A', 'Fonsecinone A']"
"CHEMBL4100922";"";"";"Small molecule";"";"286.68";"1";"2";"1.61";"91.73";"5";"2";"0";"1";"N";"0.56";"4";"MOL";"-1";"20";"-1.92";"C12H7ClN6O";"O=c1[nH]c2[nH]ncc2c2nc(-c3ccc(Cl)cc3)nn12";"UWYBJXWFWNTRLD-UHFFFAOYSA-N";"InChI=1S/C12H7ClN6O/c13-7-3-1-6(2-4-7)9-15-11-8-5-14-17-10(8)16-12(20)19(11)18-9/h1-5H,(H2,14,16,17,20)";"False";"-1";"['231']";"['2-(4-chlorophenyl)-6,7-dihydro-5H-pyrazolo[4,3-e][1,2,4]triazolo[1,5-c]pyrimidin-5-one']"
"CHEMBL4097483";"";"";"Small molecule";"";"288.70";"1";"2";"1.75";"98.82";"5";"3";"0";"3";"N";"0.50";"3";"MOL";"-1";"20";"-1.96";"C12H9ClN6O";"O=c1nc(N/N=C/c2ccccc2Cl)c2cn[nH]c2[nH]1";"XQKJMIWQJZBEMQ-LHHJGKSTSA-N";"InChI=1S/C12H9ClN6O/c13-9-4-2-1-3-7(9)5-14-18-10-8-6-15-19-11(8)17-12(20)16-10/h1-6H,(H3,15,16,17,18,19,20)/b14-5+";"False";"-1";"['171']";"['4-(2-(2-chlorobenzylidene)hydrazinyl)-1H-pyrazolo[3,4-d]pyrimidin-6(7H)-one']"
"CHEMBL5560875";"";"";"";"";"358.76";"2";"2";"4.69";"82.45";"4";"3";"0";"4";"N";"0.63";"3";"MOL";"-1";"25";"-1.24";"C18H12ClFN2O3";"O=C(O)c1ccc(-c2cncc(Nc3ccc(F)c(Cl)c3)c2)cc1O";"ILSRWNQGDYIHOS-UHFFFAOYSA-N";"InChI=1S/C18H12ClFN2O3/c19-15-7-12(2-4-16(15)20)22-13-5-11(8-21-9-13)10-1-3-14(18(24)25)17(23)6-10/h1-9,22-23H,(H,24,25)";"False";"-1";"['II17']";"['4-(5-((3-Chloro-4-fluorophenyl)amino)pyridin-3-yl)-2-hydroxybenzoic acid']"
"CHEMBL5560626";"";"";"";"";"363.41";"3";"4";"5.24";"79.65";"4";"2";"1";"4";"N";"0.66";"3";"MOL";"-1";"27";"-0.53";"C22H21NO4";"CC(C)(C)c1ccc(Oc2cncc(-c3ccc(C(=O)O)c(O)c3)c2)cc1";"QQJSXHPNVRKEIQ-UHFFFAOYSA-N";"InChI=1S/C22H21NO4/c1-22(2,3)16-5-7-17(8-6-16)27-18-10-15(12-23-13-18)14-4-9-19(21(25)26)20(24)11-14/h4-13,24H,1-3H3,(H,25,26)";"False";"-1";"['II5']";"['4-(5-(4-(Tertbutyl)phenoxy)pyridin-3-yl)-2-hydroxybenzoic acid']"
"CHEMBL5181283";"";"";"";"";"333.35";"1";"1";"2.26";"103.57";"5";"2";"0";"4";"N";"0.76";"3";"MOL";"-1";"25";"-1.58";"C18H15N5O2";"N#Cc1cn(CC2CC2)c2cc(NC(=O)c3cc(=O)[nH]cn3)ccc12";"VIBCRMWYAFMMDU-UHFFFAOYSA-N";"InChI=1S/C18H15N5O2/c19-7-12-9-23(8-11-1-2-11)16-5-13(3-4-14(12)16)22-18(25)15-6-17(24)21-10-20-15/h3-6,9-11H,1-2,8H2,(H,22,25)(H,20,21,24)";"False";"-1";"['14f']";"['N-(3-cyano-1-cyclopropylmethyl-1H-indol-6-yl)-6-oxo-1,6-dihydropyrimidine-4-carboxamide']"
"CHEMBL4445985";"";"";"Unknown";"";"326.36";"5";"14";"2.55";"122.85";"5";"3";"0";"6";"N";"0.75";"2";"MOL";"-1";"24";"-0.78";"C17H18N4O3";"CC(C)CCOc1ccc(-c2ncc(C(=O)O)c(=N)[nH]2)cc1C#N";"ZEEAXDGUEMBVMX-UHFFFAOYSA-N";"InChI=1S/C17H18N4O3/c1-10(2)5-6-24-14-4-3-11(7-12(14)8-18)16-20-9-13(17(22)23)15(19)21-16/h3-4,7,9-10H,5-6H2,1-2H3,(H,22,23)(H2,19,20,21)";"False";"-1";"['10c', '9; TMC-5']";"['2-(3-Cyano-4-isopentyloxyphenyl)-6-imino-1,6-dihydropyrimidine-5-carboxylic acid', '4-amino-2-(3-cyano-4-(isopentyloxy)phenyl)pyrimidine-5-carboxylic acid']"
"CHEMBL3247911";"";"";"Small molecule";"";"261.67";"1";"1";"1.76";"89.85";"6";"2";"0";"1";"N";"0.70";"3";"MOL";"-1";"18";"-1.51";"C11H8ClN5O";"Nc1nc(O)c2ncn(-c3cccc(Cl)c3)c2n1";"MSQIUIZJKFRWIP-UHFFFAOYSA-N";"InChI=1S/C11H8ClN5O/c12-6-2-1-3-7(4-6)17-5-14-8-9(17)15-11(13)16-10(8)18/h1-5H,(H3,13,15,16,18)";"False";"-1";"['Table VIII R6C1']";"['2-amino-9-(3-chlorophenyl)-9H-purin-6-ol']"
"CHEMBL4097526";"";"";"Small molecule";"";"770.95";"1";"1";"1.30";"236.06";"13";"9";"3";"7";"N";"0.18";"0";"MOL";"-1";"54";"2.53";"C40H66O14";"C[C@@]1(O)CC[C@]2(C(=O)O)CC[C@]3(C)[C@H](CC[C@@H]4[C@@]5(C)CC[C@H](O)[C@](C)(CO[C@@H]6O[C@H](CO)[C@@H](O)[C@H](O[C@@H]7OC[C@H](O)[C@H](O)[C@H]7O)[C@H]6O)[C@@H]5CC[C@]43C)[C@@H]2C1";"SCBPJIUAUDFRRS-IYEBYTDCSA-N";"InChI=1S/C40H66O14/c1-35(50)12-14-40(34(48)49)15-13-38(4)20(21(40)16-35)6-7-25-36(2)10-9-26(43)37(3,24(36)8-11-39(25,38)5)19-52-33-30(47)31(28(45)23(17-41)53-33)54-32-29(46)27(44)22(42)18-51-32/h20-33,41-47,50H,6-19H2,1-5H3,(H,48,49)/t20-,21+,22+,23-,24-,25-,26+,27+,28-,29-,30-,31+,32+,33-,35-,36+,37-,38-,39-,40+/m1/s1";"False";"-1";"['1']";"['3beta,20alpha,24-trihydroxy-29-norolean-12-en-28-oic acid 24-O-alpha-L-arabinopyranosyl-(1->3)-beta-D-glucopyranoside']"
"CHEMBL5425945";"";"";"";"";"309.33";"2";"3";"2.52";"92.79";"5";"2";"0";"5";"N";"0.76";"3";"MOL";"-1";"23";"-2.01";"C16H15N5O2";"CCOc1ccc(NC(=O)c2ccc(-c3nnn[nH]3)cc2)cc1";"CYFRJXRNTNIABM-UHFFFAOYSA-N";"InChI=1S/C16H15N5O2/c1-2-23-14-9-7-13(8-10-14)17-16(22)12-5-3-11(4-6-12)15-18-20-21-19-15/h3-10H,2H2,1H3,(H,17,22)(H,18,19,20,21)";"False";"-1";"['IIIc']";"['N-(4-ethoxyphenyl)-4-(1H-tetrazol-5-yl)benzamide']"
"CHEMBL3747521";"";"";"Small molecule";"";"299.25";"3";"5";"0.97";"147.77";"6";"3";"0";"3";"N";"0.37";"3";"MOL";"-1";"22";"-0.92";"C13H9N5O4";"Nc1nc2c(C(=O)c3cccc([N+](=O)[O-])c3)c[nH]c2c(=O)[nH]1";"IQPSOKNRUDYCNS-UHFFFAOYSA-N";"InChI=1S/C13H9N5O4/c14-13-16-9-8(5-15-10(9)12(20)17-13)11(19)6-2-1-3-7(4-6)18(21)22/h1-5,15H,(H3,14,16,17,20)";"False";"-1";"['LSPN451']";"['2-Amino-3H,5H-7-(3-nitrobenzoyl)pyrrolo[3,2-d]pyrimidin-4-one']"
"CHEMBL3746352";"";"";"Small molecule";"";"288.69";"3";"3";"1.72";"104.63";"4";"3";"0";"2";"N";"0.62";"3";"MOL";"-1";"20";"-0.72";"C13H9ClN4O2";"Nc1nc2c(C(=O)c3ccccc3Cl)c[nH]c2c(=O)[nH]1";"OTTVVADHPZBTAH-UHFFFAOYSA-N";"InChI=1S/C13H9ClN4O2/c14-8-4-2-1-3-6(8)11(19)7-5-16-10-9(7)17-13(15)18-12(10)20/h1-5,16H,(H3,15,17,18,20)";"False";"-1";"['LSPN447']";"['2-Amino-3H,5H-7-(2-chlorobenzoyl)pyrrolo[3,2-d]pyrimidin-4-one']"
"CHEMBL82755";"";"";"Small molecule";"";"328.44";"1";"1";"4.40";"74.69";"5";"2";"0";"7";"N";"0.38";"3";"MOL";"-1";"23";"-0.94";"C17H20N4OS";"CCCCCCSc1nc(O)c2[nH]c(-c3ccccc3)nc2n1";"RKBBGTGBNCABPV-UHFFFAOYSA-N";"InChI=1S/C17H20N4OS/c1-2-3-4-8-11-23-17-20-15-13(16(22)21-17)18-14(19-15)12-9-6-5-7-10-12/h5-7,9-10H,2-4,8,11H2,1H3,(H2,18,19,20,21,22)";"False";"-1";"['3i']";"['2-Hexylsulfanyl-8-phenyl-1,9-dihydro-purin-6-one']"
"CHEMBL1761219";"";"";"Small molecule";"";"368.43";"2";"3";"2.67";"66.15";"6";"1";"0";"5";"N";"0.55";"3";"MOL";"-1";"27";"-0.32";"C21H24N2O4";"CN1CCN(CCCOc2ccc3c(=O)c4ccc(O)cc4oc3c2)CC1";"WTACCMKFRSXSOC-UHFFFAOYSA-N";"InChI=1S/C21H24N2O4/c1-22-8-10-23(11-9-22)7-2-12-26-16-4-6-18-20(14-16)27-19-13-15(24)3-5-17(19)21(18)25/h3-6,13-14,24H,2,7-12H2,1H3";"False";"-1";"['14']";"['3-Hydroxy-6-[3-(methylpiperazylamino)-propoxy]xanthone']"
"CHEMBL5180223";"";"";"";"";"297.31";"1";"1";"2.75";"96.10";"5";"1";"0";"5";"N";"0.91";"2";"MOL";"-1";"22";"-1.20";"C16H15N3O3";"CC(C)COc1ccc(-c2nccc(C(=O)O)n2)cc1C#N";"OZLZEASJARYVND-UHFFFAOYSA-N";"InChI=1S/C16H15N3O3/c1-10(2)9-22-14-4-3-11(7-12(14)8-17)15-18-6-5-13(19-15)16(20)21/h3-7,10H,9H2,1-2H3,(H,20,21)";"False";"-1";"['15b']";"['2-(3-cyano-4-isobutoxyphenyl)pyrimidine-4-carboxylic acid']"
"CHEMBL315417";"";"";"Small molecule";"";"238.27";"1";"1";"0.93";"84.06";"7";"2";"0";"0";"N";"0.66";"0";"MOL";"-1";"16";"-0.74";"C9H10N4O2S";"CC1CSc2nc3nc(O)nc-3c(O)n2C1";"KBWBOXIKGICOJC-UHFFFAOYSA-N";"InChI=1S/C9H10N4O2S/c1-4-2-13-7(14)5-6(11-8(15)10-5)12-9(13)16-3-4/h4,14H,2-3H2,1H3,(H,10,15)";"False";"-1";"['4f']";"['2-Hydroxy-7-methyl-7,8-dihydro-3H,6H-5-thia-1,3,4,8a-tetraaza-cyclopenta[b]naphthalen-9-one']"
"CHEMBL226396";"6-CHLOROGUANINE";"";"Small molecule";"";"169.58";"9";"12";"0.59";"80.48";"4";"2";"0";"0";"N";"0.57";"2";"MOL";"-1";"11";"-0.75";"C5H4ClN5";"Nc1nc(Cl)c2nc[nH]c2n1";"RYYIULNRIVUMTQ-UHFFFAOYSA-N";"InChI=1S/C5H4ClN5/c6-3-2-4(9-1-8-2)11-5(7)10-3/h1H,(H3,7,8,9,10,11)";"False";"-1";"['XLIII, 6-Cg', 'F1', '6-chloroguanine', '3GOG', '10', 'M11', '19']";"['6-Chloroguanine', '2-amino-6-chloropurine', '6-chloroguanine', '6-chloro-9H-purin-2-amine', '2-amino-6-chloropurine', '6-chloro-9H-purin-2-amine', '6-chloro-9H-purin-2-amine']"
"CHEMBL6060531";"";"";"";"";"376.27";"1";"3";"None";"None";"None";"None";"None";"None";"None";"None";"None";"MOL";"-1";"None";"None";"C16H15N3O3Se";"Cc1nc(-c2ccc(N3CCOCC3)c(C#N)c2)[se]c1C(=O)O";"MQRMYFFHLCYXGN-UHFFFAOYSA-N";"InChI=1S/C16H15N3O3Se/c1-10-14(16(20)21)23-15(18-10)11-2-3-13(12(8-11)9-17)19-4-6-22-7-5-19/h2-3,8H,4-7H2,1H3,(H,20,21)";"False";"-1";"['BDBM352059']";"['US9802907, Compound 44']"
"CHEMBL85202";"";"";"Small molecule";"";"235.25";"1";"1";"1.19";"103.79";"5";"3";"0";"4";"N";"0.74";"2";"MOL";"-1";"17";"-1.05";"C10H13N5O2";"CCCCC(=O)Nc1nc(O)c2[nH]cnc2n1";"PJNMEDPAAGEGLE-UHFFFAOYSA-N";"InChI=1S/C10H13N5O2/c1-2-3-4-6(16)13-10-14-8-7(9(17)15-10)11-5-12-8/h5H,2-4H2,1H3,(H3,11,12,13,14,15,16,17)";"False";"-1";"['7b']";"['Pentanoic acid (6-oxo-6,9-dihydro-1H-purin-2-yl)-amide']"
"CHEMBL5945779";"";"";"";"";"293.28";"2";"6";"3.68";"94.46";"4";"2";"0";"2";"N";"0.75";"3";"MOL";"-1";"22";"-0.02";"C17H11NO4";"Cc1cc2c(-c3ccc(C(=O)O)c(O)c3)cc(C#N)cc2o1";"GSNLWIANZZQXNX-UHFFFAOYSA-N";"InChI=1S/C17H11NO4/c1-9-4-14-13(5-10(8-18)6-16(14)22-9)11-2-3-12(17(20)21)15(19)7-11/h2-7,19H,1H3,(H,20,21)";"False";"-1";"['BDBM377697']";"['US10266496, Example 18']"
"CHEMBL1761208";"";"";"Small molecule";"";"337.42";"5";"10";"4.20";"42.68";"4";"0";"0";"5";"N";"0.52";"3";"MOL";"-1";"25";"-0.60";"C21H23NO3";"O=c1c2ccccc2oc2cc(OCCCN3CCCCC3)ccc12";"LIFYJRQFNJPHLL-UHFFFAOYSA-N";"InChI=1S/C21H23NO3/c23-21-17-7-2-3-8-19(17)25-20-15-16(9-10-18(20)21)24-14-6-13-22-11-4-1-5-12-22/h2-3,7-10,15H,1,4-6,11-14H2";"False";"-1";"['2']";"['3-[3-(Piperidin-1-yl)-propoxy]xanthone']"
"CHEMBL448272";"";"";"Small molecule";"";"209.21";"4";"4";"1.20";"91.42";"5";"1";"0";"1";"N";"0.76";"2";"MOL";"-1";"16";"-2.48";"C11H7N5";"N#Cc1ccc(-n2ncc(C#N)c2N)cc1";"KWKMVMRUCNTSRC-UHFFFAOYSA-N";"InChI=1S/C11H7N5/c12-5-8-1-3-10(4-2-8)16-11(14)9(6-13)7-15-16/h1-4,7H,14H2";"False";"-1";"['3d']";"["5-Amino-1-(4'-cyanophenyl)-1H-pyrazole-4-carbonitrile"]"
"CHEMBL1320701";"";"";"Small molecule";"";"214.21";"25";"27";"-1.52";"113.65";"4";"4";"0";"1";"N";"0.14";"0";"MOL";"-1";"14";"-0.19";"C6H6N4O3S";"NC(S)=NC=C1C(=O)NC(=O)NC1=O";"FVQQNJKFOMSMDF-UHFFFAOYSA-N";"InChI=1S/C6H6N4O3S/c7-5(14)8-1-2-3(11)9-6(13)10-4(2)12/h1H,(H3,7,8,14)(H2,9,10,11,12,13)";"False";"-1";"['SID24821846', '8g']";"['SID24821846', '1-[(2,4,6-Trioxotetrahydropyrimidin-5(2H)-ylidene)methyl]thiourea']"
"CHEMBL17291";"CAFFEOYL ALDEHYDE";"";"Small molecule";"";"164.16";"7";"13";"1.31";"57.53";"3";"2";"0";"2";"Y";"0.39";"1";"MOL";"-1";"12";"1.60";"C9H8O3";"O=C/C=C/c1ccc(O)c(O)c1";"AXMVYSVVTMKQSL-OWOJBTEDSA-N";"InChI=1S/C9H8O3/c10-5-1-2-7-3-4-8(11)9(12)6-7/h1-6,11-12H/b2-1+";"False";"-1";"['1', '10', '17']";"['(E)-3-(3,4-Dihydroxy-phenyl)-propenal', 'caffeoyl aldehyde', '(E)-3-(3,4-dihydroxyphenyl)acrylaldehyde']"
"CHEMBL225853";"3-BROMOBOLDINE";"";"Small molecule";"";"406.28";"9";"18";"3.63";"62.16";"5";"2";"0";"2";"N";"0.80";"2";"MOL";"-1";"25";"1.83";"C19H20BrNO4";"COc1cc2c(cc1O)C[C@H]1c3c(c(Br)c(O)c(OC)c3-2)CCN1C";"ORZPHDSNVICTTE-LBPRGKRZSA-N";"InChI=1S/C19H20BrNO4/c1-21-5-4-10-15-12(21)6-9-7-13(22)14(24-2)8-11(9)16(15)19(25-3)18(23)17(10)20/h7-8,12,22-23H,4-6H2,1-3H3/t12-/m0/s1";"False";"-1";"['61', '6', '2', '1']";"['(S)-3-bromo-1,10-dimethoxy-6-methyl-5,6,6a,7-tetrahydro-4H-dibenzo[de,g]quinoline-2,9-diol', '3-bromoboldine', '3-bromoboldine', '3-Bromoboldine']"
"CHEMBL488848";"";"";"Small molecule";"";"326.35";"12";"14";"1.53";"105.45";"7";"3";"0";"6";"N";"0.68";"1";"MOL";"-1";"23";"2.27";"C16H22O7";"CCC[C@@H](O)C[C@H]1OC(=O)c2c(cc(OC)c(OC)c2O)[C@H]1O";"YVVVQBLWJYKSII-ZDSQKVDBSA-N";"InChI=1S/C16H22O7/c1-4-5-8(17)6-10-13(18)9-7-11(21-2)15(22-3)14(19)12(9)16(20)23-10/h7-8,10,13,17-19H,4-6H2,1-3H3/t8-,10-,13-/m1/s1";"False";"-1";"['5', '4']";"['(3R,4R)-4,8-dihydroxy-3-((R)-2-hydroxypentyl)-6,7-dimethoxyisochroman-1-one', '(3R,4R)-4,8-dihydroxy-3-((R)-2-hydroxypentyl)-6,7-dimethoxy-3,4-dihydroisochromen-1-one']"
"CHEMBL6000758";"";"";"";"";"435.26";"1";"3";"None";"None";"None";"None";"None";"None";"None";"None";"None";"MOL";"-1";"None";"None";"C19H11F3N2O2Se";"Cc1nc(-c2ccc(-c3ccc(C(F)(F)F)cc3)c(C#N)c2)[se]c1C(=O)O";"JHQTYOYUPSAPLO-UHFFFAOYSA-N";"InChI=1S/C19H11F3N2O2Se/c1-10-16(18(25)26)27-17(24-10)12-4-7-15(13(8-12)9-23)11-2-5-14(6-3-11)19(20,21)22/h2-8H,1H3,(H,25,26)";"False";"-1";"['BDBM352067']";"['US9802907, Compound 68']"
"CHEMBL82703";"";"";"Small molecule";"";"268.34";"1";"1";"2.44";"94.92";"6";"3";"0";"6";"N";"0.42";"2";"MOL";"-1";"18";"-0.89";"C11H16N4O2S";"CCCCCCSc1nc(O)c2[nH]c(O)nc2n1";"QASPLVUWJVVUJU-UHFFFAOYSA-N";"InChI=1S/C11H16N4O2S/c1-2-3-4-5-6-18-11-14-8-7(9(16)15-11)12-10(17)13-8/h2-6H2,1H3,(H3,12,13,14,15,16,17)";"False";"-1";"['3f']";"['2-Hexylsulfanyl-8-hydroxy-1,9-dihydro-purin-6-one']"
"CHEMBL96523";"";"";"Small molecule";"";"290.27";"2";"4";"1.55";"110.38";"6";"5";"0";"1";"N";"0.51";"2";"MOL";"-1";"21";"1.95";"C15H14O6";"Oc1ccc([C@@H]2Oc3c(ccc(O)c3O)C[C@H]2O)cc1O";"TXULLYMENMRLHL-OCCSQVGLSA-N";"InChI=1S/C15H14O6/c16-9-3-1-7(5-11(9)18)14-12(19)6-8-2-4-10(17)13(20)15(8)21-14/h1-5,12,14,16-20H,6H2/t12-,14+/m1/s1";"False";"-1";"['1']";"['(2S,3R)-2-(3,4-Dihydroxy-phenyl)-chroman-3,7,8-triol']"
"CHEMBL4079447";"";"";"Small molecule";"";"288.70";"1";"2";"1.75";"98.82";"5";"3";"0";"3";"N";"0.50";"3";"MOL";"-1";"20";"-1.99";"C12H9ClN6O";"O=c1nc(N/N=C/c2cccc(Cl)c2)c2cn[nH]c2[nH]1";"LIXMTGZQYVUZFB-LHHJGKSTSA-N";"InChI=1S/C12H9ClN6O/c13-8-3-1-2-7(4-8)5-14-18-10-9-6-15-19-11(9)17-12(20)16-10/h1-6H,(H3,15,16,17,18,19,20)/b14-5+";"False";"-1";"['172']";"['4-(2-(3-chlorobenzylidene)hydrazinyl)-1H-pyrazolo[3,4-d]pyrimidin-6(7H)-one']"
"CHEMBL399121";"HESPERETIN";"(-)-HESPERETIN|ERIODICTYOL 4'-MONOMETHYL ETHER|FEMA NO. 4313|HESPERETIN|HESPERITIN|NSC-57654";"Small molecule";"0.5";"302.28";"151";"299";"2.52";"96.22";"6";"3";"0";"2";"N";"0.79";"2";"MOL";"0";"22";"1.71";"C16H14O6";"COc1ccc([C@@H]2CC(=O)c3c(O)cc(O)cc3O2)cc1O";"AIONOLUJZLIMTK-AWEZNQCLSA-N";"InChI=1S/C16H14O6/c1-21-13-3-2-8(4-10(13)18)14-7-12(20)16-11(19)5-9(17)6-15(16)22-14/h2-6,14,17-19H,7H2,1H3/t14-/m0/s1";"False";"0";"['Hesperetin', 'Hesperetin', 'Hesperetin', 'HESPERETIN', '39', 'hesperetin', 'hesperetin', '2', '1', 'hesperetin', 'Hesperetin', '24', '16', 'b', 'Hesperetin', 'Hesperitin', '16', '1', '16', '6', '33', '13', 'Hesperetin', 'SID26754195', 'Hesperetin', '10', 'Hesperetin', '22', 'hesperitin', 'hesperitin', '20', 'SID11112384', 'SID11112385', '12', 'Hesperetin', '38', 'Hesperetin', 'SID124882313', 'SID56463566', '3', 'Hesperetin', '24', '2', 'Hesperetin', '8', 'Hesperetine', 'Hesperetin', 'Hesperetin', 'HESPERETIN', '1; Hes', 'NP-13', '28', 'NSC-57654', '2, hesperetin', 'Hesperetin', '10', 'Hesperetin', 'Hesperetin', 'Hesperetin', 'COVC-3894766954', '65', 'hesperetin', 'Hesperetin', '78', '16', 'HESPERETIN', '28a']";"['Hesperetin', 'Hesperetin', 'Hesperetin', 'HESPERETIN', '5,7-dihydroxy-2-(3-hydroxy-4-methoxyphenyl)-2,3-dihydrochromen-4-one', 'hesperetin', 'hesperetin', 'Hesperetin', '5,7-Dihydroxy-2-(3-hydroxy-4-methoxy-phenyl)-chroman-4-one', '(S)-5,7-dihydroxy-2-(3-hydroxy-4-methoxyphenyl)-2,3-dihydrochromen-4-one', 'Hesperetin', '5,7-dihydroxy-2-(3-hydroxy-4-methoxyphenyl)chroman-4-one', 'Hesperitin', 'Hesperetin', 'Hesperetin', 'Hesperitin', 'Hesperetin', 'Hesperetin', 'Hesperetin', 'Hesperetin', 'hesperetin', 'Hesperetin', 'Hesperetin', 'SID26754195', 'Hesperetin', 'hesperetin', 'Hesperetin', 'Hesperetin', 'hesperitin', 'hesperitin', 'Hesperetin', 'SID11112384', 'SID11112385', 'Hesperetin', 'Hesperetin', 'hesperetin', 'Hesperetin', 'SID124882313', 'SID56463566', '(S)-5,7-dihydroxy-2-(3-hydroxy-4-methoxyphenyl)chroman-4-one', 'Hesperetin', 'Hesperetin', 'Hesperetin', 'Hesperetin', 'hesperetin', 'Hesperetine', 'Hesperetin', 'Hesperetin', 'HESPERETIN', 'Hesperetin', 'Hesperetin', 'Hesperetin', '5,7-dihydroxy-2-(3-hydroxy-4-methoxyphenyl)chroman-4-one', "5,7,3'-Trihydroxy-4'-methoxy flavanone", 'Hesperetin', 'Hesperetin', 'Hesperetin', 'Hesperetin', 'Hesperetin', 'HESPERETIN', 'Hesperetin', 'hesperetin', 'Hesperetin', 'Hesperetin', '(2S)-hesperetin', 'HESPERETIN', 'Hesperetin']"
"CHEMBL5188265";"";"";"";"";"383.41";"1";"1";"3.21";"103.57";"5";"2";"0";"4";"N";"0.56";"4";"MOL";"-1";"29";"-1.76";"C22H17N5O2";"Cc1ccc(Cn2cc(C#N)c3cc(NC(=O)c4cc(=O)[nH]cn4)ccc32)cc1";"ULDOZNVJKBHRDT-UHFFFAOYSA-N";"InChI=1S/C22H17N5O2/c1-14-2-4-15(5-3-14)11-27-12-16(10-23)18-8-17(6-7-20(18)27)26-22(29)19-9-21(28)25-13-24-19/h2-9,12-13H,11H2,1H3,(H,26,29)(H,24,25,28)";"False";"-1";"['13u']";"['N-(3-cyano-1-(4-methylbenzyl)-1H-indol-5-yl)-6-oxo-1,6-dihydropyrimidine-4-carboxamide']"
"CHEMBL5182369";"";"";"";"";"278.32";"2";"3";"3.26";"74.73";"5";"1";"0";"2";"N";"0.78";"3";"MOL";"-1";"21";"-1.49";"C16H14N4O";"CC(C)n1cc(C#N)c2cc(-c3nccc(O)n3)ccc21";"TZLZDYRFFXLMRX-UHFFFAOYSA-N";"InChI=1S/C16H14N4O/c1-10(2)20-9-12(8-17)13-7-11(3-4-14(13)20)16-18-6-5-15(21)19-16/h3-7,9-10H,1-2H3,(H,18,19,21)";"False";"-1";"['25c']";"['1-isopropyl-5-(6-oxo-1,6-dihydropyrimidin-2-yl)-1H-indole-3-carbonitrile']"
"CHEMBL359819";"";"";"Small molecule";"";"290.29";"10";"17";"4.75";"30.21";"2";"0";"0";"1";"N";"0.47";"4";"MOL";"-1";"22";"-0.02";"C19H11FO2";"O=c1cc(-c2ccc(F)cc2)oc2c1ccc1ccccc12";"JAMZATGDOYWHQS-UHFFFAOYSA-N";"InChI=1S/C19H11FO2/c20-14-8-5-13(6-9-14)18-11-17(21)16-10-7-12-3-1-2-4-15(12)19(16)22-18/h1-11H";"False";"-1";"['A-9', '75', 'NF-4', '9c', 'Fig 5, Cpd 2']";"['2-(4-fluorophenyl)-4H-benzo[h]chromen-4-one', '2-(4-Fluoro-phenyl)-benzo[h]chromen-4-one', '2-(4-Fluorophenyl)-4H-benzo[h]chromen-4-one', '2-(4-fluorophenyl)-4H-benzo[h]chromen-4-one', '2-(4-fluorophenyl)-4H-benzo[h]chromen-4-one']"
"CHEMBL153";"TROLOX";"";"Small molecule";"";"250.29";"92";"891";"2.49";"66.76";"3";"2";"0";"1";"N";"0.80";"1";"MOL";"-1";"18";"1.56";"C14H18O4";"Cc1c(C)c2c(c(C)c1O)CCC(C)(C(=O)O)O2";"GLEVLJDDWXEYCO-UHFFFAOYSA-N";"InChI=1S/C14H18O4/c1-7-8(2)12-10(9(3)11(7)15)5-6-14(4,18-12)13(16)17/h15H,5-6H2,1-4H3,(H,16,17)";"False";"-1";"['Trolox', 'Trolox', 'Trolox', 'Trolox', '8 (Trolox)', 'Trolox', 'TroH', 'Trolox', 'Trolox', 'Trolox', 'Trolox', 'Trolox', '31, Trolox', '26', 'Trolox', 'Trolox', 'Trolox', 'Trolox', 'Trolox', 'Trx', 'Trolox', '27c', 'Trolox', 'Trolox', 'Trolox', 'Trolox', 'Trolox', 'Trolox', 'Trolox', 'Trolox', 'Trolox', 'Trolox', 'Trolox', 'Trolox', 'Trolox', 'Trolox', 'Trolox', 'Trolox', 'Trolox', 'Trolox', 'Trolox', 'Trolox', 'Trolox', 'trolox', 'Trolox', 'Trolox', 'TROLOX', 'Troxol', 'Trolox', 'Trolox', 'Trolox', 'Trolox', 'Trolox', 'Trolox', 'Trolox', 'Trolox', 'Trolox', 'trolox', 'Trolox', 'Trolox', 'Trolox', 'trolox', 'trolox', 'trolox', 'Trolox', 'trolox', 'trolox', 'Trolox', 'Trolox', 'Trolox', 'Trolox', '5', 'Trolox', 'Trolox', 'trolox', 'Trolox', 'Trolox', 'Trolox', 'trolox', 'Trolox', 'Trolox', 'Trolox', 'Trolox', 'Trolox', 'Trolox', 'Trolox', 'Trolox', 'trolox', 'Trolox', 'trolox', 'Trolox', 'Trolox', 'Trolox', '32', 'Trolox', 'Trolox', 'Trolox', 'Trolox', 'Trolox', 'Trolox', 'Trolox', 'Trolox', 'Trolox', 'Trolox', 'Trolox', 'Trolox', 'Trolox', 'Trolox', 'Trolox', 'Trolox', '2', 'Trolox', 'Trolox', 'Trolox', 'Trolox', 'Trolox', 'Trolox', 'Trolox', 'Trolox', 'Trolox', 'Trolox', 'Trolox', 'Trolox', 'Trolox', 'Trolox', 'Trolox', 'Trolox', 'Trolox', 'Trolox', 'Trolox', 'Trolox', 'Trolox', 'Trolox', 'Trolox', 'Trolox', 'trolox', 'trolox', 'Trolox', '10', 'Trolox', 'Trolox', 'Trolox', 'Trolox', '14', 'Trolox', 'Trolox', 'Trolox', 'Trolox', '12', 'Trolox', 'trolox', 'Trolox', 'trolox', 'Trolox', 'Trolox', 'Trolox', 'Trolox', 'Trolox', 'Trolox', 'trolox', 'trolox', 'Trolox', 'Trolox', 'Trolox', 'Trolox', 'Trolox', 'trolox', 'Page1122, R24C1', 'Trolox', 'Trolox', 'Trolox', 'Trolox', 'Trolox', 'Trolox', 'trolox', 'trolox', 'trolox', 'Trolox', 'Trolox', 'Trolox', 'Trolox', 'Trolox', 'Trolox', 'Trolox', 'Trolox', 'Trolox', 'Trolox', 'trolox', 'trolox', 'Trolox', 'trolox', 'trolox', 'Trolox', 'trolox', 'Trolox', 'Trolox', 'Trolox', 'Trolox', 'Trolox', 'Trolox', 'Trolox', 'Trolox', 'Trolox', 'trolox', 'Trolox', 'Trolox', 'Trolox', 'SID56463570', 'Trolox', 'Trolox', 'Trolox', 'Trolox', 'Trolox', 'Trolox', 'Trolox', '2a', 'Trolox', 'trolox', 'Trolox', 'Trolox', 'Trolox', 'Trolox', 'Trolox', 'Trolox', 'Trolox', 'Trolox', 'Trolox', 'Trolox', 'Trolox', 'Trolox', 'Trolox', 'Trolox', 'Trolox', 'Trolox', 'Trolox', 'Trolox', 'Trolox', 'Trolox', 'Trolox', '2', 'TRX; Trolox', 'Trolox', 'trolox', 'Trolox', 'Trolox', 'Trolox', 'Trolox', 'Trolox', 'Trolox', 'Trolox', 'Trolox', 'Trolox', 'Trolox', 'Trolox', 'Trolox', 'Trolox', 'Trolox', 'Trolox', 'Trolox', 'Trolox', 'Trolox', 'Trolox', 'Trolox', 'Trolox', 'COVC-2288770540', 'BA1000643', 'Trolox', 'Trolox', 'Trolox', 'Trolox', 'Trolox', 'Trolox', 'Trolox', 'Trolox', 'Trolox', 'Trolox', 'Trolox', 'Trolox', 'Trolox', 'Trolox', 'Trolox', 'Trolox', 'Trolox', 'Trolox', 'Trolox', 'Trolox', 'Trolox', 'Trolox', 'Trolox', 'Trolox', 'Trolox', 'Trolox', 'Trolox', 'Trolox', 'Trolox', 'Trolox', 'Trolox', 'Trolox', 'Trolox', 'Trolox', 'Trolox', 'Trolox', 'Trolox', 'Trolox', 'Trolox', 'Trolox', 'Trolox', 'Trolox', 'Trolox', 'Trolox', 'Trolox', 'Trolox', 'Trolox', 'Trolox; Trolox(R)', 'Trolox', 'Trolox', 'Trl', 'Trolox', 'Trolox', 'Trolox', 'Trolox', 'Trolox', 'Trolox', 'Trolox']";"['Trolox', 'Trolox', 'Trolox', 'Trolox', '6-Hydroxy-2,5,7,8-tetramethyl-chroman-2-carboxylic acid (Trolox)', 'Trolox', 'Trolox', 'Trolox', '6-Hydroxy-2,5,7,8-tetramethyl-chroman-2-carboxylic acid', 'Trolox', '6-Hydroxy-2,5,7,8-tetramethyl-chroman-2-carboxylic acid (Trolox)', 'Trolox', '6-hydroxy-2,5,7,8-tetramethyl-chroman-2-carboxylicacid', '6-Hydroxy-2,5,7,8-tetramethyl-chroman-2-carboxylic acid', 'Trolox', 'Trolox', 'Trolox', 'Trolox', 'Trolox', 'Trolox', 'Trolox', '6-Hydroxy-2,5,7,8-tetramethyl-chroman-2-carboxylic acid', '6-Hydroxy-2,5,7,8-tetramethyl-chroman-2-carboxylic acid (Trolox)', 'Trolox', '6-hydroxy-2,5,7,8-tetramethychroman-2-carboxylic acid', '6-Hydroxy-2,5,7,8-tetramethyl-chroman-2-carboxylic acid', 'Trolox', 'Trolox', 'Trolox', 'Trolox', 'Trolox', 'Trolox', 'Trolox', 'Trolox', 'Trolox', 'Trolox', '6-hydroxy-2,5,7,8-tetramethyl-3,4-dihydro-2H-chromene-2-carboxylic acid', 'Trolox', 'Trolox', 'Trolox', 'Trolox', 'Trolox', 'Trolox', 'trolox', 'Trolox', '6-hydroxy-2,5,7,8-tetramethylchromane-2carboxylic acid', '6-hydroxy-2,5,7,8-tetramethyl-3,4-dihydro-2H-chromene-2-carboxylic acid', '6-hydroxy-2,5,7,8-tetramethyl-3,4-dihydro-2H-chromene-2-carboxylic acid', 'Trolox', 'Trolox', 'Trolox', 'Trolox', 'Trolox', 'Trolox', 'Trolox', 'Trolox', '6-hydroxy-2,5,7,8-tetramethyl-3,4-dihydro-2H-chromene-2-carboxylic acid', 'trolox', 'Trolox', 'Trolox', 'Trolox', '6-hydroxy-2,5,7,8-tetramethyl-3,4-dihydro-2H-chromene-2-carboxylic acid', 'trolox', 'trolox', 'Trolox', '6-hydroxy-2,5,7,8-tetramethylchroman-2-carboxylic acid', 'trolox', 'Trolox', '6-hydroxy-2,5,7,8-tetramethylchroman-2-carboxylic acid', '6-Hydroxy-2,5,7,8-tetramethyl-chroman-2-carboxylic acid', '6-Hydroxy-2,5,7,8-tetramethyl-chroman-2-carboxylic acid', '(6-Hydroxy-2,5,7,8-tetramethyl-chroman-2-yl)-acetic acid', 'Trolox', 'Trolox', '6-Hydroxy-2,5,7,8-tetramethyl-chroman-2-carboxylic acid', 'Trolox', 'Trolox', 'Trolox', 'trolox', '6-hydroxy-2,5,7,8-tetramethyl-3,4-dihydro-2H-chromene-2-carboxylic acid', 'Trolox', 'Trolox', 'Trolox', 'Trolox', 'Trolox', 'Trolox', 'Trolox', 'trolox', 'trolox', '6-hydroxy-2,5,7,8-tetramethyl-3,4-dihydro-2H-chromene-2-carboxylic acid', 'Trolox', 'Trolox', 'Trolox', '6-hydroxy-2,5,7,8-tetramethylchroman-2-carboxylic acid', 'Trolox', 'Trolox', 'Trolox', '(+/-)-6-hydroxy-2,5,7,8-tetramethylchroman-2-carboxylic acid', 'Trolox', '6-hydroxy-2,5,7,8-tetramethylchroman-2-carboxylic acid', 'Trolox', 'Trolox', 'Trolox', 'Trolox', 'Trolox', 'Trolox', '6-hydroxy-2,5,7,8-tetramethyl chroman-2-carboxylic acid', 'Trolox', 'Trolox', 'Trolox', 'Trolox', 'Trolox', 'Trolox', 'Trolox', 'Trolox', '6-hydroxy-2,5,7,8-tetramethylchroman-2-carboxylic acid', '6-hydroxy-2,5,7,8-tetramethylchroman-2-carboxylic acid', 'Trolox', 'Trolox', 'Trolox', 'Trolox', '6-Hydroxy-2,5,7,8-tetramethyl-chroman-2-carboxylic acid', '6-hydroxy-2,5,7,8-tetramethylchroman-2-carboxylic acid', '(6-Hydroxy-2,5,7,8-tetramethyl-chroman-2-yl)-acetic acid', '6-Hydroxy-2,5,7,8-tetramethyl-chroman-2-carboxylic acid', 'Trolox', 'Trolox', 'Trolox', 'Trolox', 'Trolox', 'Trolox', 'Trolox', '6-hydroxy-2,5,7,8-tetramethylchroman-2-carboxylic acid', '6-hydroxy-2,5,7,8-tetramethylchroman-2-carboxylic acid', 'Trolox', '2,6-Di-tert-butyl-4-methyl-phenol', '6-hydroxy-2,5,7,8-tetramethyl-3,4-dihydro-2H-chromene-2-carboxylic acid', 'Trolox', 'Trolox', 'Trolox', 'Trolox', 'Trolox', '6-Hydroxy-2,5,7,8-tetramethyl-chroman-2-carboxylic acid', '6-Hydroxy-2,5,7,8-tetramethyl-chroman-2-carboxylic acid', 'Trolox', 'Trolox', 'Trolox', 'Trolox', '6-Hydroxy-2,5,7,8-tetramethyl-chroman-2-carboxylic acid', '6-Hydroxy-2,5,7,8-tetramethyl-chroman-2-carboxylic acid', '6-Hydroxy-2,5,7,8-tetramethyl-chroman-2-carboxylic acid', 'Trolox', 'trolox', 'Trolox', 'Trolox', 'Trolox', '6-Hydroxy-2,5,7,8-tetramethyl-chroman-2-carboxylic acid', 'Trolox', '6-Hydroxy-2,5,7,8-tetramethyl-chroman-2-carboxylic acid', 'trolox', 'trolox', '6-hydroxy-2,5,7,8-tetramethyl-3,4-dihydro-2H-chromene-2-carboxylic acid', '6-Hydroxy-2,5,7,8-tetramethyl-chroman-2-carboxylic acid', 'Trolox', '6-hydroxy-2,5,7,8-tetramethyl-3,4-dihydro-2H-chromene-2-carboxylic acid', 'Trolox', 'trolox', '6-hydroxy-2,5,7,8-tetramethylchroman-2-carboxylic acid', 'Trolox', 'Trolox', 'Trolox', 'Trolox', 'Trolox', 'Trolox', 'trolox', 'trolox', 'trolox', '6-hydroxy-2,5,7,8-tetramethylchroman-2-carboxylic acid', 'Trolox', '6-hydroxy-2,5,7,8-tetramethyl-3,4-dihydro-2H-chromene-2-carboxylic acid', 'Trolox', 'Trolox', 'Trolox', 'Trolox', 'Trolox', 'Trolox', 'Trolox', 'trolox', 'trolox', 'Trolox', 'trolox', 'trolox', 'Trolox', 'trolox', 'Trolox', 'Trolox', 'Trolox', 'Trolox', 'Trolox', 'Trolox', '6-hydroxy-2,5,7,8-tetramethyl-3,4-dihydro-2H-chromene-2-carboxylic acid', 'Trolox', 'Trolox', 'trolox', 'Trolox', 'Trolox', 'Trolox', 'SID56463570', '6-hydroxy-2,5,7,8-tetramethylchroman-2-carboxylic acid', 'Trolox', 'Trolox', 'Trolox', 'Trolox', 'Trolox', 'Trolox', 'Trolox', 'Trolox', 'trolox', 'Trolox', 'Trolox', '6-hydroxy-2,5,7,8-tetramethylchroman-2-carboxylic acid', 'Trolox', 'Trolox', 'Trolox-C', 'Trolox', 'Trolox', 'Trolox', 'Trolox', 'Trolox', 'Trolox', 'Trolox', 'Trolox', 'Trolox', 'Trolox', '(+/-)-6-hydroxy-2,5,7,8-tetramethylchromane-2-carboxylic acid', 'Trolox', 'Trolox', 'Trolox', 'Trolox', 'Trolox', '(+/-)-6-hydroxy-2,5,7,8-tetramethylchromane-2-carboxylic acid', 'Trolox', 'trolox', 'Trolox', 'Trolox', 'Trolox', 'Trolox', 'Trolox', 'Trolox', 'Trolox', 'Trolox', '6-hydroxy-2,5,7,8-tetramethylchroman-2-carboxylic acid', 'Trolox', 'Trolox', 'Trolox', 'Trolox', 'Trolox', 'Trolox', 'Trolox', 'Trolox', '6-hydroxy-2,5,7,8-tetramethylchroman-2-carboxylic acid', 'Trolox', 'Trolox', 'Trolox', 'TROLOX', 'TROLOX', 'Trolox', '6-hydroxy-2,5,7,8-chroman-2-carboxylic acid', '(+/-)-6-hydroxy-2,5,7,8-tetramethyl-chromane-2-carboxylic acid', 'Trolox', 'Trolox', 'Trolox', 'Trolox', 'Trolox', '6-hydroxy-2,5,7,8-tetramethylchroman-2-carboxylic acid', 'Trolox', 'Trolox', 'Trolox', 'Trolox', 'Trolox', 'Trolox', 'Trolox', '6-hydroxy-2,5,7,8-tetramethylchroman-2-carboxylic acid', 'Trolox', 'Trolox', 'Trolox', 'Trolox', 'Trolox', 'Trolox', 'Trolox', 'Trolox', 'Trolox', 'Trolox', 'Trolox', 'Trolox', 'Trolox', 'Trolox', 'Trolox', 'Trolox', 'Trolox', 'Trolox', 'Trolox', 'Trolox', 'Trolox', 'Trolox', 'Trolox', 'Trolox', 'Trolox', 'Trolox', 'Trolox', 'Trolox', 'Trolox', 'Trolox', '6-Hydroxy-2,5,7,8-tetramethylchroman-2-carboxylic Acid', 'Trolox', 'Trolox', 'Trolox', 'Trolox', 'Trolox', 'Trolox', 'Trolox', 'Trolox', 'Trolox', '6-hydroxy-2,5,7,8-tetramethyl-chroman-2-carboxylic acid']"
"CHEMBL504233";"";"";"Small molecule";"";"612.49";"2";"2";"-2.72";"289.66";"17";"11";"3";"6";"N";"0.13";"3";"MOL";"-1";"43";"1.93";"C26H28O17";"O=c1c(O)c(-c2ccc(O)cc2)oc2c(OC3OC[C@@H](O)[C@H](O)[C@H]3O)c(O)c(OC3O[C@H](CO)[C@@H](O)[C@H](O)[C@H]3O)c(O)c12";"GNEFZZUSUHJHGA-PLHTTXJUSA-N";"InChI=1S/C26H28O17/c27-5-10-13(31)16(34)19(37)26(40-10)42-23-15(33)11-14(32)17(35)21(7-1-3-8(28)4-2-7)41-22(11)24(20(23)38)43-25-18(36)12(30)9(29)6-39-25/h1-4,9-10,12-13,16,18-19,25-31,33-38H,5-6H2/t9-,10-,12+,13-,16+,18-,19-,25?,26?/m1/s1";"False";"-1";"['19']";"['6-glucosyl-8-xylosylapigenin']"
"CHEMBL1350600";"";"";"Small molecule";"";"254.25";"14";"14";"1.80";"81.02";"6";"1";"0";"2";"N";"0.75";"3";"MOL";"-1";"19";"-0.71";"C13H10N4O2";"COc1ccc(-c2cnc3ncnc(O)c3n2)cc1";"XBLJKEBOGZCRSS-UHFFFAOYSA-N";"InChI=1S/C13H10N4O2/c1-19-9-4-2-8(3-5-9)10-6-14-12-11(17-10)13(18)16-7-15-12/h2-7H,1H3,(H,14,15,16,18)";"False";"-1";"['SID14727934', '3']";"['SID14727934', '6-(4-methoxyphenyl)pteridin-4(3H)-one']"
"CHEMBL4159047";"";"";"Small molecule";"";"352.42";"11";"12";"2.09";"78.67";"5";"2";"0";"3";"N";"0.29";"2";"MOL";"-1";"25";"-0.91";"C18H16N4O2S";"CC(NN)=C1C(=O)N(c2ccccc2)C(=S)N(c2ccccc2)C1=O";"ZJYZUNVXEBZSSR-UHFFFAOYSA-N";"InChI=1S/C18H16N4O2S/c1-12(20-19)15-16(23)21(13-8-4-2-5-9-13)18(25)22(17(15)24)14-10-6-3-7-11-14/h2-11,20H,19H2,1H3";"False";"-1";"['6a']";"['5-(1-Hydrazinylethylidene)-1,3-diphenyl-2-thioxodihydropyrimidine-4,6(1H,5H)-dione']"
"CHEMBL5410457";"";"";"";"";"337.42";"1";"1";"4.70";"86.01";"4";"2";"0";"9";"N";"0.65";"2";"MOL";"-1";"25";"-1.02";"C20H23N3O2";"CCCCCCCNc1ccc(-c2cc(C(=O)O)ccn2)cc1C#N";"JLQAFMUTRMZOOQ-UHFFFAOYSA-N";"InChI=1S/C20H23N3O2/c1-2-3-4-5-6-10-22-18-8-7-15(12-17(18)14-21)19-13-16(20(24)25)9-11-23-19/h7-9,11-13,22H,2-6,10H2,1H3,(H,24,25)";"False";"-1";"['64']";"['2-(3-cyano-4-(heptylamino)phenyl)isonicotinic acid']"
"CHEMBL5829928";"";"";"";"";"401.71";"1";"3";"None";"None";"None";"None";"None";"None";"None";"None";"None";"MOL";"-1";"None";"None";"C18H11ClN2O2Se";"Cc1nc(-c2ccc(-c3ccc(Cl)cc3)c(C#N)c2)[se]c1C(=O)O";"LELWRXYBTGJGMD-UHFFFAOYSA-N";"InChI=1S/C18H11ClN2O2Se/c1-10-16(18(22)23)24-17(21-10)12-4-7-15(13(8-12)9-20)11-2-5-14(19)6-3-11/h2-8H,1H3,(H,22,23)";"False";"-1";"['BDBM352042']";"['US9802907, Compound 21']"
"CHEMBL5202331";"";"";"";"";"323.36";"1";"1";"2.61";"107.45";"5";"2";"0";"5";"N";"0.75";"3";"MOL";"-1";"24";"-1.12";"C17H17N5O2";"CC(C)CCOc1ccc(-c2ncc3c(=O)[nH][nH]c3n2)cc1C#N";"QULVRWGNRWFLOG-UHFFFAOYSA-N";"InChI=1S/C17H17N5O2/c1-10(2)5-6-24-14-4-3-11(7-12(14)8-18)15-19-9-13-16(20-15)21-22-17(13)23/h3-4,7,9-10H,5-6H2,1-2H3,(H2,19,20,21,22,23)";"False";"-1";"['19c']";"['6-(3-cyano-4-isopentyloxyphenyl)-1,2-dihydro-3H-pyrazolo[3,4-d]pyrimidin-3-one']"
"CHEMBL5746480";"";"";"";"";"381.27";"1";"6";"1.23";"132.87";"6";"4";"0";"3";"N";"0.54";"3";"MOL";"-1";"27";"-1.82";"C15H10F3N5O4";"O=C(Nc1ccc(-n2cc(C(F)(F)F)cn2)cc1)c1c(O)[nH]c(=O)[nH]c1=O";"YJQAQGGWTOQBMG-UHFFFAOYSA-N";"InChI=1S/C15H10F3N5O4/c16-15(17,18)7-5-19-23(6-7)9-3-1-8(2-4-9)20-11(24)10-12(25)21-14(27)22-13(10)26/h1-6H,(H,20,24)(H3,21,22,25,26,27)";"False";"-1";"['BDBM458108', 'BDBM458108']";"['US10752613, Compound Formula (Ik)::US11161835, Compound Formula (Ik)', 'US10752613, Compound Formula (Ik)::US11161835, Compound Formula (Ik)']"
"CHEMBL6055160";"";"";"";"";"405.38";"1";"3";"None";"None";"None";"None";"None";"None";"None";"None";"None";"MOL";"-1";"None";"None";"C18H18N2O2SSe";"Cc1nc(-c2ccc(SC3CCCCC3)c(C#N)c2)[se]c1C(=O)O";"XWQZGBSSSNZOIO-UHFFFAOYSA-N";"InChI=1S/C18H18N2O2SSe/c1-11-16(18(21)22)24-17(20-11)12-7-8-15(13(9-12)10-19)23-14-5-3-2-4-6-14/h7-9,14H,2-6H2,1H3,(H,21,22)";"False";"-1";"['BDBM352072']";"['US9802907, Compound 83']"
"CHEMBL3331616";"";"";"Small molecule";"";"377.30";"2";"4";"None";"None";"None";"None";"None";"None";"None";"None";"None";"MOL";"-1";"None";"None";"C17H18N2O3Se";"Cc1nc(-c2ccc(OCCC(C)C)c(C#N)c2)[se]c1C(=O)O";"VGMHPKSVFAHOHY-UHFFFAOYSA-N";"InChI=1S/C17H18N2O3Se/c1-10(2)6-7-22-14-5-4-12(8-13(14)9-18)16-19-11(3)15(23-16)17(20)21/h4-5,8,10H,6-7H2,1-3H3,(H,20,21)";"False";"-1";"['9d', 'BDBM50057016']";"['2-(3-cyano-4-iso-amyloxyphenyl)-4-methyl-1,3-selenazole-5-carboxylicacid', 'CHEMBL3331616::US9802907, Compound 9']"
"CHEMBL3823604";"";"";"Small molecule";"";"375.36";"5";"20";"3.34";"100.29";"7";"1";"0";"9";"N";"0.23";"1";"MOL";"-1";"25";"0.17";"C16H26NO7P";"CCOP(=O)(OCC)C(C)(C)/[N+]([O-])=C/c1cc(OC)c(O)c(OC)c1";"ZBAIWBZNZXLNSZ-BOPFTXTBSA-N";"InChI=1S/C16H26NO7P/c1-7-23-25(20,24-8-2)16(3,4)17(19)11-12-9-13(21-5)15(18)14(10-12)22-6/h9-11,18H,7-8H2,1-6H3/b17-11-";"False";"-1";"['4i']";"['2-(Diethoxyphosphoryl)-N-(4-hydroxy-3,5-dimethoxybenzylidene)propan-2-amineoxide']"
"CHEMBL4105303";"";"";"Small molecule";"";"266.26";"1";"2";"1.27";"91.73";"5";"2";"0";"1";"N";"0.54";"4";"MOL";"-1";"20";"-1.78";"C13H10N6O";"Cc1ccc(-c2nc3c4cn[nH]c4[nH]c(=O)n3n2)cc1";"FMFKDDRKBJTCEB-UHFFFAOYSA-N";"InChI=1S/C13H10N6O/c1-7-2-4-8(5-3-7)10-15-12-9-6-14-17-11(9)16-13(20)19(12)18-10/h2-6H,1H3,(H2,14,16,17,20)";"False";"-1";"['233']";"['2-p-tolyl-6,7-dihydro-5H-pyrazolo[4,3-e][1,2,4]triazolo[1,5-c]pyrimidin-5-one']"
"CHEMBL4161670";"";"";"Small molecule";"";"378.30";"11";"12";"0.74";"168.03";"9";"2";"0";"5";"N";"0.32";"1";"MOL";"-1";"27";"-1.44";"C14H14N6O7";"CC(NNc1ccc([N+](=O)[O-])cc1[N+](=O)[O-])=C1C(=O)N(C)C(=O)N(C)C1=O";"OCIVARXWZWPHRF-UHFFFAOYSA-N";"InChI=1S/C14H14N6O7/c1-7(11-12(21)17(2)14(23)18(3)13(11)22)15-16-9-5-4-8(19(24)25)6-10(9)20(26)27/h4-6,15-16H,1-3H3";"False";"-1";"['6f']";"['5-(1-(2-(2,4-Dinitrophenyl)hydrazinyl)ethylidene)-1,3-dimethylpyrimidine-2,4,6(1H,3H,5H)-trione']"
"CHEMBL4160168";"";"";"Small molecule";"";"214.21";"11";"12";"-1.93";"113.32";"4";"4";"0";"1";"N";"0.23";"0";"MOL";"-1";"14";"-0.91";"C6H6N4O3S";"NC(=O)NC=C1C(=O)NC(=S)NC1=O";"RFPFXOBQNVWLPT-UHFFFAOYSA-N";"InChI=1S/C6H6N4O3S/c7-5(13)8-1-2-3(11)9-6(14)10-4(2)12/h1H,(H3,7,8,13)(H2,9,10,11,12,14)";"False";"-1";"['8a']";"['1-[(4,6-Dioxo-2-thioxotetrahydropyrimidin-5(2H)-ylidene)methyl]urea']"
"CHEMBL470054";"BOLETININ C";"";"Small molecule";"";"322.49";"3";"6";"4.07";"60.69";"3";"3";"0";"12";"N";"0.47";"0";"MOL";"-1";"23";"2.62";"C20H34O3";"C=C(CC/C=C(\C)CO)C(O)CC/C(C)=C/CC/C(C)=C/CO";"SLESHBGGKCSEJE-DVKPPUIYSA-N";"InChI=1S/C20H34O3/c1-16(7-5-8-17(2)13-14-21)11-12-20(23)19(4)10-6-9-18(3)15-22/h7,9,13,20-23H,4-6,8,10-12,14-15H2,1-3H3/b16-7+,17-13+,18-9+";"False";"-1";"['5']";"['Boletinin C']"
"CHEMBL469296";"BOLETININ A";"";"Small molecule";"";"322.49";"3";"6";"4.07";"60.69";"3";"3";"0";"11";"N";"0.50";"0";"MOL";"-1";"23";"2.89";"C20H34O3";"C/C(=C\CCC(C)(O)/C=C/C/C(C)=C/CC/C(C)=C/CO)CO";"QVPAFHFVRMUTMO-AOMRLLSLSA-N";"InChI=1S/C20H34O3/c1-17(8-5-9-18(2)12-15-21)10-6-13-20(4,23)14-7-11-19(3)16-22/h6,8,11-13,21-23H,5,7,9-10,14-16H2,1-4H3/b13-6+,17-8+,18-12+,19-11+";"False";"-1";"['3']";"['boletinin A']"
"CHEMBL5845873";"";"";"";"";"313.27";"1";"6";"0.41";"143.73";"5";"5";"0";"3";"N";"0.48";"3";"MOL";"-1";"23";"-1.46";"C14H11N5O4";"O=C(Nc1ccc(-c2cn[nH]c2)cc1)c1c(O)[nH]c(=O)[nH]c1=O";"KTRYADINAZYORN-UHFFFAOYSA-N";"InChI=1S/C14H11N5O4/c20-11(10-12(21)18-14(23)19-13(10)22)17-9-3-1-7(2-4-9)8-5-15-16-6-8/h1-6H,(H,15,16)(H,17,20)(H3,18,19,21,22,23)";"False";"-1";"['BDBM458103', 'BDBM458103']";"['US10752613, Compound Formula (If)::US11161835, Compound Formula (If)', 'US10752613, Compound Formula (If)::US11161835, Compound Formula (If)']"
"CHEMBL5968035";"";"";"";"";"329.27";"2";"9";"0.12";"163.96";"6";"6";"1";"3";"N";"0.40";"3";"MOL";"-1";"24";"-1.44";"C14H11N5O5";"O=C(Nc1ccc(-c2cc(O)n[nH]2)cc1)c1c(O)[nH]c(=O)[nH]c1=O";"KTZORZUQERPKAO-UHFFFAOYSA-N";"InChI=1S/C14H11N5O5/c20-9-5-8(18-19-9)6-1-3-7(4-2-6)15-11(21)10-12(22)16-14(24)17-13(10)23/h1-5H,(H,15,21)(H2,18,19,20)(H3,16,17,22,23,24)";"False";"-1";"['BDBM458106', 'BDBM458106']";"['US10752613, Compound Formula (Ii)::US11161835, Compound Formula (Ii)', 'US10752613, Compound Formula (Ii)::US11161835, Compound Formula (Ii)']"
"CHEMBL4168509";"";"";"Small molecule";"";"338.71";"11";"12";"1.59";"112.86";"6";"1";"0";"3";"N";"0.39";"1";"MOL";"-1";"23";"-1.84";"C13H11ClN4O5";"CN1C(=O)C(=CNc2cc([N+](=O)[O-])ccc2Cl)C(=O)N(C)C1=O";"PHMWUMQMCZRWSI-UHFFFAOYSA-N";"InChI=1S/C13H11ClN4O5/c1-16-11(19)8(12(20)17(2)13(16)21)6-15-10-5-7(18(22)23)3-4-9(10)14/h3-6,15H,1-2H3";"False";"-1";"['7c']";"['5-[[(2-Chloro-5-nitrophenyl)amino]methyleno]-1,3-dimethylpyrimidine-2,4,6(1H,3H,5H)-trione']"
"CHEMBL5190253";"";"";"";"";"297.31";"1";"1";"2.75";"96.10";"5";"1";"0";"5";"N";"0.91";"2";"MOL";"-1";"22";"-1.19";"C16H15N3O3";"CC(C)COc1ccc(-c2ncc(C(=O)O)cn2)cc1C#N";"OQUNRPRGEFEHAB-UHFFFAOYSA-N";"InChI=1S/C16H15N3O3/c1-10(2)9-22-14-4-3-11(5-12(14)6-17)15-18-7-13(8-19-15)16(20)21/h3-5,7-8,10H,9H2,1-2H3,(H,20,21)";"False";"-1";"['11b']";"['2-(3-cyano-4-isobutoxyphenyl)pyrimidine-5-carboxylic acid']"
"CHEMBL5186383";"";"";"";"";"283.29";"2";"5";"2.50";"96.10";"5";"1";"0";"4";"N";"0.93";"2";"MOL";"-1";"21";"-1.32";"C15H13N3O3";"CC(C)Oc1ccc(-c2nccc(C(=O)O)n2)cc1C#N";"OSGIGZDSYXISOW-UHFFFAOYSA-N";"InChI=1S/C15H13N3O3/c1-9(2)21-13-4-3-10(7-11(13)8-16)14-17-6-5-12(18-14)15(19)20/h3-7,9H,1-2H3,(H,19,20)";"False";"-1";"['15a']";"['2-(3-cyano-4-isopropoxy)phenylpyrimidine-4-carboxylic acid']"
"CHEMBL4086235";"";"";"Small molecule";"";"314.39";"1";"2";"2.75";"91.73";"5";"2";"0";"9";"N";"0.47";"3";"MOL";"-1";"23";"-0.76";"C16H22N6O";"C=CCCCCCCCCc1nc2c3cn[nH]c3[nH]c(=O)n2n1";"GVOGGJIHJNPSOP-UHFFFAOYSA-N";"InChI=1S/C16H22N6O/c1-2-3-4-5-6-7-8-9-10-13-18-15-12-11-17-20-14(12)19-16(23)22(15)21-13/h2,11H,1,3-10H2,(H2,17,19,20,23)";"False";"-1";"['226']";"['2-(dec-9-enyl)-6,7-dihydro-5H-pyrazolo[4,3-e][1,2,4]triazolo[1,5-c]pyrimidin-5-one']"
"CHEMBL312213";"";"";"Small molecule";"";"274.31";"1";"1";"2.01";"94.92";"6";"3";"0";"3";"N";"0.50";"1";"MOL";"-1";"19";"-1.46";"C12H10N4O2S";"Oc1nc2[nH]c(SCc3ccccc3)nc(O)c-2n1";"XLNKXIYTHQWBBJ-UHFFFAOYSA-N";"InChI=1S/C12H10N4O2S/c17-10-8-9(14-11(18)13-8)15-12(16-10)19-6-7-4-2-1-3-5-7/h1-5H,6H2,(H3,13,14,15,16,17,18)";"False";"-1";"['3d']";"['2-Benzylsulfanyl-8-hydroxy-1,9-dihydro-purin-6-one']"
"CHEMBL4081758";"";"";"Small molecule";"";"270.23";"1";"2";"1.10";"91.73";"5";"2";"0";"1";"N";"0.54";"4";"MOL";"-1";"20";"-2.03";"C12H7FN6O";"O=c1[nH]c2[nH]ncc2c2nc(-c3ccc(F)cc3)nn12";"UCRLCQIOIRXBBR-UHFFFAOYSA-N";"InChI=1S/C12H7FN6O/c13-7-3-1-6(2-4-7)9-15-11-8-5-14-17-10(8)16-12(20)19(11)18-9/h1-5H,(H2,14,16,17,20)";"False";"-1";"['228']";"['2-(4-fluorophenyl)-6,7-dihydro-5H-pyrazolo[4,3-e][1,2,4]triazolo[1,5-c]pyrimidin-5-one']"
"CHEMBL4228390";"";"";"Small molecule";"";"294.31";"1";"1";"3.34";"64.69";"5";"0";"0";"4";"N";"0.42";"3";"MOL";"-1";"22";"-0.84";"C17H14N2O3";"C/C(=N\OC(=O)Cc1ccccc1)c1nc2ccccc2o1";"ATXQTYIDVSLPJP-XDHOZWIPSA-N";"InChI=1S/C17H14N2O3/c1-12(17-18-14-9-5-6-10-15(14)21-17)19-22-16(20)11-13-7-3-2-4-8-13/h2-10H,11H2,1H3/b19-12+";"False";"-1";"['7b']";"['(E)-1-(Benzo[d]oxazol-2-yl)ethanone O-(2-phenylacetyl)oxime']"
"CHEMBL5399992";"";"";"";"";"297.31";"1";"1";"2.81";"96.10";"5";"1";"0";"4";"N";"0.93";"2";"MOL";"-1";"22";"-1.54";"C16H15N3O3";"Cc1nc(-c2ccc(OC(C)C)c(C#N)c2)ncc1C(=O)O";"GAUOADZYGXABIU-UHFFFAOYSA-N";"InChI=1S/C16H15N3O3/c1-9(2)22-14-5-4-11(6-12(14)7-17)15-18-8-13(16(20)21)10(3)19-15/h4-6,8-9H,1-3H3,(H,20,21)";"False";"-1";"['126']";"['2-(3-cyano-4-isopropoxyphenyl)-4-methylpyrimidine-5-carboxylic acid']"
"CHEMBL5421032";"";"";"";"";"250.26";"1";"1";"2.35";"71.53";"4";"1";"0";"3";"N";"0.72";"3";"MOL";"-1";"19";"-1.08";"C14H10N4O";"O=Cc1ccccc1-c1ccc(-c2nnn[nH]2)cc1";"MHHBCHHBCWVKGI-UHFFFAOYSA-N";"InChI=1S/C14H10N4O/c19-9-12-3-1-2-4-13(12)10-5-7-11(8-6-10)14-15-17-18-16-14/h1-9H,(H,15,16,17,18)";"False";"-1";"['IIg']";"["4'-(1H-tetrazol-5-yl)-[1,1'-biphenyl]-2-carbaldehyde"]"
"CHEMBL3248015";"";"";"Small molecule";"";"187.18";"3";"4";"-1.21";"113.23";"4";"3";"0";"0";"N";"0.47";"1";"MOL";"-1";"12";"-1.45";"C4H5N5O2S";"NC1=NS(=O)(=O)Nc2[nH]ncc21";"YQWJWRZPYNRQEQ-UHFFFAOYSA-N";"InChI=1S/C4H5N5O2S/c5-3-2-1-6-7-4(2)9-12(10,11)8-3/h1H,(H2,5,8)(H2,6,7,9)";"False";"-1";"['7']";"['4-Amino-1,7-dihydropyrazolo[3,4-c][1,2,6]thiadiazine-2,2-Dioxide']"
"CHEMBL447820";"CHRYSOERIOL-7-O-NEOHESPERIDOSIDE";"";"Small molecule";"";"608.55";"5";"6";"-1.09";"238.20";"15";"8";"3";"7";"N";"0.16";"3";"MOL";"-1";"43";"2.01";"C28H32O15";"COc1cc(-c2cc(=O)c3c(O)cc(O[C@@H]4O[C@H](CO)[C@@H](O)[C@H](O)[C@H]4O[C@@H]4O[C@@H](C)[C@H](O)[C@@H](O)[C@H]4O)cc3o2)ccc1O";"LGOQXEQWOCSLEC-CYZBKYQRSA-N";"InChI=1S/C28H32O15/c1-10-21(33)23(35)25(37)27(39-10)43-26-24(36)22(34)19(9-29)42-28(26)40-12-6-14(31)20-15(32)8-16(41-18(20)7-12)11-3-4-13(30)17(5-11)38-2/h3-8,10,19,21-31,33-37H,9H2,1-2H3/t10-,19+,21-,22+,23+,24-,25+,26+,27-,28+/m0/s1";"False";"-1";"['3', '9', '32', '23']";"['Chrysoeriol 7-O-neohesperidosyl', 'chrysoeriol 7-O-neohesperidoside', 'Chrysoeriol-7-O-neohesperidoside', "7-neohesperidosyl-3'-methylluteolin"]"
"CHEMBL5421658";"";"";"";"";"266.30";"1";"1";"2.93";"63.69";"4";"1";"0";"4";"N";"0.79";"3";"MOL";"-1";"20";"-1.48";"C15H14N4O";"CCOc1ccc(-c2ccc(-c3nnn[nH]3)cc2)cc1";"WBKMWISZCKFISY-UHFFFAOYSA-N";"InChI=1S/C15H14N4O/c1-2-20-14-9-7-12(8-10-14)11-3-5-13(6-4-11)15-16-18-19-17-15/h3-10H,2H2,1H3,(H,16,17,18,19)";"False";"-1";"['IIe']";"["5-(4'-(ethoxy)-[1,1'-biphenyl]-4-yl)-1H-tetrazole"]"
"CHEMBL5439947";"";"";"";"";"323.36";"2";"3";"2.91";"92.79";"5";"2";"0";"5";"N";"0.75";"3";"MOL";"-1";"24";"-1.93";"C17H17N5O2";"CC(C)Oc1ccc(NC(=O)c2ccc(-c3nnn[nH]3)cc2)cc1";"OTVAJNZWRVQKOM-UHFFFAOYSA-N";"InChI=1S/C17H17N5O2/c1-11(2)24-15-9-7-14(8-10-15)18-17(23)13-5-3-12(4-6-13)16-19-21-22-20-16/h3-11H,1-2H3,(H,18,23)(H,19,20,21,22)";"False";"-1";"['IIIe']";"['N-(4-isopropoxyphenyl)-4-(1H-tetrazol-5-yl)benzamide']"
"CHEMBL3338306";"";"";"Small molecule";"";"908.68";"3";"3";"-1.87";"359.97";"22";"12";"3";"12";"N";"0.09";"3";"MOL";"-1";"61";"1.85";"C37H42NaO23P";"COc1cc([C@H]2Oc3cc([C@H]4Oc5cc(O)cc(O)c5C(=O)[C@@H]4O)ccc3O[C@H]2COP(=O)([O-])OC2O[C@H](CO)[C@H](OC3O[C@H](CO)[C@H](O)[C@H](O)[C@H]3O)[C@H](O)[C@H]2O)ccc1O.[Na+]";"RTEDHGFMNIJAQL-ZTWRZNOWSA-M";"InChI=1S/C37H43O23P.Na/c1-52-19-6-13(2-4-16(19)41)33-24(54-18-5-3-14(7-20(18)55-33)34-29(46)27(44)25-17(42)8-15(40)9-21(25)56-34)12-53-61(50,51)60-37-32(49)30(47)35(23(11-39)58-37)59-36-31(48)28(45)26(43)22(10-38)57-36;/h2-9,22-24,26,28-43,45-49H,10-12H2,1H3,(H,50,51);/q;+1/p-1/t22-,23-,24+,26+,28+,29+,30-,31-,32-,33-,34-,35+,36?,37?;/m1./s1";"False";"-1";"['9']";"["sodium Silibinin-9''-phosphoryl-D-Lactopyranoside"]"
"CHEMBL5197417";"";"";"";"";"338.39";"1";"1";"3.14";"81.75";"5";"1";"0";"3";"N";"0.53";"2";"MOL";"-1";"24";"-1.15";"C18H14N2O3S";"Cc1ccc(C(=O)Oc2cccc(/C=C3\SC(N)=NC3=O)c2)cc1";"OCVNKCDSEOIPJC-GDNBJRDFSA-N";"InChI=1S/C18H14N2O3S/c1-11-5-7-13(8-6-11)17(22)23-14-4-2-3-12(9-14)10-15-16(21)20-18(19)24-15/h2-10H,1H3,(H2,19,20,21)/b15-10-";"False";"-1";"['XO-27']";"['(Z)-3-((2-amino-4-oxothiazol-5(4H)-ylidene)methyl)phenyl 4-methylbenzoate']"
"CHEMBL4175705";"";"";"Small molecule";"";"612.54";"1";"1";"-2.49";"265.52";"16";"10";"3";"7";"N";"0.14";"2";"MOL";"-1";"43";"2.06";"C27H32O16";"O=C1C[C@@H](c2ccc(O)c(O)c2)Oc2cc(O)cc(O[C@@H]3O[C@H](CO)[C@@H](O)[C@H](O)[C@H]3O[C@@H]3O[C@H](CO)[C@@H](O)[C@H](O)[C@H]3O)c21";"RSPXJSUIKSGPQA-KAUNAPPYSA-N";"InChI=1S/C27H32O16/c28-7-17-20(34)22(36)24(38)26(41-17)43-25-23(37)21(35)18(8-29)42-27(25)40-16-5-10(30)4-15-19(16)13(33)6-14(39-15)9-1-2-11(31)12(32)3-9/h1-5,14,17-18,20-32,34-38H,6-8H2/t14-,17+,18+,20+,21+,22-,23-,24+,25+,26-,27+/m0/s1";"False";"-1";"['6']";"['(2S)-Eriodictyol 5-O-sophoroside']"
"CHEMBL5177547";"";"";"";"";"422.24";"1";"1";"3.53";"107.45";"5";"2";"0";"4";"N";"0.52";"4";"MOL";"-1";"27";"-1.23";"C19H12BrN5O2";"N#Cc1cc(-c2ncc3c(=O)[nH][nH]c3n2)ccc1OCc1ccc(Br)cc1";"SRIKQOGVJRGHGL-UHFFFAOYSA-N";"InChI=1S/C19H12BrN5O2/c20-14-4-1-11(2-5-14)10-27-16-6-3-12(7-13(16)8-21)17-22-9-15-18(23-17)24-25-19(15)26/h1-7,9H,10H2,(H2,22,23,24,25,26)";"False";"-1";"['19h']";"['6-[4-(4-bromobenzyloxy)-3-cyanophenyl]-1,2-dihydro-3H-pyrazolo[3,4-d]pyrimidin-3-one']"
"CHEMBL493512";"";"";"Small molecule";"";"468.68";"22";"42";"6.62";"71.44";"3";"1";"1";"1";"N";"0.47";"0";"MOL";"-1";"34";"3.20";"C30H44O4";"CC1(C)C(=O)CC[C@]2(C)[C@H]3C(=O)C=C4[C@@H]5C[C@@](C)(C(=O)O)CC[C@]5(C)CC[C@@]4(C)[C@]3(C)CC[C@@H]12";"QGWDYPREORDRIT-LPXJIFNVSA-N";"InChI=1S/C30H44O4/c1-25(2)21-8-11-30(7)23(28(21,5)10-9-22(25)32)20(31)16-18-19-17-27(4,24(33)34)13-12-26(19,3)14-15-29(18,30)6/h16,19,21,23H,8-15,17H2,1-7H3,(H,33,34)/t19-,21-,23+,26+,27-,28-,29+,30+/m0/s1";"False";"-1";"['3', '11', '34', '2', '2', '4, 3-oxo-18beta-glycyrrhetinic acid', '2', '11', '5', 'Fig 2a Product D', 'A-02']";"['18beta-3,11-Dioxo-olean-12-en-30-oic acid', '(2S,4aS,6aS,6bR,8aR,12aS,12bR,14bR)-2,4a,6a,6b,9,9,12a-heptamethyl-10,13-dioxo-1,2,3,4,4a,5,6,6a,6b,7,8,8a,9,10,11,12,12a,12b,13,14b-icosahydropicene-2-carboxylic acid', '(2S,4aS,6aS,6bR,8aR,12aS,12bR,14bR)-2,4a,6a,6b,9,9,12a-heptamethyl-10,13-dioxo-1,2,3,4,4a,5,6,6a,6b,7,8,8a,9,10,11,12,12a,12b,13,14b-icosahydropicene-2-carboxylic acid', '(2S,4aS,6aS,6bR,8aR,12aS,12bR,14bR)-2,4a,6a,6b,9,9,12a-heptamethyl-10,13-dioxo-1,2,3,4,4a,5,6,6a,6b,7,8,8a,9,10,11,12,12a,12b,13,14b-icosahydropicene-2-carboxylic acid', '(2S,4aS,6aS,6bR,8aR,12aS,12bR,14bR)-2,4a,6a,6b,9,9,12a-heptamethyl-10,13-dioxo-1,2,3,4,4a,5,6,6a,6b,7,8,8a,9,10,11,12,12a,12b,13,14b-icosahydropicene-2-carboxylic acid', '3,11-Dioxoolean-12-ene-30-oic acid', '(2S,4aS,6aS,6bR,8aR,12aS,12bR,14bR)-2,4a,6a,6b,9,9,12a-heptamethyl-10,13-dioxo-1,2,3,4,4a,5,6,6a,6b,7,8,8a,9,10,11,12,12a,12b,13,14b-icosahydropicene-2-carboxylic acid', '(18beta,20beta)-3,11-Dioxo-olean-12-en-29-oic acid', '3,11-Dioxo-18beta-olean-12-en-30-oic acid', '(2S,4aS,6aS,6bR,8aR,12aS,12bR,14bR)-2,4a,6a,6b,9,9,12a-heptamethyl-10,13-dioxo-1,2,3,4,4a,5,6,6a,6b,7,8,8a,9,10,11,12,12a,12b,13,14b-icosahydropicene-2-carboxylic acid', '(2S,4aS,6aS,6bR,8aR,12aS,12bR,14bR)-2,4a,6a,6b,9,9,12a-heptamethyl-10,13-dioxo-1,2,3,4,4a,5,6,6a,6b,7,8,8a,9,10,11,12,12a,12b,13,14b-icosahydropicene-2-carboxylic acid']"
"CHEMBL5483067";"";"";"";"";"330.86";"1";"1";"2.89";"29.04";"2";"1";"0";"4";"N";"0.74";"3";"MOL";"-1";"22";"-0.24";"C19H23ClN2O";"Cc1cc(C)c(C[n+]2cn(CCO)c3ccccc32)c(C)c1.[Cl-]";"JVKOKBQSSHTOBM-UHFFFAOYSA-M";"InChI=1S/C19H23N2O.ClH/c1-14-10-15(2)17(16(3)11-14)12-21-13-20(8-9-22)18-6-4-5-7-19(18)21;/h4-7,10-11,13,22H,8-9,12H2,1-3H3;1H/q+1;/p-1";"False";"-1";"['48']";"['1-(2-hydroxyethyl)-3-(2,4,6-trimethylbenzyl)-1H-benzo[d]imidazol-3-ium chloride']"
"CHEMBL1668329";"COLLETOTRIALIDE";"";"Small molecule";"";"308.33";"8";"10";"2.77";"82.06";"6";"1";"0";"7";"N";"0.78";"1";"MOL";"-1";"22";"1.67";"C16H20O6";"CCCC(=O)CC[C@H]1OC(=O)c2c1cc(OC)c(OC)c2O";"ZMZJTAURJHTVMU-LLVKDONJSA-N";"InChI=1S/C16H20O6/c1-4-5-9(17)6-7-11-10-8-12(20-2)15(21-3)14(18)13(10)16(19)22-11/h8,11,18H,4-7H2,1-3H3/t11-/m1/s1";"False";"-1";"['6']";"['Colletotrialide']"
"CHEMBL5407212";"";"";"";"";"284.71";"1";"1";"3.00";"71.53";"4";"1";"0";"3";"N";"0.75";"3";"MOL";"-1";"20";"-1.27";"C14H9ClN4O";"O=Cc1cc(Cl)ccc1-c1ccc(-c2nnn[nH]2)cc1";"AUHAXLFMSMJTNW-UHFFFAOYSA-N";"InChI=1S/C14H9ClN4O/c15-12-5-6-13(11(7-12)8-20)9-1-3-10(4-2-9)14-16-18-19-17-14/h1-8H,(H,16,17,18,19)";"False";"-1";"['IIi']";"["4-chloro-4'-(1H-tetrazol-5-yl)-[1,1'-biphenyl]-2-carbaldehyde"]"
"CHEMBL469613";"RUBROFUSARIN B";"";"Small molecule";"";"286.28";"9";"13";"2.98";"68.90";"5";"1";"0";"2";"N";"0.73";"3";"MOL";"-1";"21";"1.44";"C16H14O5";"COc1cc(OC)c2c(O)c3c(=O)cc(C)oc3cc2c1";"HFPQKJMLIONCGP-UHFFFAOYSA-N";"InChI=1S/C16H14O5/c1-8-4-11(17)15-13(21-8)6-9-5-10(19-2)7-12(20-3)14(9)16(15)18/h4-7,18H,1-3H3";"False";"-1";"['7', 'Rubrofusarin B', '6', '4', '11']";"['Rubrofusarin B', 'Rubrofusarin B', 'rubrofusarin B', 'Rubrofusarin B', 'Flavasperone']"
"CHEMBL83072";"";"";"Small molecule";"";"224.25";"1";"1";"0.68";"84.06";"7";"2";"0";"0";"N";"0.64";"0";"MOL";"-1";"15";"-1.12";"C8H8N4O2S";"Oc1nc2nc3n(c(O)c-2n1)CCCS3";"RENXHZJIUDKKON-UHFFFAOYSA-N";"InChI=1S/C8H8N4O2S/c13-6-4-5(10-7(14)9-4)11-8-12(6)2-1-3-15-8/h13H,1-3H2,(H,9,14)";"False";"-1";"['4e']";"['2-Hydroxy-7,8-dihydro-3H,6H-5-thia-1,3,4,8a-tetraaza-cyclopenta[b]naphthalen-9-one']"
"CHEMBL1668328";"FUSARENTIN 6-METHYL ETHER";"";"Small molecule";"";"296.32";"8";"10";"1.74";"96.22";"6";"3";"0";"5";"N";"0.57";"1";"MOL";"-1";"21";"2.06";"C15H20O6";"CCC[C@H](O)C[C@@H]1Cc2cc(OC)c(O)c(O)c2C(=O)O1";"YEQFHPAADMFAMI-UWVGGRQHSA-N";"InChI=1S/C15H20O6/c1-3-4-9(16)7-10-5-8-6-11(20-2)13(17)14(18)12(8)15(19)21-10/h6,9-10,16-18H,3-5,7H2,1-2H3/t9-,10-/m0/s1";"False";"-1";"['4']";"['fusarentin 6-methyl ether']"
"CHEMBL3127121";"";"";"Small molecule";"";"255.20";"2";"2";"2.04";"71.77";"3";"2";"0";"1";"N";"0.82";"2";"MOL";"-1";"18";"-1.30";"C11H8F3N3O";"Nc1nc(-c2cccc(C(F)(F)F)c2)cc(=O)[nH]1";"HYLJVWDHSDZSRO-UHFFFAOYSA-N";"InChI=1S/C11H8F3N3O/c12-11(13,14)7-3-1-2-6(4-7)8-5-9(18)17-10(15)16-8/h1-5H,(H3,15,16,17,18)";"False";"-1";"['20']";"['2-amino-6-(3-(trifluoromethyl)phenyl)pyrimidin-4(3H)-one']"
"CHEMBL468316";"";"";"Small molecule";"";"346.34";"4";"7";"2.10";"94.45";"7";"2";"0";"4";"N";"0.88";"2";"MOL";"-1";"25";"1.77";"C18H18O7";"COc1ccc([C@H]2Oc3cc(OC)c(O)c(OC)c3C(=O)[C@@H]2O)cc1";"HQEILWYNLWGUCL-DLBZAZTESA-N";"InChI=1S/C18H18O7/c1-22-10-6-4-9(5-7-10)17-16(21)15(20)13-11(25-17)8-12(23-2)14(19)18(13)24-3/h4-8,16-17,19,21H,1-3H3/t16-,17+/m0/s1";"False";"-1";"['(+/-)-3b']";"['(+/-)-trans-2,3-Dihydro-3,6-dihydroxy-5,7-dimethoxy-2-(4-methoxyphenyl)-4H-1-benzopyran-4-one']"
"CHEMBL480467";"";"";"Small molecule";"";"374.35";"3";"5";"2.12";"92.68";"8";"1";"0";"4";"N";"0.87";"2";"MOL";"-1";"27";"1.53";"C19H18O8";"COc1cc2c(c(OC)c1OC)C(=O)[C@H](O)[C@H](c1ccc3c(c1)OCO3)O2";"AYPGESFHEGJMCN-IRXDYDNUSA-N";"InChI=1S/C19H18O8/c1-22-13-7-12-14(19(24-3)18(13)23-2)15(20)16(21)17(27-12)9-4-5-10-11(6-9)26-8-25-10/h4-7,16-17,21H,8H2,1-3H3/t16-,17-/m0/s1";"False";"-1";"['(+/-)-4c']";"['(+/-)-cis-2,3-Dihydro-3-hydroxy-5,6,7-trimethoxy-2-(1,3-benzodioxol-5-yl)-4H-1-benzopyran-4-one']"
"CHEMBL5796670";"";"";"";"";"326.29";"1";"3";"-1.33";"175.21";"6";"5";"0";"3";"N";"0.47";"2";"MOL";"-1";"22";"-1.53";"C11H10N4O6S";"NS(=O)(=O)c1ccc(NC(=O)c2c(O)[nH]c(=O)[nH]c2=O)cc1";"FYDXLODCNHCNMR-UHFFFAOYSA-N";"InChI=1S/C11H10N4O6S/c12-22(20,21)6-3-1-5(2-4-6)13-8(16)7-9(17)14-11(19)15-10(7)18/h1-4H,(H,13,16)(H2,12,20,21)(H3,14,15,17,18,19)";"False";"-1";"['BDBM289091']";"['6-hydroxy-2,4-dioxo-N-(4-sulfamoylphenyl)-1,2,3,4-tetrahydropyrimidine-5-carboxamide::US10093658, Compound Formula (Ia)']"
"CHEMBL255130";"";"";"Small molecule";"";"281.36";"6";"10";"2.19";"47.56";"5";"1";"0";"3";"N";"0.68";"1";"MOL";"-1";"18";"-1.19";"C12H11NO3S2";"COc1ccc(/C=C2\SC(=S)NC2=O)cc1OC";"XVAIHVYMCLRIOV-POHAHGRESA-N";"InChI=1S/C12H11NO3S2/c1-15-8-4-3-7(5-9(8)16-2)6-10-11(14)13-12(17)18-10/h3-6H,1-2H3,(H,13,14,17)/b10-6-";"False";"-1";"['10a', '2a', '3008', '17R', 'XO-32']";"['5-(3,4-dimethoxybenzylidene)-2-thioxothiazolidin-4-one', '5-(3,4-dimethoxybenzylidene)-2-thioxothiazolidin-4-one', None, '(Z)-5-(3,4-dimethoxybenzylidene)-2-thioxothiazolidin-4-one', '(Z)-5-(3,4-dimethoxybenzylidene)-2-mercaptothiazol-4(5H)-one']"
"CHEMBL3127134";"";"";"Small molecule";"";"307.31";"4";"6";"1.55";"128.58";"6";"2";"0";"4";"N";"0.88";"2";"MOL";"-1";"23";"-1.15";"C16H13N5O2";"N#Cc1cc(-c2nc(N)[nH]c(=O)c2C#N)ccc1OCC1CC1";"WUPFZEWFJOWNGF-UHFFFAOYSA-N";"InChI=1S/C16H13N5O2/c17-6-11-5-10(3-4-13(11)23-8-9-1-2-9)14-12(7-18)15(22)21-16(19)20-14/h3-5,9H,1-2,8H2,(H3,19,20,21,22)";"False";"-1";"['34']";"['2-amino-4-(3-cyano-4-(cyclopropylmethoxy)phenyl)-6-oxo-1,6-dihydropyrimidine-5-carbonitrile']"
"CHEMBL4159062";"";"";"Small molecule";"";"349.37";"1";"1";"3.07";"115.45";"7";"2";"0";"6";"N";"0.36";"2";"MOL";"-1";"24";"-1.12";"C15H15N3O5S";"CC(C)COc1ccc(-c2cc(C(=O)O)nc(S)n2)cc1[N+](=O)[O-]";"CJMNTTVMEUOZRJ-UHFFFAOYSA-N";"InChI=1S/C15H15N3O5S/c1-8(2)7-23-13-4-3-9(5-12(13)18(21)22)10-6-11(14(19)20)17-15(24)16-10/h3-6,8H,7H2,1-2H3,(H,19,20)(H,16,17,24)";"False";"-1";"['10b']";"['6-(4-isobutoxy-3-nitrophenyl)-2-mercaptopyrimidine-4-carboxylic acid']"
"CHEMBL42423";"4-Nitrocatechol";"";"Small molecule";"";"155.11";"7";"11";"1.01";"83.60";"4";"2";"0";"1";"N";"0.36";"1";"MOL";"-1";"11";"-0.48";"C6H5NO4";"O=[N+]([O-])c1ccc(O)c(O)c1";"XJNPNXSISMKQEX-UHFFFAOYSA-N";"InChI=1S/C6H5NO4/c8-5-2-1-4(7(10)11)3-6(5)9/h1-3,8-9H";"False";"-1";"['66', '3', '34', '3', 'p-nitrocatechol', 'ZT537']";"['4-Nitro-benzene-1,2-diol', '4-Nitro-benzene-1,2-diol', '4-nitrobenzene-1,2-diol', '4-Nitro-benzene-1,2-diol', 'p-nitrocatechol', '4-nitrobenzene-1,2-diol']"
"CHEMBL37387";"BROPIRIMINE";"BROPIRIMINA|BROPIRIMINE|NSC-149027|U-54,461|U-54461";"Small molecule";"2.0";"266.10";"22";"77";"1.78";"71.77";"3";"2";"0";"1";"N";"0.83";"2";"MOL";"0";"15";"-0.22";"C10H8BrN3O";"Nc1nc(=O)c(Br)c(-c2ccccc2)[nH]1";"CIUUIPMOFZIWIZ-UHFFFAOYSA-N";"InChI=1S/C10H8BrN3O/c11-7-8(6-4-2-1-3-5-6)13-10(12)14-9(7)15/h1-5H,(H3,12,13,14,15)";"False";"0";"['SID144206218', 'BROPIRIMINE', '4', '6', '2', 'Bropirimine', 'SID170465913', '14', 'BROPIRIMINE', 'BROPIRIMINE', 'MMV690540', 'BROPIRIMINE', 'Bropirimine', 'BROPIRIMINE', 'Bropirimine', 'BROPIRIMINE']";"['SID144206218', 'BROPIRIMINE', '2-Amino-5-bromo-6-phenyl-3H-pyrimidin-4-one', '2-Amino-5-bromo-6-phenyl-3H-pyrimidin-4-one', '2-Amino-5-bromo-6-phenyl-3H-pyrimidin-4-one', 'Bropirimine', 'SID170465913', '2-amino-5-bromo-6-phenylpyrimidin-4(3H)-one', 'BROPIRIMINE', 'BROPIRIMINE', 'C0088725', 'BROPIRIMINE', 'Bropirimine', 'BROPIRIMINE', 'Bropirimine', 'BROPIRIMINE']"
"CHEMBL83159";"";"";"Small molecule";"";"162.19";"9";"18";"1.91";"26.30";"2";"0";"0";"3";"Y";"0.50";"1";"MOL";"-1";"12";"0.40";"C10H10O2";"COc1ccccc1/C=C/C=O";"KKVZAVRSVHUSPL-GQCTYLIASA-N";"InChI=1S/C10H10O2/c1-12-10-7-3-2-5-9(10)6-4-8-11/h2-8H,1H3/b6-4+";"False";"-1";"['2', 'Ortho-methoxycinnamaldehyde', '2-MCA', 'SID144210083', '1b', '2', 'SID144213940', '2', '13', '24']";"['2-methoxycinnamaldehyde', 'Ortho-methoxycinnamaldehyde', '2-methoxycinnamaldehyde', 'SID144210083', '(E)-3-(2-Methoxy-phenyl)-propenal', '2-methoxycinnamaldehyde', 'SID144213940', '2-methoxy cinnamaldehyde', '(E)-3-(2-methoxyphenyl)acrylaldehyde', '3-(2-methoxyphenyl)acrylaldehyde']"
"CHEMBL451722";"";"";"Small molecule";"";"313.40";"14";"24";"3.18";"41.93";"4";"1";"0";"4";"N";"0.94";"2";"MOL";"-1";"23";"0.89";"C19H23NO3";"COc1cc2c(cc1OC)C(Cc1ccc(O)cc1)N(C)CC2";"ZBKFZIUKXTWQTP-UHFFFAOYSA-N";"InChI=1S/C19H23NO3/c1-20-9-8-14-11-18(22-2)19(23-3)12-16(14)17(20)10-13-4-6-15(21)7-5-13/h4-7,11-12,17,21H,8-10H2,1-3H3";"False";"-1";"['3b, armepavine, 7-O-methyl-N-methylcoclaurin', '11', 'SID7977227', '5; MOL007206', '21']";"['(+/-)-1-(4-Hydroxybenzyl)-6,7-dimethoxy-N-methyl-1,2,3,4-tetrahydroisoquinoline', 'D,L-Armepavine', 'SID7977227', 'Evoeuropine', '4-((6,7-dimethoxy-2-methyl-1,2,3,4-tetrahydroisoquinolin-1-yl)methyl)phenol']"
"CHEMBL4164655";"";"";"Small molecule";"";"275.22";"11";"12";"0.05";"124.60";"5";"4";"0";"3";"N";"0.46";"1";"MOL";"-1";"20";"-0.81";"C12H9N3O5";"O=C1NC(=O)C(=CNc2ccccc2C(=O)O)C(=O)N1";"JTKHUIVPXZCMCB-UHFFFAOYSA-N";"InChI=1S/C12H9N3O5/c16-9-7(10(17)15-12(20)14-9)5-13-8-4-2-1-3-6(8)11(18)19/h1-5,13H,(H,18,19)(H2,14,15,16,17,20)";"False";"-1";"['7j']";"['2-[[(2,4,6-Trioxotetrahydropyrimidin-5(2H)-ylidene)methyl]amino]benzoic acid']"
"CHEMBL4174593";"";"";"Small molecule";"";"289.25";"11";"13";"1.03";"100.83";"5";"0";"0";"2";"N";"0.35";"1";"MOL";"-1";"21";"-1.38";"C13H11N3O5";"CN1C(=O)C(=Cc2ccccc2[N+](=O)[O-])C(=O)N(C)C1=O";"IDYBPZJNAJVZTP-UHFFFAOYSA-N";"InChI=1S/C13H11N3O5/c1-14-11(17)9(12(18)15(2)13(14)19)7-8-5-3-4-6-10(8)16(20)21/h3-7H,1-2H3";"False";"-1";"['2c']";"['1,3-Dimethyl-5-(2-nitrobenzylidene)pyrimidine-2,4,6(1H,3H,5H)-trione']"
"CHEMBL4168928";"";"";"Small molecule";"";"333.30";"11";"15";"0.84";"124.89";"7";"2";"0";"4";"N";"0.36";"1";"MOL";"-1";"24";"-1.39";"C14H15N5O5";"CC(NNc1ccc([N+](=O)[O-])cc1)=C1C(=O)N(C)C(=O)N(C)C1=O";"OWXRLZLQGGOESC-UHFFFAOYSA-N";"InChI=1S/C14H15N5O5/c1-8(11-12(20)17(2)14(22)18(3)13(11)21)15-16-9-4-6-10(7-5-9)19(23)24/h4-7,15-16H,1-3H3";"False";"-1";"['6e']";"['1,3-Dimethyl-5-(1-(2-(4-nitrophenyl)hydrazinyl)ethylidene)pyrimidine-2,4,6(1H,3H,5H)-trione']"
"CHEMBL4160550";"";"";"Small molecule";"";"248.24";"11";"12";"0.22";"84.50";"4";"2";"0";"3";"N";"0.75";"1";"MOL";"-1";"18";"0.02";"C12H12N2O4";"COc1ccc(CC2C(=O)NC(=O)NC2=O)cc1";"XIBNTQQDXLZKPP-UHFFFAOYSA-N";"InChI=1S/C12H12N2O4/c1-18-8-4-2-7(3-5-8)6-9-10(15)13-12(17)14-11(9)16/h2-5,9H,6H2,1H3,(H2,13,14,15,16,17)";"False";"-1";"['3']";"['5-(4-Methoxybenzyl)pyrimidine-2,4,6(1H,3H,5H)-trione']"
"CHEMBL4168089";"";"";"Small molecule";"";"226.19";"11";"12";"-1.41";"112.81";"4";"2";"0";"1";"N";"0.42";"0";"MOL";"-1";"16";"-0.83";"C8H10N4O4";"CN1C(=O)C(=CNC(N)=O)C(=O)N(C)C1=O";"ULRVBWPHTDAXEB-UHFFFAOYSA-N";"InChI=1S/C8H10N4O4/c1-11-5(13)4(3-10-7(9)15)6(14)12(2)8(11)16/h3H,1-2H3,(H3,9,10,15)";"False";"-1";"['8b']";"['1-[(1,3-Dimethyl-2,4,6-trioxotetrahydropyrimidin-5(2H)-ylidene)methyl]urea']"
"CHEMBL1668327";"FUSARENTIN 6,7-DIMETHYLETHER";"";"Small molecule";"";"310.35";"8";"10";"2.04";"85.22";"6";"2";"0";"6";"N";"0.78";"1";"MOL";"-1";"22";"2.01";"C16H22O6";"CCC[C@H](O)C[C@@H]1Cc2cc(OC)c(OC)c(O)c2C(=O)O1";"QBCACQPIGRTBHJ-QWRGUYRKSA-N";"InChI=1S/C16H22O6/c1-4-5-10(17)8-11-6-9-7-12(20-2)15(21-3)14(18)13(9)16(19)22-11/h7,10-11,17-18H,4-6,8H2,1-3H3/t10-,11-/m0/s1";"False";"-1";"['3']";"['fusarentin 6,7-dimethylether']"
"CHEMBL563498";"";"";"Small molecule";"";"212.21";"4";"9";"1.30";"95.82";"5";"2";"0";"1";"N";"0.74";"2";"MOL";"-1";"16";"-1.23";"C11H8N4O";"N#Cc1c(O)nc(N)nc1-c1ccccc1";"FOSZENPYKBPMAO-UHFFFAOYSA-N";"InChI=1S/C11H8N4O/c12-6-8-9(7-4-2-1-3-5-7)14-11(13)15-10(8)16/h1-5H,(H3,13,14,15,16)";"False";"-1";"['d', '3043', '15']";"['2-Amino-6-hydroxy-4-(phenyl)-pyrimidine-5-carbonitrile', None, '2-amino-1,6-dihydro-6-oxo-4-phenylpyrimidine-5-carbonitrile']"
"CHEMBL506959";"";"";"Small molecule";"";"332.31";"3";"5";"1.79";"105.45";"7";"3";"0";"3";"N";"0.79";"2";"MOL";"-1";"24";"2.06";"C17H16O7";"COc1cc2c(c(OC)c1O)C(=O)[C@H](O)[C@@H](c1ccc(O)cc1)O2";"KVPHHJCIRFZAJU-JKSUJKDBSA-N";"InChI=1S/C17H16O7/c1-22-11-7-10-12(17(23-2)13(11)19)14(20)15(21)16(24-10)8-3-5-9(18)6-4-8/h3-7,15-16,18-19,21H,1-2H3/t15-,16+/m0/s1";"False";"-1";"['(+/-)-3a']";"['(+/-)-trans-2,3-Dihydro-3,6-dihydroxy-5,7-dimethoxy-2-(4-hydroxyphenyl)-4H-1-benzopyran-4-one']"
"CHEMBL4159488";"";"";"Small molecule";"";"329.38";"1";"1";"3.18";"96.10";"6";"2";"0";"6";"N";"0.48";"2";"MOL";"-1";"23";"-1.04";"C16H15N3O3S";"CCCCOc1ccc(-c2cc(C(=O)O)nc(S)n2)cc1C#N";"YVTMKWCLPYLVHV-UHFFFAOYSA-N";"InChI=1S/C16H15N3O3S/c1-2-3-6-22-14-5-4-10(7-11(14)9-17)12-8-13(15(20)21)19-16(23)18-12/h4-5,7-8H,2-3,6H2,1H3,(H,20,21)(H,18,19,23)";"False";"-1";"['9d']";"['6-(4-butoxy-3-cyanophenyl)-2-mercaptopyrimidine-4-carboxylic acid']"
"CHEMBL3127117";"";"";"Small molecule";"";"405.76";"8";"16";"2.99";"99.46";"6";"2";"0";"5";"N";"0.79";"2";"MOL";"-1";"27";"-0.60";"C16H15ClF3N3O4";"Nc1nc(-c2ccc(OCC3CCOC3)c(OC(F)(F)F)c2)c(Cl)c(=O)[nH]1";"AUDBGOIKEKOXPO-UHFFFAOYSA-N";"InChI=1S/C16H15ClF3N3O4/c17-12-13(22-15(21)23-14(12)24)9-1-2-10(11(5-9)27-16(18,19)20)26-7-8-3-4-25-6-8/h1-2,5,8H,3-4,6-7H2,(H3,21,22,23,24)";"False";"-1";"['41']";"['2-amino-5-chloro-6-(4-((tetrahydrofuran-3-yl)methoxy)-3-(trifluoromethoxy)-phenyl)pyrimidin-4(3H)-one']"
"CHEMBL4095851";"";"";"Small molecule";"";"473.48";"2";"8";"4.13";"129.23";"7";"4";"0";"7";"N";"0.18";"4";"MOL";"-1";"35";"0.59";"C27H23NO7";"COC(=O)[C@H](Cc1ccccc1)NC(=O)/C=C/c1ccc(O)c2oc(-c3ccc(O)c(O)c3)cc12";"UODHPPVLLSIZRU-JTPHSUOKSA-N";"InChI=1S/C27H23NO7/c1-34-27(33)20(13-16-5-3-2-4-6-16)28-25(32)12-9-17-7-11-22(30)26-19(17)15-24(35-26)18-8-10-21(29)23(31)14-18/h2-12,14-15,20,29-31H,13H2,1H3,(H,28,32)/b12-9+/t20-/m0/s1";"False";"-1";"['5d', 'BDBM50233817']";"['Methyl (E)-(3-(2-(3,4-dihydroxyphenyl)-7-hydroxybenzofuran-4-yl)acryloyl)-l-phenylalaninate', 'CHEMBL4095851::US11021454, Compound 5d']"
"CHEMBL294009";"FLAVONOL";"NCI-57653";"Small molecule";"";"238.24";"97";"192";"3.17";"50.44";"3";"1";"0";"1";"N";"0.71";"3";"MOL";"-1";"18";"0.64";"C15H10O3";"O=c1c(O)c(-c2ccccc2)oc2ccccc12";"HVQAJTFOCKOKIN-UHFFFAOYSA-N";"InChI=1S/C15H10O3/c16-13-11-8-4-5-9-12(11)18-15(14(13)17)10-6-2-1-3-7-10/h1-9,17H";"False";"-1";"['4a', '1', '7', '3', '5e', 'SID93576733', '2', '11', '3-hydroxyflavone', '3-Hydroxyflavone', '144, NCI 57653', '6', 'NSC-57653', '13', '3-Hydroxyflavone', '12', 'SID26749665', '11', '1', '1', '17', '2', '2', '31', '3-OH flavone', '3-HYDROXYFLAVONE', '3-hydroxyflavone', '26', '8', '17', '3-HF', '19', '18', 'B', 'NP-27', '3-Hydroxyflavone', '2', '25', 'Flavonol', 'COVC-0678030684', '70', 'Hydroxyflavone', '1']";"['3-Hydroxy-2-phenyl-4H-chromen-4-one', 'Flavonol', '3-Hydroxy-2-phenyl-chromen-4-one', '3-Hydroxy-2-phenyl-chromen-4-one', '3-Hydroxy-2-phenyl-chromen-4-one', 'SID93576733', '3-Hydroxyflavone', 'Flavonol', '3-hydroxyflavone', '3-Hydroxyflavone', '3-hydroxy-2-phenyl-4H-chromen-4-one', '3-Hydroxyflavone', '3-hydroxy-2-phenyl-4H-chromen-4-one', '3-Hydroxyflavone', '3-Hydroxyflavone', '3-hydroxyflavone', 'SID26749665', '3-hydroxyflavone', '3-Hydroxy-2-phenyl-4H-chromen-4-one', '3-hydroxy-2-phenyl-4H-chromen-4-one', '3-Hydroxy-2-phenyl-4H-chromen-4-one', 'flavonol', '3-hydroxy-flavone', '3-Hydroxy-2-phenyl-chromen-4-one', '3-hydroxy-2-phenyl-4H-chromen-4-one', '3-HYDROXYFLAVONE', '3-hydroxy-2-phenyl-4H-chromen-4-one', '3-hydroxyflavone', 'Flavonol', 'Flavonol', '3-hydroxy Flavone', '3-hydroxyflavone', 'Flavonol', '3-hydroxyflavone', '3-hydroxy-2-phenyl-4H-chromen-4-one', '3-Hydroxyflavone', '3-Hydroxyflavone', '3-Hydroxyflavone', 'Flavonol', 'FLAVONOL', '3-hydroxy flavone', 'Hydroxyflavone', 'Flavonol']"
"CHEMBL73930";"TANGERETIN";"";"Small molecule";"";"372.37";"103";"176";"3.50";"76.36";"7";"0";"0";"6";"N";"0.66";"3";"MOL";"-1";"27";"0.83";"C20H20O7";"COc1ccc(-c2cc(=O)c3c(OC)c(OC)c(OC)c(OC)c3o2)cc1";"ULSUXBXHSYSGDT-UHFFFAOYSA-N";"InChI=1S/C20H20O7/c1-22-12-8-6-11(7-9-12)14-10-13(21)15-16(23-2)18(24-3)20(26-5)19(25-4)17(15)27-14/h6-10H,1-5H3";"False";"-1";"['63', '10', 'Tangeretin', '7', '12', '2, Tangeritin', '32', 'Tangeretin (Tangeritin)', '6', 'Tangeretin', 'Tangeretin', 'Tangeretin', 'SID104265', 'Tangeretin', 'TAN, tangeretin', 'tangeretin', 'SID26749867', '4', 'TANGERITIN', '19, Tangeritin', '22', '5', 'IX', '6a', '18', 'Tangeretin', '3', 'Tangeretin', '6c, Tangeretin', 'IN-327', 'NSC-53909', 'SID93576934', 'TANGERETIN (TANGERITIN)', 'Tangeretin (Tangeritin)', 'Tangeretin (Tangeritin)', '48', '65']";"['5,6,7,8-Tetramethoxy-2-(4-methoxy-phenyl)-chromen-4-one', 'Tangeretin', 'Tangeretin', 'Tangeretin', 'Tangeretin', '5,6,7,8-tetramethoxy-2-(4-methoxyphenyl)-4H-chromen-4-one', 'tangeretin', 'Tangeretin (Tangeritin)', 'tangeretin', "5,6,7,8,4'-pentamethoxyflavone", 'Tangeretin', 'Tangeretin', 'SID104265', "5,6,7,8,4'-pentamethoxyflavone", '5,6,7,8-tetramethoxy-2-(4-methoxyphenyl)-4H-chromen-4-one', 'tangeretin', 'SID26749867', '5,6,7,8-tetramethoxy-2-(4-methoxyphenyl)-4H-chromen-4-one', 'TANGERITIN', "4',5,6,7,8-pentamethoxy flavone", '5,6,7,8-tetramethoxy-2-(4-methoxyphenyl)-4H-chromen-4-one', 'Tangeretin', 'tangeretin', 'Tangeretin', 'Tangeretin', 'Tangeretin', 'Tangeretin', 'Tangeretin', "4',5,6,7,8-Pentamethoxyflavone", 'tangeretin', '5,6,7,8-tetramethoxy-2-(4-methoxyphenyl)-4H-chromen-4-one', 'SID93576934', 'TANGERETIN (TANGERITIN)', 'Tangeretin (Tangeritin)', 'Tangeretin (Tangeritin)', 'Tangeretin', 'Tangeritin']"
"CHEMBL4105184";"";"";"Small molecule";"";"288.70";"1";"2";"1.75";"98.82";"5";"3";"0";"3";"N";"0.50";"3";"MOL";"-1";"20";"-1.85";"C12H9ClN6O";"O=c1nc(N/N=C/c2ccc(Cl)cc2)c2cn[nH]c2[nH]1";"JHZIBQFFARVZJV-LHHJGKSTSA-N";"InChI=1S/C12H9ClN6O/c13-8-3-1-7(2-4-8)5-14-18-10-9-6-15-19-11(9)17-12(20)16-10/h1-6H,(H3,15,16,17,18,19,20)/b14-5+";"False";"-1";"['173']";"['4-(2-(4-chlorobenzylidene)hydrazinyl)-1H-pyrazolo[3,4-d]pyrimidin-6(7H)-one']"
"CHEMBL83516";"";"";"Small molecule";"";"256.33";"1";"1";"1.61";"101.13";"6";"3";"0";"7";"N";"0.30";"1";"MOL";"-1";"17";"-1.04";"C10H16N4O2S";"CCCCCSc1nc(N)c(NC=O)c(O)n1";"UJNBGGDNLKTDMN-UHFFFAOYSA-N";"InChI=1S/C10H16N4O2S/c1-2-3-4-5-17-10-13-8(11)7(12-6-15)9(16)14-10/h6H,2-5H2,1H3,(H,12,15)(H3,11,13,14,16)";"False";"-1";"['2e']";"['N-(4-Amino-6-oxo-2-pentylsulfanyl-1,6-dihydro-pyrimidin-5-yl)-formamide']"
"CHEMBL3594387";"";"";"Small molecule";"";"370.36";"3";"4";"3.50";"117.20";"6";"3";"0";"7";"N";"0.54";"3";"MOL";"-1";"27";"0.99";"C20H18O7";"O=C(O)CCCCOc1cc(O)cc2oc(-c3ccc(O)cc3)cc(=O)c12";"PMVWZMGQXASFRL-UHFFFAOYSA-N";"InChI=1S/C20H18O7/c21-13-6-4-12(5-7-13)16-11-15(23)20-17(9-14(22)10-18(20)27-16)26-8-2-1-3-19(24)25/h4-7,9-11,21-22H,1-3,8H2,(H,24,25)";"False";"-1";"['11c']";"['5-(7-hydroxy-2-(4-hydroxyphenyl)-4-oxo-4H-chromen-5-yloxy)pentanoic acid']"
"CHEMBL3594380";"";"";"Small molecule";"";"356.33";"2";"2";"3.11";"117.20";"6";"3";"0";"6";"N";"0.58";"3";"MOL";"-1";"26";"0.82";"C19H16O7";"O=C(O)CCCOc1ccc(-c2cc(=O)c3c(O)cc(O)cc3o2)cc1";"HETCMPWARKLRJC-UHFFFAOYSA-N";"InChI=1S/C19H16O7/c20-12-8-14(21)19-15(22)10-16(26-17(19)9-12)11-3-5-13(6-4-11)25-7-1-2-18(23)24/h3-6,8-10,20-21H,1-2,7H2,(H,23,24)";"False";"-1";"['7b']";"['4-(4-(5,7-dihydroxy-4-oxo-4H-chromen-2-yl)phenoxy)butanoic acid']"
"CHEMBL3594375";"";"";"Small molecule";"";"370.36";"2";"2";"3.50";"117.20";"6";"3";"0";"7";"N";"0.54";"3";"MOL";"-1";"27";"0.88";"C20H18O7";"O=C(O)CCCCOc1cc(O)c2c(=O)cc(-c3ccc(O)cc3)oc2c1";"UZZZJUNMAGSTIR-UHFFFAOYSA-N";"InChI=1S/C20H18O7/c21-13-6-4-12(5-7-13)17-11-16(23)20-15(22)9-14(10-18(20)27-17)26-8-2-1-3-19(24)25/h4-7,9-11,21-22H,1-3,8H2,(H,24,25)";"False";"-1";"['3c']";"['5-(5-hydroxy-2-(4-hydroxyphenyl)-4-oxo-4H-chromen-7-yloxy)pentanoic acid']"
"CHEMBL4099514";"";"";"Small molecule";"";"612.54";"1";"1";"-1.38";"240.36";"15";"7";"3";"11";"N";"0.14";"2";"MOL";"-1";"43";"1.67";"C27H32O16";"COc1cc(C(=O)OC[C@@]2(O)CO[C@@H](O[C@H]3[C@H](Oc4ccc(C(=O)O)cc4OC)O[C@H](CO)[C@@H](O)[C@@H]3O)[C@@H]2O)ccc1O";"VDNBKSIMLSGEHD-PFZBONPLSA-N";"InChI=1S/C27H32O16/c1-37-16-8-13(3-5-14(16)29)24(35)39-10-27(36)11-40-26(22(27)32)43-21-20(31)19(30)18(9-28)42-25(21)41-15-6-4-12(23(33)34)7-17(15)38-2/h3-8,18-22,25-26,28-32,36H,9-11H2,1-2H3,(H,33,34)/t18-,19-,20+,21-,22+,25-,26+,27-/m1/s1";"False";"-1";"['9']";"['Brachyanin C']"
"CHEMBL3127125";"";"";"Small molecule";"";"280.21";"3";"3";"1.91";"95.56";"4";"2";"0";"1";"N";"0.83";"2";"MOL";"-1";"20";"-1.45";"C12H7F3N4O";"N#Cc1cc(-c2cc(=O)[nH]c(N)n2)cc(C(F)(F)F)c1";"HUVKDFUYQUSEDF-UHFFFAOYSA-N";"InChI=1S/C12H7F3N4O/c13-12(14,15)8-2-6(5-16)1-7(3-8)9-4-10(20)19-11(17)18-9/h1-4H,(H3,17,18,19,20)";"False";"-1";"['24']";"['3-(2-amino-6-oxo-1,6-dihydropyrimidin-4-yl)-5-(trifluoromethyl)benzonitrile']"
"CHEMBL4093409";"";"";"Small molecule";"";"519.51";"2";"2";"3.84";"158.69";"9";"5";"1";"8";"N";"0.13";"4";"MOL";"-1";"38";"0.52";"C28H25NO9";"COC(=O)[C@H](Cc1ccc(O)c(O)c1)NC(=O)/C=C/c1ccc(OC)c2oc(-c3ccc(O)c(O)c3)cc12";"HVILPUWZGGDXAJ-IUYMFKLXSA-N";"InChI=1S/C28H25NO9/c1-36-24-9-5-16(18-14-25(38-27(18)24)17-4-8-21(31)23(33)13-17)6-10-26(34)29-19(28(35)37-2)11-15-3-7-20(30)22(32)12-15/h3-10,12-14,19,30-33H,11H2,1-2H3,(H,29,34)/b10-6+/t19-/m0/s1";"False";"-1";"['9a']";"['Methyl (S,E)-3-(3,4-dihydroxyphenyl)-2-(3-(2-(3,4-dimethoxyphenyl)-7-methoxybenzofuran-4-yl)acrylamido)propanoate']"
"CHEMBL4105229";"";"";"Small molecule";"";"959.13";"1";"1";"0.72";"301.05";"18";"10";"3";"10";"N";"0.13";"0";"MOL";"-1";"67";"2.32";"C48H78O19";"CC(=O)OC[C@H]1O[C@@H](OC[C@]2(C)[C@@H]3CC[C@]4(C)[C@H](CC[C@@H]5[C@@H]6C[C@](C)(O)CC[C@]6(C(=O)O)CC[C@]54C)[C@@]3(C)CC[C@@H]2O)[C@H](O[C@@H]2O[C@@H](C)[C@@H](O)[C@@H](O)[C@@H]2O)[C@@H](O[C@@H]2OC[C@H](O)[C@H](O)[C@H]2O)[C@@H]1O";"UUQYRTHJYODWPW-FHDFEWCESA-N";"InChI=1S/C48H78O19/c1-22-31(52)34(55)36(57)40(64-22)67-38-37(66-39-35(56)32(53)26(50)19-62-39)33(54)27(20-61-23(2)49)65-41(38)63-21-45(5)28-10-13-47(7)29(44(28,4)12-11-30(45)51)9-8-24-25-18-43(3,60)14-16-48(25,42(58)59)17-15-46(24,47)6/h22,24-41,50-57,60H,8-21H2,1-7H3,(H,58,59)/t22-,24+,25-,26-,27+,28+,29+,30-,31+,32-,33+,34+,35+,36-,37-,38+,39-,40-,41+,43+,44-,45+,46+,47+,48-/m0/s1";"False";"-1";"['3']";"['3beta,20alpha,24-trihydroxy-29-norolean-12-en-28-oic acid 24-O-beta-L-fucopyranosyl(1->2)-[alpha-L-arabinopyranosyl-(1->3)]-6-O-acetyl-beta-D-glucopyranoside']"
"CHEMBL27246";"CINNAMIC ACID";"";"Small molecule";"";"148.16";"86";"241";"1.78";"37.30";"1";"1";"0";"2";"Y";"0.65";"1";"MOL";"-1";"11";"0.40";"C9H8O2";"O=C(O)/C=C/c1ccccc1";"WBYWAXJHAXSJNI-VOTSOKGWSA-N";"InChI=1S/C9H8O2/c10-9(11)7-6-8-4-2-1-3-5-8/h1-7H,(H,10,11)/b7-6+";"False";"-1";"['CN', '18', 'Cinnamic acid', '1', '34, Cinnamicacid', '12', 'CA', '28', '1a', '17', 'trans-Cinnamic acid (34)', '13', '27', '1917', 'SID144212454', 'trans-cinnamic acid', 'cinnamic acid', '77 (table SVIII)', '4', '1', 'trans-cinnamic acid', '17', 'Cinnamic acid', '16a', 'Cinnamic acid', '4', 'Cin-COOH', 'Cinnamic acid', 'Cinnamic acid', 'Cinnamic acid', '27', 'PHE2', '25, IWR-1', '11', '19', 'Cinnamic acid', '42', 'E-cinnamic acid', '14', 'CA', 'cinnamic acid', 'cinnamicacid', 'Cinnamic acid', '1d', '25', '1a', 'cinnamic acid', '15', 'Cinnamic acid', '7', '1b', 'CA', 'CA', 'Cinnamic acid', '9', '22', '8', 'Cinnamic acid', 'Cinnamic acid', 'Cinnamic acid', 'Cinnamic acid', 'trans-Cinnamic acid', 'Cinnamic acid', 'Trans-cinnamic acid', 'Cinnamic acid', 'Cinnamic acid', '4a', 'Cinnamic acid', 'Cinnamic acid', 'CIN']";"['Tran-scinnamic acid', '(E)-3-Phenyl-acrylic acid', 'Cinnamic acid', '(E)-3-Phenyl-acrylic acid', '(E)-3-phenylprop-2-enoicacid', '(E)-3-Phenyl-acrylic acid', 'Cinnamic acid', 'trans-cinnamic acid', '(E)-3-Phenyl-acrylic acid', '(E)-cinnamic acid', '(E)-3-Phenyl-acrylic acid', 'cinnamic acid', '(E)-3-Phenyl-acrylic acid', None, 'SID144212454', 'trans-cinnamic acid', 'cinnamic acid', '(2E)-3-phenylprop-2-enoic acid', 'cinnamic acid', 'cinnamic acid', 'trans-cinnamic acid', 'cinnamic acid', 'Cinnamic acid', 'trans-cinnamic acid', 'Cinnamic acid', 'Cinnamic acid', 'Cinnamic acid', 'Cinnamic acid', 'Cinnamic acid', 'Cinnamic acid', 'trans-cinnamic acid', 'Cinnamic acid', 'cinnamic acid', 'Trans-cinnamic acid', 'trans-cinnamic acid', 'Cinnamic acid', 'trans-cinnamic acid', 'E-cinnamic acid', 'Cinnamic acid', 'cinnamic acid', 'cinnamic acid', 'cinnamicacid', 'Cinnamic acid', 'Cinnamic acid', 'Cinnamic acid', 'cinnamic acid', 'cinnamic acid', 'cinnamic acid', 'Cinnamic acid', '(E)-cinnamic acid', 'cinnamic acid', 'Cinnamic acid', 'Cinnamic acid', 'Cinnamic acid', '3-phenylprop-2-enoic acid', 'Cinnamic acid', 'Cinnamic acid', 'Cinnamic acid', 'Cinnamic acid', 'Cinnamic acid', 'Cinnamic acid', '(E)-3-phenylprop-2-enoic acid', 'Cinnamic acid', '3-Phenylacrylic acid', '3-phenyl propenoic acid', 'Cinnamic acid', 'Cinnamic acid', 'Cinnamic acid', 'Cinnamic acid', 'Cinnamic acid']"
"CHEMBL323197";"MANGOSTIN";"";"Small molecule";"";"410.47";"122";"458";"5.09";"100.13";"6";"3";"1";"5";"N";"0.40";"3";"MOL";"-1";"30";"1.86";"C24H26O6";"COc1c(O)cc2oc3cc(O)c(CC=C(C)C)c(O)c3c(=O)c2c1CC=C(C)C";"GNRIZKKCNOBBMO-UHFFFAOYSA-N";"InChI=1S/C24H26O6/c1-12(2)6-8-14-16(25)10-19-21(22(14)27)23(28)20-15(9-7-13(3)4)24(29-5)17(26)11-18(20)30-19/h6-7,10-11,25-27H,8-9H2,1-5H3";"False";"-1";"['1', '6', 'alpha-Mangostin', '3', '1', 'SID124882890', 'NSC-30552', '1; Table1, 15', 'alpha-mangostin', '1', 'SID11113168', '13', 'SID26749746', 'SID26749747', '16', '1', '1', 'S74', 'alpha-M; S31', 'alpha-mangostin', '1', '1', 'SID124882891', 'SID124882892', '5', '5', '1', 'alpha-MANGOSTIN', '8', '172', 'alpha-mangostin', '1', 'alpha-mangostin', '201', '1', '4', 'alpha-mangostin', '0030552:01', 'alpha-Mangostin', 'SID26753771', 'Alpha-mangostin', '23', 'alpha-mangostin', '97', '1', '6', '7', 'alpha-mangostin', 'SST0673', '25', '60', 'alpha-Mangostin', 'alpha-Mangostin', '100', '12', 'NSC27593', '48', '4', 'Alpha-Mangostin', '35', 'a-Mangostin', '21', '36', '105', 'alpha-Mangostin', '10', '1; alpha-MG', '62', '7', '13']";"['1,3,6-Trihydroxy-7-methoxy-2,8-bis-(3-methyl-but-2-enyl)-xanthen-9-one', 'alpha-Mangostin', 'alpha-Mangostin', 'Alpha-mangostin', 'alpha-Mangostin', 'SID124882890', 'alpha-mangostin', 'alpha-mangostin', '1,3,6-trihydroxy-7-methoxy-2,8-bis(3-methylbut-2-enyl)-9H-xanthen-9-one', 'Mangostin', 'SID11113168', 'alpha-mangostin', 'SID26749746', 'SID26749747', 'alpha-mangostin', 'alpha-mangostin', '1,3,6-trihydroxy-7-methoxy-2,8-bis(3-methylbut-2-enyl)-9H-xanthen-9-one', 'Mangostin; 1,3,6-trihydroxy-7-methoxy-2,8-bis(3-methylbut-2-en-1-yl)-9H-xanthen-9-one', 'alpha-Mangostin', 'alpha-mangostin', 'alpha-mangostin', '1,3,6-trihydroxy-7-methoxy-2,8-bis(3-methylbut-2-enyl)-9H-xanthen-9-one', 'SID124882891', 'SID124882892', 'alpha-mangostin', 'alpha-mangostin', 'alpha-mangostin', 'alpha-MANGOSTIN', 'alpha-mangostin', 'alpha-mangostin', 'alpha-mangostin', 'alpha-mangostin', 'alpha-mangostin', 'Mangostin', 'alpha-mangostin', 'alpha-mangostin', 'alpha-mangostin', 'CO-ADD:0137187', 'alpha-Mangostin', 'SID26753771', 'Alpha-mangostin', '1,3,6-trihydroxy-7-methoxy-2,8-bis(3-methylbut-2-enyl)-9H-xanthen-9-one', 'alpha-mangostin', 'alpha-mangostin', '1,3,6-trihydroxy-7-methoxy-2,8-bis(3-methylbut-2-enyl)-9H-xanthen-9-one', '1,3,6-trihydroxy-7-methoxy-2,8-diprenylxanthone', 'alpha-Mangostin', 'alpha-mangostin', 'alpha-Mangostin', 'alpha-Mangostin', '1,3,6-trihydroxy-7-methoxy-2,8-bis(3-methylbut-2-enyl)xanthen-9-one', 'alpha-Mangostin', 'alpha-Mangostin', 'alpha-Mangostin', 'alpha-mangostin', '1,3,6-trihydroxy-7-methoxy-2,8-bis(3-methylbut-2-en-1-yl)-9H-xanthen-9-one', '1,3,6-trihydroxy-7-methoxy-2,8-bis(3-methylbut-2-enyl)xanthen-9-one', 'Alpha-Mangostin', 'Alpha-Mangostin', 'alpha-Mangostin', '1,3,6-trihydroxy-7-methoxy-2,8-bis(3-methylbut-2-enyl)xanthen-9-one', 'Alpha-Mangostin', 'Bioadhesin A', 'Alpha-mangostin', 'alpha-Mangostin', 'alpha-mangostin', 'alpha-Mangostin', '1,3,6-trihydroxy-7-methoxy-2,8-bis(3-methylbut-2-enyl)xanthen-9-one', '1,3,6-trihydroxy-7-methoxy-2,8-bis(3-methylbut-2-en-1-yl)-9H-xanthen-9-one', '1,3,6-trihydroxy-7-methoxy-2,8-bis(3-methylbut-2-en-1-yl)-9H-xanthen-9-one']"
"CHEMBL3127144";"";"";"Small molecule";"";"229.24";"1";"1";"1.40";"74.85";"3";"2";"0";"2";"N";"0.82";"2";"MOL";"-1";"17";"-1.23";"C12H11N3O2";"CC(=O)Nc1nc(-c2ccccc2)cc(=O)[nH]1";"PYPFWHLLDHWKQH-UHFFFAOYSA-N";"InChI=1S/C12H11N3O2/c1-8(16)13-12-14-10(7-11(17)15-12)9-5-3-2-4-6-9/h2-7H,1H3,(H2,13,14,15,16,17)";"False";"-1";"['9']";"['N-(6-oxo-4-phenyl-1,6-dihydropyrimidin-2-yl)acetamide']"
"CHEMBL85381";"";"";"Small molecule";"";"226.29";"1";"1";"0.88";"63.83";"7";"2";"0";"0";"N";"0.52";"0";"MOL";"-1";"14";"-0.98";"C7H6N4OS2";"Oc1nc2nc(S)nc-2c2n1CCS2";"FKSKBFFPDBVMOE-UHFFFAOYSA-N";"InChI=1S/C7H6N4OS2/c12-7-10-4-3(8-6(13)9-4)5-11(7)1-2-14-5/h1-2H2,(H2,8,9,10,12,13)";"False";"-1";"['5a']";"['2-Mercapto-7,8-dihydro-3H-thiazolo[2,3-i]purin-5-one']"
"CHEMBL4165088";"";"";"Small molecule";"";"262.29";"11";"12";"0.10";"96.25";"5";"4";"0";"2";"N";"0.26";"1";"MOL";"-1";"18";"-1.19";"C11H10N4O2S";"Nc1ccccc1NC=C1C(=O)NC(=S)NC1=O";"WEKKASROYRXSDS-UHFFFAOYSA-N";"InChI=1S/C11H10N4O2S/c12-7-3-1-2-4-8(7)13-5-6-9(16)14-11(18)15-10(6)17/h1-5,13H,12H2,(H2,14,15,16,17,18)";"False";"-1";"['7a']";"['5-((2-Aminophenylamino)methylene)-2-thioxodihydropyrimidine-4,6(1H,5H)-dione']"
"CHEMBL2420121";"";"";"Small molecule";"";"497.49";"2";"3";"2.84";"171.24";"11";"2";"1";"9";"N";"0.20";"4";"MOL";"-1";"35";"-2.02";"C21H19N7O6S";"CCOC(=O)Cn1ncc2c(Nc3ccc(NS(=O)(=O)c4ccc([N+](=O)[O-])cc4)cc3)ncnc21";"HVENRIGDNKTWTQ-UHFFFAOYSA-N";"InChI=1S/C21H19N7O6S/c1-2-34-19(29)12-27-21-18(11-24-27)20(22-13-23-21)25-14-3-5-15(6-4-14)26-35(32,33)17-9-7-16(8-10-17)28(30)31/h3-11,13,26H,2,12H2,1H3,(H,22,23,25)";"False";"-1";"['5b']";"['Ethyl 2-(4-((4-(4-nitrophenylsulfonamido)phenyl)amino)-1H-pyrazolo[3,4-d]pyrimidin-1-yl)acetate']"
"CHEMBL2420117";"";"";"Small molecule";"";"326.32";"2";"3";"1.61";"122.03";"7";"3";"0";"5";"N";"0.65";"3";"MOL";"-1";"24";"-1.74";"C15H14N6O3";"CC(=O)Nc1ccc(Nc2ncnc3c2cnn3CC(=O)O)cc1";"PJONLXFLYZURCX-UHFFFAOYSA-N";"InChI=1S/C15H14N6O3/c1-9(22)19-10-2-4-11(5-3-10)20-14-12-6-18-21(7-13(23)24)15(12)17-8-16-14/h2-6,8H,7H2,1H3,(H,19,22)(H,23,24)(H,16,17,20)";"False";"-1";"['6f']";"['2-(4-((4-Acetamidophenyl)amino)-1H-pyrazolo[3,4-d]pyrimidin-1-yl)acetic acid']"
"CHEMBL285671";"APPARICINE";"";"Small molecule";"";"264.37";"6";"6";"3.96";"19.03";"1";"1";"0";"0";"N";"0.71";"2";"MOL";"-1";"20";"1.84";"C18H20N2";"C=C1c2[nH]c3ccccc3c2CN2CC[C@H]1/C(=C\C)C2";"LCVACABZTLIWCE-CRAFIKPXSA-N";"InChI=1S/C18H20N2/c1-3-13-10-20-9-8-14(13)12(2)18-16(11-20)15-6-4-5-7-17(15)19-18/h3-7,14,19H,2,8-11H2,1H3/b13-3-/t14-/m1/s1";"False";"-1";"['5', '11', '75']";"['Apparicine', '(-)-Apparicine', '(-)-Apparicine']"
"CHEMBL2420114";"";"";"Small molecule";"";"424.44";"2";"3";"2.46";"139.10";"8";"3";"0";"7";"N";"0.41";"4";"MOL";"-1";"30";"-1.84";"C19H16N6O4S";"O=C(O)Cn1ncc2c(Nc3ccc(NS(=O)(=O)c4ccccc4)cc3)ncnc21";"JPBXGZDLGRQQMY-UHFFFAOYSA-N";"InChI=1S/C19H16N6O4S/c26-17(27)11-25-19-16(10-22-25)18(20-12-21-19)23-13-6-8-14(9-7-13)24-30(28,29)15-4-2-1-3-5-15/h1-10,12,24H,11H2,(H,26,27)(H,20,21,23)";"False";"-1";"['6c']";"['2-(4-((4-(Phenylsulfonamido)phenyl)amino)-1H-pyrazolo[3,4-d]pyrimidin-1-yl)acetic acid']"
"CHEMBL82756";"";"";"Small molecule";"";"206.25";"1";"1";"1.79";"74.69";"4";"2";"0";"4";"N";"0.75";"2";"MOL";"-1";"15";"-1.20";"C10H14N4O";"CCCCCc1nc(O)c2c[nH]nc2n1";"CNFAAYNOTQHSFA-UHFFFAOYSA-N";"InChI=1S/C10H14N4O/c1-2-3-4-5-8-12-9-7(6-11-14-9)10(15)13-8/h6H,2-5H2,1H3,(H2,11,12,13,14,15)";"False";"-1";"['8d']";"['6-Pentyl-1,5-dihydro-pyrazolo[3,4-d]pyrimidin-4-one']"
"CHEMBL5398074";"";"";"";"";"228.28";"1";"1";"2.60";"54.46";"4";"1";"0";"2";"N";"0.73";"3";"MOL";"-1";"16";"-2.51";"C11H8N4S";"c1cc(-c2ccc(-c3nnn[nH]3)cc2)cs1";"XCJPRCHIKARHLN-UHFFFAOYSA-N";"InChI=1S/C11H8N4S/c1-3-9(11-12-14-15-13-11)4-2-8(1)10-5-6-16-7-10/h1-7H,(H,12,13,14,15)";"False";"-1";"['IIl']";"['5-(4-(thiophen-3-yl)phenyl)-1H-tetrazole']"
"CHEMBL5561810";"";"";"";"";"325.30";"2";"2";"4.08";"79.65";"4";"2";"0";"4";"N";"0.76";"3";"MOL";"-1";"24";"-0.66";"C18H12FNO4";"O=C(O)c1ccc(-c2cncc(Oc3ccc(F)cc3)c2)cc1O";"VQORFUITFOLAHL-UHFFFAOYSA-N";"InChI=1S/C18H12FNO4/c19-13-2-4-14(5-3-13)24-15-7-12(9-20-10-15)11-1-6-16(18(22)23)17(21)8-11/h1-10,21H,(H,22,23)";"False";"-1";"['II2']";"['4-(5-(4-Fluorophenoxy)pyridin-3-yl)-2-hydroxybenzoic acid']"
"CHEMBL4095244";"";"";"Small molecule";"";"296.25";"1";"2";"0.69";"110.19";"7";"2";"0";"1";"N";"0.53";"4";"MOL";"-1";"22";"-1.34";"C13H8N6O3";"O=c1[nH]c2[nH]ncc2c2nc(-c3ccc4c(c3)OCO4)nn12";"MJILHISTIJLOCQ-UHFFFAOYSA-N";"InChI=1S/C13H8N6O3/c20-13-16-11-7(4-14-17-11)12-15-10(18-19(12)13)6-1-2-8-9(3-6)22-5-21-8/h1-4H,5H2,(H2,14,16,17,20)";"False";"-1";"['235']";"['2-(benzo[d][1,3]dioxol-5-yl)-6,7-dihydro-5H-pyrazolo[4,3-e][1,2,4]triazolo[1,5-c]pyrimidin-5-one']"
"CHEMBL560455";"";"";"Small molecule";"";"355.73";"7";"20";"-0.04";"129.22";"7";"4";"0";"3";"N";"0.61";"2";"MOL";"-1";"24";"0.62";"C15H14ClNO7";"O=C(O)c1cn([C@@H]2O[C@H](CO)[C@@H](O)[C@H]2O)c2ccc(Cl)cc2c1=O";"IFFPNCKBDBQCNL-FMKGYKFTSA-N";"InChI=1S/C15H14ClNO7/c16-6-1-2-9-7(3-6)11(19)8(15(22)23)4-17(9)14-13(21)12(20)10(5-18)24-14/h1-4,10,12-14,18,20-21H,5H2,(H,22,23)/t10-,12-,13-,14-/m1/s1";"False";"-1";"['1', '1', '1', 'Neq140']";"['6-chloro-1,4-dihydro-4-oxo-1-(D-ribofuranosyl)-quinoline-3-carboxylic acid', '6-chloro-1-((2R,3R,4S,5R)-3,4-dihydroxy-5-(hydroxymethyl)tetrahydrofuran-2-yl)-4-oxo-1,4-dihydroquinoline-3-carboxylic acid', '6-chloro-1-((2R,3R,4S,5R)-3,4-dihydroxy-5-(hydroxymethyl)tetrahydrofuran-2-yl)-4-oxo-1,4-dihydroquinoline-3-carboxylic acid', '6-chloro-1,4-dihydro-4-oxo-1-(beta-D-ribofuranosyl)quinoline-3-carboxylic acid']"
"CHEMBL117";"CHRYSIN";"";"Small molecule";"";"254.24";"257";"699";"2.87";"70.67";"4";"2";"0";"1";"N";"0.70";"3";"MOL";"-1";"19";"1.23";"C15H10O4";"O=c1cc(-c2ccccc2)oc2cc(O)cc(O)c12";"RTIXKCRFFJGDFG-UHFFFAOYSA-N";"InChI=1S/C15H10O4/c16-10-6-11(17)15-12(18)8-13(19-14(15)7-10)9-4-2-1-3-5-9/h1-8,16-17H";"False";"-1";"['Chrysin', '5b', '1', 'F4', '27', 'Chrysin', '5', '23', 'Chrysin', 'SID124882277', '1, Chrysin', 'Chrysin', 'SID174006352', 'G37', '10', '1i', '34', 'SID49674567', 'SID124882275', '17', 'Chrysin', 'Chrysin', 'Chrysin', '1', '49', 'Chrysin', '3', 'Chrysin', '8', 'Chrysin', 'chrysin', 'Chrysin', '2b', 'Chrysin', '55', 'Chrysin', '11', '34', 'M1', '11', 'Chrysin', 'NSC-407436', '12', '3', '21', '3', 'chrysin', 'SID26748375', '21', '7', '29', '16', 'chrysin', 'CHY', 'SID144212652', '7', '8, Chrysin', 'NP-20', 'Chrysin', 'Chrysin', 'Chrysin', '12', 'SID26748373', 'SID11112354', 'Chrysin', '4a', '2', 'chry, chrysin', 'Chrysine', 'Chrysin', '6', 'chrysin, 57DHF', '9', 'Chrysin', 'Chrysin', '1, CR', 'Chrysine', 'Pageno 1590, R6C2,4', 'chrysin', '12', 'CHRYSIN', 'D', 'Chrysin', '4', '1', 'SID46501295', '2, Chry', 'Chrysin', '8', '12, Chrysin', 'Table 1, 5', '27', '194', '17', 'CH', '15', 'Chrysin', '16', '3', '43', 'chrysin', '1', '5', 'Chrysin', '31', 'Chrysin', '4a', 'Chrysin', 'Chrysin', 'chrysine', '8', 'chrysin', '1, chrysin', '17', '22', '24', '5', 'chrysin', '2', '1', 'Chrysin', 'Chrysin', '5,7-DHF', '23', 'Chrysin', 'chrysin', '1', 'Chrysin', 'Chrysin', 'Chrysin', 'Chrysin', 'SID124882278', 'A78, Chrysine', 'chrysin', 'Chrysin', '2', 'SID26753724', '10', '28', '21', 'chrysin', 'CHRYSIN', 'Chrysin', 'Chrysin', 'CR', 'SID26753723', 'SID124882279', 'Chrysin', 'SID477194', '18', '1370', '5', 'D1', '146', '36', '176272487', '45', 'chrysin', '4', 'Chrysin', '1', '9', '30', 'Chrysin', 'COVC-1751709910', '9', '349', 'Chrysin', '23', 'Chrysin', 'Chrysin', 'Chrysin', '11', '11', 'Chrysin', '24', 'Chrysin', '1', '24a', 'Chrysin', '75']";"['Chrysin', '5,7-Dihydroxy-2-phenyl-chromen-4-one', 'Chrysin', '5,7-Dihydroxy-2-phenyl-chromen-4-one', 'Chrysin', '5,7-Dihydroxy-2-phenyl-chroman-4-one', 'Chrysin', 'Chrysin', 'Chrysin', 'SID124882277', '5,7-dihydroxyflavone', '5,7-Dihydroxy-2-phenyl-chromen-4-one', 'SID174006352', '5,7-Dihydroxy-2-phenyl-chromen-4-one', '5,7-Dihydroxy-2-phenyl-chromen-4-one', '5,7-Dihydroxy-2-phenyl-chromen-4-one', '5,7-Dihydroxy-2-phenyl-chromen-4-one', 'SID49674567', 'SID124882275', 'Chrysin', '5,7-dihydroxy-flavone', 'Chrysin', 'Chrysin', '5,7-dihydroxy-2-phenyl-4H-chromen-4-one', '5,7-dihydroxy-2-phenyl-4H-chromen-4-one', 'Chrysin', 'Chrysin', 'Chrysin', 'chrysin', 'Chrysin', '5,7-dihydroxyfalvone', '5,7-Dihydroxy-2-phenyl-chromen-4-one', '5,7-dihydroxy-2-phenyl-4H-chromen-4-one', 'Chrysin', '5,7-Dihydroxyflavone', '5,7-Dihydroxy-2-phenyl-chromen-4-one (Chrysin)', 'Chrysin', '5,7-dihydroxy-2-phenyl-4H-chromen-4-one', '5,7-dihydroxy-2-phenyl-4H-chromen-4-one', '5,7-dihydroxy-2-phenyl-4H-chromen-4-one', 'Chrysin', '5,7-dihydroxy-2-phenyl-4H-chromen-4-one', 'chrysin', '5,7-dihydroxy-2-phenyl-4H-benzopyran-4-one', '5,7-Dihydroxy-2-phenyl-chromen-4-one', 'chrysin', '3,5,7-trihydroxy-2-phenyl-4H-chromen-4-one', 'SID26748375', '5,7-dihydroxy-2-phenyl-4H-chromen-4-one', 'chrysin', '5,7-Dihydroxy-2-phenyl-chromen-4-one', '5,7-dihydroxy flavone', 'chrysin', '5,7-dihydroxy-2-phenyl-4H-chromen-4-one', 'SID144212652', '5,7-dihydroxy-2-phenyl-4H-chromen-4-one', '5,7-dihydroxy-2-phenyl-4H-chromen-4-one', '5,7-dihydroxy-2-phenyl-4H-chromen-4-one', 'Chrysin', 'Chrysin', 'Chrysin', 'Chrysin', 'SID26748373', 'SID11112354', 'Chrysin', 'Chrysin', 'Chrysin', '5,7-dihydroxylflavone', 'Chrysine', 'Chrysin', 'Chrysin', '5,7-dihydroxyflavone', 'Chrysin', 'Chrysin', 'Chrysin', 'chrysin', 'Chrysine', '5,7-dihydroxy-2-phenyl-4H-chromen-4-one', 'chrysin', '5,7-dihydroxyflavone', 'CHRYSIN', '5,7-dihydroxyflavone', '5,7-Dihydroxy-2-phenyl-chromen-4-one', 'Chrysin', '5,7-Dihydroxy-2-phenyl-chromen-4-one', 'SID46501295', 'chrysin', 'Chrysin', 'chrysin', '5,7-dihydroxyflavone', 'Chrysin', 'Chrysin', 'Chrysin', '5,7-Dihydroxyflavone', 'Chrysin', '5,7-Dihydroxy-2-phenyl-chromen-4-one', 'Chrysin', 'chrysin', 'chrysin', 'chrysin', 'chrysin', '5,7-Dihydroxy-2-phenyl-chromen-4-one', '5,7-Dihydroxy-2-phenyl-chromen-4-one', 'Chrysin', 'Chrysin', '5,7-dihydroxy-2-phenyl-4H-chromen-4-one', 'Chrysin', 'Chrysin', '5,7-dihydroxyflavone', '5,7-dihydroxy-2-phenyl-4H-chromen-4-one', 'chrysin', 'chrysin', '5,7-dihydroxyflavone', 'Chrysin', 'chrysin', 'Chrysin', 'Chrysin', 'chrysin', 'Chrysin', 'Chrysin', 'Chrysin', 'Chrysin', '5,7-dihydroxyFlavone', 'Chrysin', '5,7-dihydroxyflavone', '5,7-dihydroxy-2-phenyl-4H-chromen-4-one', '5,7-dihydroxy-2-phenyl-4H-chromen-4-one', 'Chrysin', 'Chrysin', 'Chrysin', 'Chrysin', 'SID124882278', '5,7-dihydroflavone', 'chrysin', 'Chrysin', '5,7-Dihydroxyflavone', 'SID26753724', 'Chrysin', 'chrysin', '5,7-dihydroxy-2-phenyl-4H-chromen-4-one', 'chrysin', 'CHRYSIN', '5,7-dihydroxy-2-phenyl-4H-chromen-4-one', 'Chrysin', 'chrysin', 'SID26753723', 'SID124882279', 'Chrysin', 'SID477194', '5,7-dihydroxy-2-phenyl-4H-chromen-4-one', None, 'Chrysin', 'Chrysin', '5,7-dihydroxy-2-phenyl-4H-chromen-4-one', 'Chrysin', 'CHRYSIN', 'Chrysin', 'chrysin', 'Chrysin', 'Chrysin', 'Chrysin', 'Chrysin', '5,7-dihydroxy-2-phenyl-4H-chromen-4-one', 'Chrysin', 'CHRYSIN', '5,7-dihydroxy-2-phenyl-4H-chromen-4-one', '5,7-dihydroxy-2-phenyl-4H-chromen-4-one', 'Chrysin', 'Chrysin', 'Chrysin', 'Chrysin', 'Chrysin', 'Chrysin', 'Chrysin', 'Chrysin', 'Chrysin', 'Chrysin', 'Chrysin', 'Chrysin', 'Chrysin', 'Chrysin']"
"CHEMBL7983";"PROPYL GALLATE";"ANHYDROUS PROPYL GALLATE (E 310)|E-310|E310|FEMA NO. 2947|GALLIC ACID, PROPYL ESTER|INS NO.310|INS-310|NSC-2626|PROPYL GALLATE|PROPYL GALLATE (E 310)";"Small molecule";"1.0";"212.20";"112";"183";"1.37";"86.99";"5";"3";"0";"3";"N";"0.52";"1";"MOL";"0";"15";"0.46";"C10H12O5";"CCCOC(=O)c1cc(O)c(O)c(O)c1";"ZTHYODDOHIVTJV-UHFFFAOYSA-N";"InChI=1S/C10H12O5/c1-2-3-15-10(14)6-4-7(11)9(13)8(12)5-6/h4-5,11-13H,2-3H2,1H3";"False";"0";"['PG', 'PG', '45', 'n-Propyl gallate', 'PG', 'C3 (3)', 'propyl gallate', '1', 'n-propyl gallate', 'propyl gallate', 'SID144210380', 'SID26757651', '8', 'PG', 'PG', 'n-propylgallate', 'n-propylgallate', 'N-Propyl gallate', 'n-propyl gallate', '4', 'n-Propyl gallate', 'propyl gallate', 'n-propyl gallate', 'propyl gallate', 'SID144209484', 'SID225144253', 'PROPYL GALLATE', 'propyl gallate', 'Propyl gallate', 'Propyl gallate', 'Propyl gallate', '8', '1', 'Table 1, R4C1', 'PG', '6', 'SID69249', 'Propylgallate', 'G3', 'SID144207080', 'Propyl gallate', 'n-propyl gallate', 'Propyl gallate']";"['propyl 3,4,5-trihydroxybenzoate', 'Propyl gallate', '3,4,5-trihydroxybenzoic acid propyl ester', 'n-Propyl gallate', 'Propyl gallate', '3,4,5-Trihydroxy-benzoic acid propyl ester', '3,4,5-Trihydroxy-benzoic acid propyl ester', '3,4,5-Trihydroxy-benzoic acid propyl ester', '3,4,5-Trihydroxy-benzoic acid propyl ester', 'propyl 3,4,5-trihydroxybenzoate', 'SID144210380', 'SID26757651', 'propyl gallate', 'propyl 3,4,5-trihydroxybenzoate', 'propyl gallate', 'n-propylgallate', 'n-propylgallate', 'N-Propyl gallate', 'n-propyl gallate', 'propyl 3,4,5-trihydroxybenzoate', 'n-Propyl gallate', 'Propyl gallate', 'n-propyl gallate', 'propyl gallate', 'SID144209484', 'SID225144253', 'PROPYL GALLATE', '3,4,5-Trihydroxy-benzoic acid propyl ester', 'Propyl gallate', '3,4,5-Trihydroxy-benzoic acid propyl ester', 'Propyl gallate', 'propyl gallate', '1-Propyl gallate', 'propyl 3,4,5-trihydroxybenzoate', 'Propyl gallate', 'propyl 3,4,5-trihydroxybenzoate', 'SID69249', 'Propylgallate', 'propyl 3,4,5-trihydroxybenzoate', 'SID144207080', 'Propyl gallate', 'n-propyl gallate', 'Propyl gallate']"
"CHEMBL309490";"GALANGIN";"";"Small molecule";"";"270.24";"135";"334";"2.58";"90.90";"5";"3";"0";"1";"N";"0.63";"3";"MOL";"-1";"20";"1.43";"C15H10O5";"O=c1c(O)c(-c2ccccc2)oc2cc(O)cc(O)c12";"VCCRNZQBSJXYJD-UHFFFAOYSA-N";"InChI=1S/C15H10O5/c16-9-6-10(17)12-11(7-9)20-15(14(19)13(12)18)8-4-2-1-3-5-8/h1-7,16-17,19H";"False";"-1";"['Galangin', 'Galangin', '4, F18', 'FLA10', '26', 'SID124882830', '1', '2', '1', '14', '5g', '21', '3', 'Galagin(Galangin)', 'NSC-407229', '13', '29', '9', 'galangin', '1', '27, galangin', '18', 'Galangin, GLN', 'Galangin', 'Galangin', '42', 'SID26754241', 'SID11113137', '7', 'Galangin', '3', '12', '21', '3,5,7-Trihydroxyflavone', 'Galangin', 'Table 1, 2', '11', 'Galangin', 'Galangin', '8', 'Galangin', 'galangin', '67', 'galangin', 'Galangin', 'galangin', 'galanjin', '9', '6', '5', 'galangin', '5, galangin', '4', '32', '6', 'galangin', 'Galangin', 'Galangin', '28', '18', 'Galangin', 'SID85272545', '21', 'Galangin', 'Galangine', '5', '13', 'D2', '24', 'Galangin', '2', '1', '19', '29', '15c', '19', 'GALANGIN', 'GA', 'Galangin', 'GALANGIN', '24a', '1', 'Galangin', '93', '85', 'Galangin']";"['Galangin', '3,5,7-Trihydroxy-2-phenyl-chromen-4-one', '3,5,7-trihydroxy-2-phenyl-4H-chromen-4-one', 'Galangin', 'Galangin; 5,7-dihydroxyflavonol', 'SID124882830', '3,5,7-Trihydroxy-2-phenyl-chromen-4-one', '3,5,7-trihydroxy-2-phenyl-4H-chromen-4-one', '3,5,7-Trihydroxy-2-phenyl-chromen-4-one', '3,5,7-Trihydroxy-2-phenyl-chromen-4-one', '3,5,7-Trihydroxy-2-phenyl-chromen-4-one', '3,5,7-trihydroxy-2-phenyl-4H-chromen-4-one', 'galangin', 'Galagin', '3,5,7-trihydroxy-2-phenyl-4H-chromen-4-one', 'galangin', '3,5,7-trihydroxy-2-phenyl-4H-chromen-4-one', 'galangin', 'galangin', 'galangin', '3,5,7-Trihydroxy-2-phenyl-4H-chromen-4-one', 'Galangin', '3,5,7-trihydroxyflavone', '3,5,7-Trihydroxyflavone', 'Galangin', 'Galangin', 'SID26754241', 'SID11113137', '3,5,7-Trihydroxyflavone', 'Galangin', 'Galangin', 'galangin', 'Galangin', '3,5,7-Trihydroxyflavone', 'Galangin', 'Galangin', 'Galangin', 'Galangin', '3,5,7-Trihydroxy-2-phenyl-chromen-4-one', 'galangin', 'Galangin', 'galangin', 'Galangin', 'galangin', '3,5,7-trihydroxyflavone', 'galangin', 'galanjin', 'Galangin', 'Galangin', 'Galangin', 'galangin', '3,5,7-Trihydroxyflavone', 'galangin', 'galangin', 'teptochrysin', 'galangin', 'Galangin', 'Galangin', 'Galangin', '3,5,7-Trihydroxyflavone', 'Galangin', 'SID85272545', 'galangin', 'Galangin', 'Galangine', 'Galangin', 'Galangin', 'Galangin', '3,5,7-trihydroxy-2-phenyl-4H-chromen-4-one', 'Galangin', 'Galangin; 3,5,7-trihydroxyflavone', 'Galangin', 'Galangin', 'Galangin', '3,5,7-trihydroxy-2-phenyl-4H-chromen-4-one', 'Galangin', 'GALANGIN', 'Galangin', 'Galangin', 'GALANGIN', 'Galangin', 'Galangin; 3,5,7-trihydroxy-2-phenyl-4H-chromen-4-one', 'Galangin', 'Galangin', 'Galangin', 'Galangin']"
"CHEMBL508447";"";"";"Small molecule";"";"588.83";"6";"16";"8.42";"69.67";"5";"0";"2";"7";"N";"0.24";"1";"MOL";"-1";"43";"2.15";"C38H52O5";"C=C(C)[C@@H]1CC[C@]2(C)[C@H](C(=O)C=C3[C@@H]4C[C@@](C)(C(=O)OCc5ccccc5)CC[C@]4(C)CC[C@]32C)[C@@]1(C)CCC(=O)OC";"GABZDTRHGCPNCN-XWCYGWTESA-N";"InChI=1S/C38H52O5/c1-25(2)27-14-17-38(7)32(36(27,5)16-15-31(40)42-8)30(39)22-28-29-23-35(4,19-18-34(29,3)20-21-37(28,38)6)33(41)43-24-26-12-10-9-11-13-26/h9-13,22,27,29,32H,1,14-21,23-24H2,2-8H3/t27-,29-,32+,34+,35-,36-,37+,38+/m0/s1";"False";"-1";"['13', '12']";"['3,4-seco-11-Oxo-18beta-olean-4(23),12-dien-3,30-dioic acid 3-methyl,30-benzyl ester', '(3S,4aR,6aR,7S,10aR,10bS,12aS)-benzyl 7-(3-methoxy-3-oxopropyl)-3,7,10a,10b,12a-pentamethyl-6-oxo-8-(prop-1-en-2-yl)-1,2,3,4,4a,6,6a,7,8,9,10,10a,10b,11,12,12a-hexadecahydrochrysene-3-carboxylate']"
"CHEMBL498879";"NICOTIFLOROSIDE";"";"Small molecule";"";"594.52";"39";"79";"-1.39";"249.20";"15";"9";"3";"6";"N";"0.16";"3";"MOL";"-1";"42";"1.94";"C27H30O15";"C[C@@H]1O[C@@H](OC[C@H]2O[C@@H](Oc3c(-c4ccc(O)cc4)oc4cc(O)cc(O)c4c3=O)[C@H](O)[C@@H](O)[C@@H]2O)[C@H](O)[C@H](O)[C@H]1O";"RTATXGUCZHCSNG-QHWHWDPRSA-N";"InChI=1S/C27H30O15/c1-9-17(31)20(34)22(36)26(39-9)38-8-15-18(32)21(35)23(37)27(41-15)42-25-19(33)16-13(30)6-12(29)7-14(16)40-24(25)10-2-4-11(28)5-3-10/h2-7,9,15,17-18,20-23,26-32,34-37H,8H2,1H3/t9-,15+,17-,18+,20+,21-,22+,23+,26+,27-/m0/s1";"False";"-1";"['6', '20', '11, nikotiflorin', 'nicotifloroside', '13', '11', '12', '26', '8', '12', '3', '6', '23', '14', '8', '7', 'SID56322747', '13', '7', '8', '14', '11', '15', '12', '4']";"['Kaempferol-3-O-rutinoside', 'Nicotiflorin', 'kaempferol-3-O-rutinoside', 'nicotifloroside', 'kaempferol 3-neohesperidoside', 'Kaempferol 3-O-rutinose', 'kampferol-3-O-rutinoside', '3-rutinosylkaempferol', 'Nicotiflorin', 'Nictoflorin', 'kaempferol-3-rutinoside', 'Kaempferol-3-O-rutinoside', 'kaempferol 3-O-alpha-L-rhamnopyranosyl-(1->6)-beta-D-glucopyranoside', 'Nicotiflorin', 'kaempferol 3-O-rutinoside', 'kaemperol-3-O-alpha-L-rhamnopyranosyl-(1->6)-beta-D-glucopyranoside', 'SID56322747', 'Kaempferol-3-O-beta-D-rutinoside', 'kaempferol-3-O-rutinoside', 'Kaempferol 3-O-alpha-L-rhamnopyranosyl-(1->6)-beta-D-glucopyranoside', 'kaempferol 3-O-alpha-L-rhamnopyranosyl-(1->6)-beta-D-glucopyranoside', 'Nicotiflorin', 'kaempferol 3-rutinoside', 'kaempferol-3-O-beta-D-rutinoside', '5,7-dihydroxy-2-(4-hydroxyphenyl)-3-[(2S,3R,4S,5S,6R)-3,4,5-trihydroxy-6-[[(2R,3R,4R,5R,6S)-3,4,5-trihydroxy-6-methyl-tetrahydropyran-2-yl]oxymethyl]tetrahydropyran-2-yl]oxy-chromen-4-one']"
"CHEMBL5591701";"";"";"";"";"451.43";"1";"1";"5.39";"8.81";"2";"0";"1";"6";"N";"0.33";"4";"MOL";"-1";"27";"-0.58";"C24H23BrN2S";"C=Cc1ccc(C[n+]2cn(Cc3ccc(SC)cc3)c3ccccc32)cc1.[Br-]";"MHRWLFHNBCNINV-UHFFFAOYSA-M";"InChI=1S/C24H23N2S.BrH/c1-3-19-8-10-20(11-9-19)16-25-18-26(24-7-5-4-6-23(24)25)17-21-12-14-22(27-2)15-13-21;/h3-15,18H,1,16-17H2,2H3;1H/q+1;/p-1";"False";"-1";"['66']";"['1-(4-(methylthio)benzyl)-3-(4-vinylbenzyl)-1H-benzo[d]imidazol-3-ium']"
"CHEMBL71851";"SCOPOLETIN";"";"Small molecule";"";"192.17";"206";"412";"1.51";"59.67";"4";"1";"0";"1";"N";"0.70";"2";"MOL";"-1";"14";"1.08";"C10H8O4";"COc1cc2ccc(=O)oc2cc1O";"RODXRVNMMDRFIK-UHFFFAOYSA-N";"InChI=1S/C10H8O4/c1-13-9-4-6-2-3-10(12)14-8(6)5-7(9)11/h2-5,11H,1H3";"False";"-1";"['2', '14', '107, Aesculetin-6-methyl ether', 'Scopoletin', 'SCOPOLETIN', '21', '4', '3', 'Scopoletin', 'SID475672', 'scopoletin', '1, scopoletin', '3', 'Scopoltin', '11', '1', 'SID26753736', '4, NSC-405647', 'Scopoletin', 'SID26748639', '14', 'Scopoletin', '2', '7, scopoletin', '56', 'scopoletin', '1', '7', 'SID11112241', '2', '2', 'Scopoletin', '7-hydroxy-6-methoxycoumarin', 'Scopoletin', 'scopoletin', 'scopoletin', 'scopoletin', '16', '4, scopoletin', 'scopoletin', '8', '19', 'SID11112240', '156', '1', '9', 'scopoletin', '7', 'Scopoletin', 'Sco, Scopoletin', 'SID56463587', '8', 'Scopolatin', '12', 'Scopoletin', 'Scopoletin', '11', 'COVC-1214882540', '6, Scopoletin', '18', '4', '2, NSC-405647', '37', 'Scopoletin', '67', '9', 'Scopoletin', '1a', 'Scopoletin', '2', 'Scopoletin', '22a']";"['7-Hydroxy-6-methoxy-chromen-2-one', 'Scopoletin', 'Scopoletin', 'Scopoletin', 'SCOPOLETIN', '7-hydroxy-6-methoxy-2H-chromen-2-one', 'scopoletin', '7-hydroxy-6-methoxy-2H-chromen-2-one', 'Scopoletin', 'SID475672', 'scopoletin', '7-hydroxy-6-methoxycoumarin', 'Scopoletin', 'Scopoltin', 'scopoletin', 'scopoletin', 'SID26753736', 'scopoletin', 'Scopoletin', 'SID26748639', 'scopoletin', 'Scopoletin', 'Scopoletin', '7-hydroxy-6-methoxy-2H-chromen-2-one', '7-hydroxy-6-methoxy-2H-chromen-2-one', 'scopoletin', 'Scopoletin', 'scopoletin', 'SID11112241', 'scopoletin', '7-hydroxy-6-methoxy-2H-chromen-2-one', 'Scopoletin', '7-hydroxy-6-methoxycoumarin', 'Scopoletin', 'scopoletin', 'scopoletin', 'scopoletin', '7-hydroxy-6-methoxy-2H-chromen-2-one', '6-hydroxy-7-methoxycoumarin', 'scopoletin', '6-hydroxy-7-methoxycoumarin', 'Scopoletin', 'SID11112240', 'scopoletin', 'Scopoletin', '6-Methoxy-7-hydroxycoumarin', 'scopoletin', 'scopoletin', 'Scopoletin', '6-methoxy-7-hydroxycoumarin', 'SID56463587', '7-Hydroxy-6-methoxycoumarin', 'Scopolatin', 'Scopoletin', 'Scopoletin', 'Scopoletin', 'Scopoletin', 'SCOPOLETIN', '6-methoxy-7-hydroxy-coumarin', '6-methoxy-7-hydroxycoumarin', 'Scopoletin', 'scopoletin', 'Scopoletin', '7-hydroxy-6-methoxy-2H-chromen-2-one', 'Scopoletin', 'Scopoletin', 'Scopoletin', 'Scopoletin', 'Scopoletin', 'Scopoletin', 'Scopoletin', 'Scopoletin']"
"CHEMBL84310";"";"";"Small molecule";"";"221.26";"1";"2";"1.66";"86.72";"5";"3";"0";"5";"N";"0.67";"2";"MOL";"-1";"16";"-0.84";"C10H15N5O";"CCCCCNc1nc(O)c2[nH]cnc2n1";"FNFANTDRCKMQMY-UHFFFAOYSA-N";"InChI=1S/C10H15N5O/c1-2-3-4-5-11-10-14-8-7(9(16)15-10)12-6-13-8/h6H,2-5H2,1H3,(H3,11,12,13,14,15,16)";"False";"-1";"['7e']";"['2-Pentylamino-1,9-dihydro-purin-6-one']"
"CHEMBL3740429";"";"";"Small molecule";"";"317.82";"2";"4";"2.15";"41.03";"4";"1";"0";"4";"N";"0.87";"2";"MOL";"-1";"19";"-1.96";"C13H17ClFN3OS";"CN(C)CCCn1c(=S)[nH]c2ccc(F)cc2c1=O.Cl";"PDQKPLURHKPLED-UHFFFAOYSA-N";"InChI=1S/C13H16FN3OS.ClH/c1-16(2)6-3-7-17-12(18)10-8-9(14)4-5-11(10)15-13(17)19;/h4-5,8H,3,6-7H2,1-2H3,(H,15,19);1H";"False";"-1";"['1e']";"['3-(3-(dimethylamino)propyl)-6-fluoro-2-thioxo-2,3-dihydroquinazolin-4(1H)-one hydrochloride']"
"CHEMBL4177250";"";"";"Small molecule";"";"230.27";"11";"12";"-1.77";"96.25";"4";"4";"0";"1";"N";"0.24";"0";"MOL";"-1";"14";"-1.12";"C6H6N4O2S2";"NC(=S)NC=C1C(=O)NC(=S)NC1=O";"LMNOCJIIGVUVMV-UHFFFAOYSA-N";"InChI=1S/C6H6N4O2S2/c7-5(13)8-1-2-3(11)9-6(14)10-4(2)12/h1H,(H3,7,8,13)(H2,9,10,11,12,14)";"False";"-1";"['8e']";"['1-[(4,6-Dioxo-2-thioxotetrahydropyrimidin-5(2H)-ylidene)methyl]thiourea']"
"CHEMBL311805";"";"";"Small molecule";"";"210.22";"1";"1";"0.29";"84.06";"7";"2";"0";"0";"N";"0.61";"0";"MOL";"-1";"14";"-0.79";"C7H6N4O2S";"Oc1nc2nc(O)n3c(c-2n1)SCC3";"WLIQWAVEWPSTEE-UHFFFAOYSA-N";"InChI=1S/C7H6N4O2S/c12-6-8-3-4(9-6)10-7(13)11-1-2-14-5(3)11/h1-2H2,(H2,8,9,10,12,13)";"False";"-1";"['5c']";"['2-Hydroxy-7,8-dihydro-3H-thiazolo[2,3-i]purin-5-one']"
"CHEMBL4102572";"";"";"Small molecule";"";"274.33";"1";"2";"1.81";"91.73";"5";"2";"0";"6";"N";"0.67";"3";"MOL";"-1";"20";"-1.19";"C13H18N6O";"CCCCCCCc1nc2c3cn[nH]c3[nH]c(=O)n2n1";"ZEUXLEMAQKSPGF-UHFFFAOYSA-N";"InChI=1S/C13H18N6O/c1-2-3-4-5-6-7-10-15-12-9-8-14-17-11(9)16-13(20)19(12)18-10/h8H,2-7H2,1H3,(H2,14,16,17,20)";"False";"-1";"['225']";"['2-heptyl-6,7-dihydro-5H-pyrazolo[4,3-e][1,2,4]triazolo[1,5-c]pyrimidin-5-one']"
"CHEMBL3127119";"";"";"Small molecule";"";"263.30";"1";"1";"2.69";"71.77";"3";"2";"0";"2";"N";"0.75";"3";"MOL";"-1";"20";"-0.28";"C16H13N3O";"Nc1nc(-c2ccccc2)c(-c2ccccc2)c(=O)[nH]1";"HVDNXYLJMBRMTI-UHFFFAOYSA-N";"InChI=1S/C16H13N3O/c17-16-18-14(12-9-5-2-6-10-12)13(15(20)19-16)11-7-3-1-4-8-11/h1-10H,(H3,17,18,19,20)";"False";"-1";"['17']";"['2-amino-5,6-diphenylpyrimidin-4(3H)-one']"
"CHEMBL3127141";"";"";"Small molecule";"";"291.11";"1";"1";"1.85";"63.05";"4";"1";"0";"1";"N";"0.74";"3";"MOL";"-1";"17";"-1.41";"C11H7BrN4O";"O=c1[nH]cnc2nc(-c3ccc(Br)cc3)cn12";"RBHHBLIUKYMCQR-UHFFFAOYSA-N";"InChI=1S/C11H7BrN4O/c12-8-3-1-7(2-4-8)9-5-16-10(15-9)13-6-14-11(16)17/h1-6H,(H,13,14,15,17)";"False";"-1";"['5']";"['7-(4-bromophenyl)imidazo[1,2-a][1,3,5]triazin-4(3H)-one']"
"CHEMBL486415";"SWERTISIN";"";"Small molecule";"";"446.41";"3";"3";"0.39";"170.05";"10";"6";"1";"4";"N";"0.33";"3";"MOL";"-1";"32";"1.85";"C22H22O10";"COc1cc2oc(-c3ccc(O)cc3)cc(=O)c2c(O)c1[C@@H]1O[C@H](CO)[C@@H](O)[C@H](O)[C@H]1O";"ABRULANJVVJLFI-DGHBBABESA-N";"InChI=1S/C22H22O10/c1-30-13-7-14-16(11(25)6-12(31-14)9-2-4-10(24)5-3-9)19(27)17(13)22-21(29)20(28)18(26)15(8-23)32-22/h2-7,15,18,20-24,26-29H,8H2,1H3/t15-,18-,20+,21-,22+/m1/s1";"False";"-1";"['10', 'Swertisin', 'Swertisin']";"['Swertisin', 'Swertisin', 'Swertisin']"
"CHEMBL317730";"";"";"Small molecule";"";"556.74";"2";"4";"8.36";"116.45";"7";"4";"2";"18";"N";"0.08";"2";"MOL";"-1";"40";"1.19";"C33H48O7";"CCCCCCCCCCCCCCCCCC(=O)O[C@@H]1Cc2ccc(O)c(O)c2O[C@H]1c1ccc(O)c(O)c1";"YNUDMWKLPNWPCC-PPTMTGTBSA-N";"InChI=1S/C33H48O7/c1-2-3-4-5-6-7-8-9-10-11-12-13-14-15-16-17-30(37)39-29-23-25-19-21-27(35)31(38)33(25)40-32(29)24-18-20-26(34)28(36)22-24/h18-22,29,32,34-36,38H,2-17,23H2,1H3/t29-,32+/m1/s1";"False";"-1";"['4g']";"['Octadecanoic acid (2S,3R)-2-(3,4-dihydroxy-phenyl)-7,8-dihydroxy-chroman-3-yl ester']"
"CHEMBL470869";"BOLETININ H";"";"Small molecule";"";"418.53";"3";"5";"5.38";"100.90";"4";"2";"1";"14";"N";"0.22";"0";"MOL";"-1";"30";"1.47";"C24H34O6";"C/C(=C\CC/C(C)=C/COC(=O)/C=C/C(=O)O)CC/C=C(\C)CC/C=C(\C)C(=O)O";"ZGKBVLVSZSECNY-PAUNICHOSA-N";"InChI=1S/C24H34O6/c1-18(8-5-9-19(2)12-7-13-21(4)24(28)29)10-6-11-20(3)16-17-30-23(27)15-14-22(25)26/h9-10,13-16H,5-8,11-12,17H2,1-4H3,(H,25,26)(H,28,29)/b15-14+,18-10+,19-9+,20-16+,21-13+";"False";"-1";"['10']";"['Boletinin H']"
"CHEMBL460379";"";"";"Small molecule";"";"229.20";"4";"4";"1.23";"110.77";"6";"1";"0";"2";"N";"0.61";"2";"MOL";"-1";"17";"-2.64";"C10H7N5O2";"N#Cc1cnn(-c2ccc([N+](=O)[O-])cc2)c1N";"OAPYCPXMCXWPHI-UHFFFAOYSA-N";"InChI=1S/C10H7N5O2/c11-5-7-6-13-14(10(7)12)8-1-3-9(4-2-8)15(16)17/h1-4,6H,12H2";"False";"-1";"['3e']";"["5-Amino-1-(4'-nitrophenyl)-1H-pyrazole-4-carbonitrile"]"
"CHEMBL443354";"";"";"Small molecule";"";"198.23";"7";"7";"1.63";"67.63";"4";"1";"0";"1";"N";"0.76";"2";"MOL";"-1";"15";"-2.49";"C11H10N4";"Cc1ccc(-n2ncc(C#N)c2N)cc1";"MJQOLPWOOIMZDA-UHFFFAOYSA-N";"InChI=1S/C11H10N4/c1-8-2-4-10(5-3-8)15-11(13)9(6-12)7-14-15/h2-5,7H,13H2,1H3";"False";"-1";"['SID26729785', '3a']";"['SID26729785', '5-Amino-1-p-tolyl-1H-pyrazole-4-carbonitrile']"
"CHEMBL3741401";"";"";"Small molecule";"";"365.41";"2";"4";"2.44";"83.96";"5";"2";"0";"3";"N";"0.70";"3";"MOL";"-1";"24";"-1.69";"C15H12FN3O3S2";"Cc1ccc(S(=O)(=O)Nn2c(=S)[nH]c3ccc(F)cc3c2=O)cc1";"SDJVVVXHHQVQAS-UHFFFAOYSA-N";"InChI=1S/C15H12FN3O3S2/c1-9-2-5-11(6-3-9)24(21,22)18-19-14(20)12-8-10(16)4-7-13(12)17-15(19)23/h2-8,18H,1H3,(H,17,23)";"False";"-1";"['2j']";"['N-(6-fluoro-4-oxo-2-thioxo-1,2-dihydroquinazolin-3(4H)-yl)-4-methylbenzenesulfonamide']"
"CHEMBL316254";"";"";"Small molecule";"";"178.19";"5";"15";"1.01";"74.69";"4";"2";"0";"2";"N";"0.72";"2";"MOL";"-1";"13";"-1.62";"C8H10N4O";"CCCc1nc(O)c2c[nH]nc2n1";"WJAMSGLYNDIKLO-UHFFFAOYSA-N";"InChI=1S/C8H10N4O/c1-2-3-6-10-7-5(4-9-12-7)8(13)11-6/h4H,2-3H2,1H3,(H2,9,10,11,12,13)";"False";"-1";"['2c', '8b']";"['6-Propyl-1,5-dihydro-4H-pyrazolo[3,4-d]pyrimidin-4-one', '6-Propyl-1,5-dihydro-pyrazolo[3,4-d]pyrimidin-4-one']"
"CHEMBL4227459";"";"";"Small molecule";"";"266.30";"3";"3";"3.56";"58.62";"4";"1";"0";"3";"N";"0.45";"3";"MOL";"-1";"20";"-0.97";"C16H14N2O2";"Cc1ccc2nc(/C(Cc3ccccc3)=N/O)oc2c1";"TYQZKQFJBZBTJJ-NBVRZTHBSA-N";"InChI=1S/C16H14N2O2/c1-11-7-8-13-15(9-11)20-16(17-13)14(18-19)10-12-5-3-2-4-6-12/h2-9,19H,10H2,1H3/b18-14+";"False";"-1";"['5i']";"['(E)-1-(6-Methylbenzo[d]oxazol-2-yl)-2-phenylethanone oxime']"
"CHEMBL5856657";"";"";"";"";"288.22";"2";"6";"-0.71";"156.62";"6";"5";"0";"2";"N";"0.42";"3";"MOL";"-1";"21";"-1.52";"C11H8N6O4";"O=C(Nc1ccc2n[nH]nc2c1)c1c(O)[nH]c(=O)[nH]c1=O";"GQERJQZROLADFV-UHFFFAOYSA-N";"InChI=1S/C11H8N6O4/c18-8(7-9(19)13-11(21)14-10(7)20)12-4-1-2-5-6(3-4)16-17-15-5/h1-3H,(H,12,18)(H,15,16,17)(H3,13,14,19,20,21)";"False";"-1";"['BDBM289115']";"['N-(1H-benzo[d][1,2,3]triazol-6-yl)-6-hydroxy-2,4-dioxo-1,2,3,4-tetrahydropyrimidine-5-carboxamide::US10093658, Compound Formula (IIIa)']"
"CHEMBL4649778";"";"";"Unknown";"";"280.35";"1";"1";"1.62";"87.21";"4";"2";"0";"5";"N";"0.64";"2";"MOL";"-1";"19";"-1.40";"C12H16N4O2S";"CCCS(=O)(=O)N/N=C(\C)c1nc2ccccc2[nH]1";"CGIHPVHNJSKBOK-OQLLNIDSSA-N";"InChI=1S/C12H16N4O2S/c1-3-8-19(17,18)16-15-9(2)12-13-10-6-4-5-7-11(10)14-12/h4-7,16H,3,8H2,1-2H3,(H,13,14)/b15-9+";"False";"-1";"['9q']";"['N-[1-(1H-benzimidazol-2-yl)ethylideneamino]propane-1-sulfonamide']"
"CHEMBL85737";"";"";"Small molecule";"";"282.30";"2";"4";"0.57";"127.17";"5";"3";"0";"7";"N";"0.38";"1";"MOL";"-1";"20";"-0.51";"C12H18N4O4";"CCCCCCOC(=O)C(=O)Nc1[nH]cnc1C(N)=O";"LUDUEYCBSMFBHS-UHFFFAOYSA-N";"InChI=1S/C12H18N4O4/c1-2-3-4-5-6-20-12(19)11(18)16-10-8(9(13)17)14-7-15-10/h7H,2-6H2,1H3,(H2,13,17)(H,14,15)(H,16,18)";"False";"-1";"['1d', '5']";"['N-(5-Carbamoyl-3H-imidazol-4-yl)-oxalamic acid hexyl ester', 'hexyl 2-(4-carbamoyl-1H-imidazol-5-ylamino)-2-oxoacetate']"
"CHEMBL9352";"NARINGENIN";"";"Small molecule";"";"272.26";"178";"458";"2.51";"86.99";"5";"3";"0";"1";"N";"0.74";"2";"MOL";"-1";"20";"1.76";"C15H12O5";"O=C1C[C@@H](c2ccc(O)cc2)Oc2cc(O)cc(O)c21";"FTVWIRXFELQLPI-ZDUSSCGKSA-N";"InChI=1S/C15H12O5/c16-9-3-1-8(2-4-9)13-7-12(19)15-11(18)5-10(17)6-14(15)20-13/h1-6,13,16-18H,7H2/t13-/m0/s1";"False";"-1";"['Naringenin', 'Naringenin', 'Naringenin', 'Naringenin', 'G39', '3 (Naringenin)', '17', '9', '43', '2', '11', '5', 'naringenin', 'naringenin', '7', '1', '9, Naringenin', '25', 'Naringenin', 'Naringenin', '9', 'Naringenin', 'Naringenin', 'Naringenin', '11', 'Naringenin', 'Naringenin', 'Naringenin', '4', '4', 'Naringenin', 'Naringenin', 'naringenin', 'naringenin', 'naringenin', 'naringenin', 'naringenin', '14', 'naringenin', '82', 'Naringenin', 'naringenin', 'naringenin', '12', '8', '13', '19', '38', '11', '63', 'naringenin', 'naringenin', 'Naringenin', '2', '9', 'NAR', 'Naringenin', 'Naringenin', 'Table 1, 8', 'SID11113265', 'Naringenin', 'NARINGENIN', '13', '3', '14', 'Naringenin', 'Naringenin', '17', 'E1', 'Naringenin', '5', '25', '34', '43', '38', '66', 'naringenin', 'Naringenin', '19', 'SID11112355', '9', '6', '19', 'naringenin', '23', 'NSC-11855', '30', '15', '12', '14', 'Naringenin', '90, ZINC0001785[36]', '36', '7', '17', '6', '17, Naringenin', '153', '1, naringenin', 'Naringenin', '29', '37', '54', 'Naringenin', '8', 'naringenin', '31', '11', 'Naringenin', '54', 'Naringenin', 'NAR', 'SID22405473', 'Naringenin', 'Naringenin', 'Naringenin', 'Naringenin', 'Naringenin', 'Naringenin', '1a', '7', 'Naringenin', '23', '116', 'NARINGENIN', '60', 'narigenin', '2', '6', 'Naringenin', '17', 'Naringenin', 'Naringenin', 'Naringenin', '75', 'COVC-1215986293', 'Naringenin', 'Naringenin', None, '76', '17', 'Naringenin', '66', 'Naringenin', '10', 'Naringenin', '176272489', 'Naringenin', '1', '218', 'Naringenin']";"['Naringenin', 'Naringenin', 'Naringenin', 'Naringenin', '5,7-Dihydroxy-2-(4-hydroxy-phenyl)-chroman-4-one', '(S)-5,7-Dihydroxy-2-(4-hydroxy-phenyl)-chroman-4-one', 'naringenin', 'naringenin', '(2S)-naringenin', '(S)-5,7-dihydroxy-2-(4-hydroxyphenyl)chroman-4-one', 'Naringenin', '5,7-dihydroxy-2-(4-hydroxyphenyl)-2,3-dihydrochromen-4-one', 'naringenin', 'naringenin', 'naringenin', 'Naringenin', "5,7,4'-trihydroxyflavanone", 'naringenin', "5,7,4'-trihydroxy flavanone", 'Naringenin', 'Naringenin', 'Naringenin', 'Naringenin', 'Naringenin', 'Naringenin', 'Naringenin', 'naringenin', 'Naringenin', '(S)-5,7-Dihydroxy-2-(4-hydroxy-phenyl)-chroman-4-one', '(2S)-naringenin', "4',5,7-trihydroxyflavanone", "5,7,4'-trihydroxyflavanone", '5,7-dihydroxy-2-(4-hydroxyphenyl)chroman-4-one', 'naringenin', 'naringenin', 'naringenin', 'naringenin', '5,7-dihydroxy-2-(4-hydroxyphenyl)chroman-4-one', 'naringenin', 'naringenin', '(S)-5,7-Dihydroxy-2-(4-hydroxy-phenyl)-chroman-4-one', 'naringenin', 'naringenin', 'naringenin', 'naringenin', 'naringenin', "4',5,7-Trihydroxyflavone", '(2S)-naringenin', 'naringenin', 'Naringenin', '(S)-5,7-dihydroxy-2-(4-hydroxyphenyl)-2,3-dihydrochromen-4-one', '(S)-5,7-dihydroxy-2-(4-hydroxyphenyl)-2,3-dihydrochromen-4-one', 'Naringenin', 'Naringenin', '(S)-5,7-dihydroxy-2-(4-hydroxyphenyl)chroman-4-one', 'naringenin', 'Naringenin', 'Naringenin', 'Naringenin', 'SID11113265', 'Naringenin', 'NARINGENIN', 'Naringenin', 'Naringenin', 'Naringenin', 'Naringenin', 'Naringenin', 'Naringenin', 'Naringenin', 'Naringenin', 'Naringenin', 'naringenin', 'Naringenin', 'Naringenin', '5,7-dihydroxy-2-(4-hydroxyphenyl)-2,3-dihydrochromen-4-one', 'Naringenin', 'naringenin', 'Naringenin', 'Naringenin', 'SID11112355', 'naringenin', 'naringenin', 'naringenin', 'Naringenin', '5,7-dihydroxy-2-(4-hydroxyphenyl)chroman-4-one', '5,7-dihydroxy-2-(4-hydroxyphenyl)chroman-4-one', '(2S)-naringenin', 'Naringenin', 'Naringenin', 'naringenin', 'Naringenin', '5,7-dihydroxy-2-(4-hydroxyphenyl)-2,3-dihydrochromen-4-one', "5,7, 4'-trihydroxyflavanone", 'Naringenin', '(2S)-naringenin', 'Naringenin', "4',5,7-trihydroxyflavanone", "4',5,7-Trihydroxyflavanone", "5,7,4'-Trihydroxyflavanone", 'Naringenin', 'Naringenin', 'naringenin', 'naringenin', 'Naringenin', 'Naringenin', 'naringenin', "4',5,7-Trihydroxyflavanone", 'Naringenin', 'Naringenin', 'Dihydrogenistein', 'Naringenin', 'Naringenin', 'SID22405473', 'Naringenin', 'Naringenin', 'Naringenin', 'Naringenin', 'Naringenin', 'Naringenin', 'Naringenin', 'Naringenin', 'Naringenin', 'Naringenin', 'Naringenin', 'NARINGENIN', 'Naringenin', 'narigenin', 'naringenin', 'naringenin', 'Naringenin', 'Naringenin', 'Naringenin', 'Naringenin', 'Naringenin', '(S)-Naringenin', 'NARINGENIN', 'Naringenin', 'Naringenin', 'Naringenin', 'Naringenin', 'Naringenin', 'Naringenin', 'Naringenin', 'Naringenin', 'Naringenin', 'Naringenin', 'NARINGENIN', 'Naringenin', 'Naringenin', '(3S)-6,8-dihydroxy-3-(4-hydroxyphenyl)-3,4-dihydro-2H-naphthalen-1-one, Naringenin', 'Naringenin']"
"CHEMBL460460";"";"";"Small molecule";"";"218.65";"4";"4";"1.98";"67.63";"4";"1";"0";"1";"N";"0.80";"2";"MOL";"-1";"15";"-2.68";"C10H7ClN4";"N#Cc1cnn(-c2ccc(Cl)cc2)c1N";"WIWSALMJHPGFDY-UHFFFAOYSA-N";"InChI=1S/C10H7ClN4/c11-8-1-3-9(4-2-8)15-10(13)7(5-12)6-14-15/h1-4,6H,13H2";"False";"-1";"['3g']";"["5-Amino-1-(4'-chlorophenyl)-1H-pyrazole-4-carbonitrile"]"
"CHEMBL84609";"";"";"Small molecule";"";"224.29";"2";"4";"1.95";"74.69";"5";"2";"0";"4";"N";"0.47";"2";"MOL";"-1";"15";"-1.29";"C9H12N4OS";"CCCCSc1nc(O)c2[nH]cnc2n1";"WXZZQXYAWULBOZ-UHFFFAOYSA-N";"InChI=1S/C9H12N4OS/c1-2-3-4-15-9-12-7-6(8(14)13-9)10-5-11-7/h5H,2-4H2,1H3,(H2,10,11,12,13,14)";"False";"-1";"['3a', '159']";"['2-Butylsulfanyl-1,9-dihydro-purin-6-one', '2-(butylthio)-1H-purin-6(9H)-one']"
"CHEMBL82242";"QUERCITRIN";"";"Small molecule";"";"448.38";"64";"147";"0.49";"190.28";"11";"7";"2";"3";"N";"0.28";"3";"MOL";"-1";"32";"2.17";"C21H20O11";"C[C@@H]1O[C@@H](Oc2c(-c3ccc(O)c(O)c3)oc3cc(O)cc(O)c3c2=O)[C@H](O)[C@H](O)[C@H]1O";"OXGUCUVFOIWWQJ-HQBVPOQASA-N";"InChI=1S/C21H20O11/c1-7-15(26)17(28)18(29)21(30-7)32-20-16(27)14-12(25)5-9(22)6-13(14)31-19(20)8-2-3-10(23)11(24)4-8/h2-7,15,17-18,21-26,28-29H,1H3/t7-,15-,17+,18+,21-/m0/s1";"False";"-1";"['8', 'Quercitrin', 'Quercitrin', 'SID85149171', '3', 'Quercitrin', 'Quercitrin', 'quercetin-3-rhamnoside', '2', '8', 'Quercitrin', '5', '6', '4', '18', '7', '4, quercitrin', '42', '12', 'QUERCITRIN', '14', 'Quercitrin', '18', '8', 'Quercitrin', '10', 'quercitrin', 'quercitrin', '1a', '27', 'quercitrin', '28', '9', '8, quercitrin 3-O-alpha-L-rhamnoside', '6', '4', 'quercitrin', '3', '20', '4', 'quercitrin', 'quercitrin', '4', '11', '23', 'Quercitrin', 'Quercitrin', 'quercitrin', '2', 'Quercitrin', '9', '36', 'Quercitrin', 'Quercitrin', '212', '74', 'Quercitrin']";"['2-(3,4-Dihydroxy-phenyl)-5,7-dihydroxy-3-((2S,3R,4R,5R,6S)-3,4,5-trihydroxy-6-methyl-tetrahydro-pyran-2-yloxy)-chromen-4-one', 'Quercitrin', 'Quercitrin', 'SID85149171', 'Quercitin', 'Quercitrin', 'Quercitrin', 'quercetin-3-rhamnoside', 'glycoside quercitrin', 'Quercitrin 3-O-rhamnose', 'Quercitrin', 'quercetin 3-O-rhamnoside', 'Quercitrin', 'quercetin 3-O-alpha-L-rhamnopyranoside', 'quercitrin', 'Quercitrin', 'quercetin 3-O-rhamnoside', 'Quercitrin', 'quercetin 3-O-alpha-L-rhamnopyranoside', 'QUERCITRIN', 'Quercitrin', 'Quercitrin', 'quercitrin', 'Quercitrin', '2-(3,4-Dihydroxy-phenyl)-5,7-dihydroxy-3-(3,4,5-trihydroxy-6-methyl-tetrahydro-pyran-2-yloxy)-chromen-4-one', 'quercetin 3-O-alpha-L-rhamnopyranoside', 'quercitrin', 'quercitrin', 'Quercitrin', 'quercetin 3-O-rhamnoside', 'quercitrin', 'quercitrin', 'quercitrin', '2-(3,4-dihydroxyphenyl)-5,7-dihydroxy-3-((2S,3S,4R,5S,6S)-3,4,5-trihydroxy-6-methyl-tetrahydro-2H-pyran-2-yloxy)-4H-chromen-4-one', 'quercitrin', 'quercetin 3-O-alpha-L-rhamnopyranoside', 'quercitrin', 'quercetin-3-O-alpha-L-rhamnopyranoside', 'quercitrin', 'quercetin-3-O-alpha-L-rhamnoside', 'quercetin-3-o-L-rhamnoside', 'quercitrin', 'Quercitrin', 'Quercetin 3-O-alpha-L-rhamnopyranoside', 'Quercitrin; Quercetin-3-alpha-rhamnoside', 'Quercitrin', 'Quercitrin', 'quercitrin', 'Quercitrin', 'Quercitrin', 'Quercitrin', 'Quercitrin', 'Quercitrin', 'Quercitrin', 'Quercitrin', 'Quercitrin', 'Quercitrin']"
"CHEMBL244948";"DAPHNETIN";"DAPHNETIN|NSC-633563";"Small molecule";"-1.0";"178.14";"135";"193";"1.20";"70.67";"4";"2";"0";"0";"N";"0.47";"2";"MOL";"0";"13";"1.51";"C9H6O4";"O=c1ccc2ccc(O)c(O)c2o1";"ATEFPOUAMCWAQS-UHFFFAOYSA-N";"InChI=1S/C9H6O4/c10-6-3-1-5-2-4-7(11)13-9(5)8(6)12/h1-4,10,12H";"False";"0";"['Daphnetin', 'DAPHNETIN', '19', 'daphnetin', 'SID174006944', 'NCGC00093770-01', 'SID11111077', 'SID50106090', 'SID85231002', 'K00057', '20', 'TCMDC-125839', 'TCMDC-125839', 'K00057, Daphnetin', 'Daphnetin', '7', '105', 'SID90340753', '7', 'DAPHNETIN', 'Daphnetin', 'Daphnetin', 'Daphnetin', 'Daphnetin', '21', 'Daphnetin', 'Daphnetin', 'Chemical probe: Daphnetin', '5', 'Daphnetin', 'DAPHNETIN']";"['7,8-dihydroxycoumarin', 'DAPHNETIN', '7,8-dihydroxy-2H-chromen-2-one', 'daphnetin', 'SID174006944', 'Daphnetin', 'SID11111077', 'SID50106090', 'SID85231002', 'K00057', '7,8-dihydroxy-2H-chromen-2-one', None, 'TCMDC-125839', '7,8-Dihydroxy-2H-1-benzopyran-2-one', 'Daphnetin', '7,8-dihydroxy-2H-chromen-2-one', '7,8-dihydroxy-2H-chromen-2-one', 'SID90340753', '7,8-dihydroxycoumarin', 'DAPHNETIN', 'Daphnetin', 'Daphnetin', 'Daphnetin', 'Daphnetin', 'Daphnetin; 7,8-dihydroxycoumarin', 'Daphnetin', 'Daphnetin', 'Daphnetin', 'Daphnetin', 'Daphnetin', 'DAPHNETIN']"
"CHEMBL3740138";"";"";"Small molecule";"";"299.83";"2";"4";"2.01";"41.03";"4";"1";"0";"4";"N";"0.86";"2";"MOL";"-1";"18";"-1.58";"C13H18ClN3OS";"CN(C)CCCn1c(=S)[nH]c2ccccc2c1=O.Cl";"ASIPNIMQUJTSKD-UHFFFAOYSA-N";"InChI=1S/C13H17N3OS.ClH/c1-15(2)8-5-9-16-12(17)10-6-3-4-7-11(10)14-13(16)18;/h3-4,6-7H,5,8-9H2,1-2H3,(H,14,18);1H";"False";"-1";"['1a']";"['3-(3-(dimethylamino)propyl)-2-thioxo-2,3-dihydroquinazolin-4(1H)-one hydrochloride']"
"CHEMBL276915";"7-HYDROXYFLAVONE";"";"Small molecule";"";"238.24";"74";"176";"3.17";"50.44";"3";"1";"0";"1";"N";"0.71";"3";"MOL";"-1";"18";"0.74";"C15H10O3";"O=c1cc(-c2ccccc2)oc2cc(O)ccc12";"MQGPSCMMNJKMHQ-UHFFFAOYSA-N";"InChI=1S/C15H10O3/c16-11-6-7-12-13(17)9-14(18-15(12)8-11)10-4-2-1-3-5-10/h1-9,16H";"False";"-1";"['SID26756948', '24', '7a', '48', '7-HF', '39', '13', '3a', 'SID93576900', '12', '3', 'NSC-94258', '5', '7-hydroxyflavone', 'C', '6', '12', '7HF', '7-hydroxy-flavone', '3a', '16', '3a', '26', '19', '6', '1h', '5', '7-Hydroxyflavone', '7-hydroxyflavone', '7-hydroxyflavone', '15', '4', '15', '7-Hydroxyflavone', '7-hydroxyflavone', '33', '57', '14a', '49', '7-Hydroxyflavone', '14', 'Table 4, 1', 'R36C2 Table2', '7OH-Flavone', '3', '7-Hydroxyflavone', '4', '7-hydroxyflavone', 'C1', '28', '31', '347', '7-hydroxyflavone', '7', '13', 'NSC94258', 'COVC-1210722323', '73']";"['SID26756948', '7-hydroxy-2-phenyl-4H-chromen-4-one', '7-Hydroxy-2-phenyl-chromen-4-one', '7-Hydroxy-2-phenyl-chromen-4-one', '7-hydroxy Flavone', '2-Phenyl-chromen-4-one', '7-Hydroxy-2-phenyl-chromen-4-one', '7-hydroxy-2-phenyl-4H-chromen-4-one', 'SID93576900', '7-hydroxy flavone', '7-Hydroxyflavone', '7-hydroxy-2-phenyl-4H-chromen-4-one', '7-hydroxy-flavone', '7-hydroxy-2-phenyl-4H-chromen-4-one', '7-hydroxy-flavone', '7-hydroxyflavone', '7-hydroxy-2-phenyl-4H-chromen-4-one', '7-hydroxy-2-phenyl-4H-chromen-4-one', '7-hydroxy-flavone', '7-hydroxy-2-phenyl-4H-chromen-4-one', '7-hydroxyflavone', '7-hydroxy-2-phenyl-4H-chromen-4-one', '7-hydroxyflavone', '7-hydroxy-2-phenyl-4H-chromen-4-one', '7-Hydroxy-2-phenyl-chromen-4-one', '7-Hydroxy-2-phenyl-chromen-4-one', '7-Hydroxy-2-phenyl-chromen-4-one', '7-Hydroxy-2-phenyl-chromen-4-one', '7-hydroxyflavone', '7-hydroxy-2-phenyl-4H-chromen-4-one', '7-Hydroxy-2-phenyl-chromen-4-one', '7-Hydroxyflavone', '7-hydroxy-flavone', '7-Hydroxyflavone', '7-hydroxyflavone', '7-hydroxy-2-phenyl-4H-chromen-4-one', '7-hydroxy-2-phenyl-4H-chromen-4-one', '7-hydroxy-2-phenyl-4H-chromen-4-one', '7-Hydroxyflavone', '7-Hydroxyflavone', '7-hydroxyflavone', '7-Hydroxyflavone', '7-Hydroxy-flavone', '7-hydroxy-2-phenyl-4H-chromen-4-one', '7-Hydroxyflavone', '7-Hydroxyflavone', '7-Hydroxyflavone', '7-hydroxyflavone', '7-hydroxy-2-phenyl-chromen-4-one', '7-hydroxyflavone', '7-hydroxy-2-phenyl-4H-chromen-4-one; 7-Hydroxyflavone', '7-hydroxy-2-phenyl-4H-chromen-4-one', '7-hydroxyflavone', '7-hydroxyflavone', '7-Hydroxyflavone', '7-hydroxy-2-phenyl-chromen-4-one', '7-HYDROXYFLAVONE', '7-hydroxy flavone']"
"CHEMBL1684780";"";"";"Small molecule";"";"255.28";"2";"2";"2.37";"58.70";"4";"0";"0";"2";"N";"0.83";"2";"MOL";"-1";"19";"-1.56";"C14H13N3O2";"CC(=O)N1N=C(c2ccco2)CC1c1ccncc1";"JKCKPMGEHGPOCG-UHFFFAOYSA-N";"InChI=1S/C14H13N3O2/c1-10(18)17-13(11-4-6-15-7-5-11)9-12(16-17)14-3-2-8-19-14/h2-8,13H,9H2,1H3";"False";"-1";"['59', 'Fig 5, Cpd 4']";"['1-(3-(Furan-2-yl)-4,5-dihydro-5-(pyridin-4-yl)pyrazol-1-yl)ethanone', '1-(3-(furan-2-yl)-5-(pyridin-4-yl)-4,5-dihydro-1H-pyrazol-1-yl)ethan-1-one']"
"CHEMBL305113";"";"";"Small molecule";"";"207.24";"63";"64";"1.27";"86.72";"5";"3";"0";"4";"N";"0.66";"2";"MOL";"-1";"15";"-1.02";"C9H13N5O";"CCCCNc1nc(O)c2[nH]cnc2n1";"OZPCMYKOSKILNC-UHFFFAOYSA-N";"InChI=1S/C9H13N5O/c1-2-3-4-10-9-13-7-6(8(15)14-9)11-5-12-7/h5H,2-4H2,1H3,(H3,10,11,12,13,14,15)";"False";"-1";"['23', '7d', '25b', 'SID582234']";"['2-Butylamino-9H-purin-6-ol', '2-Butylamino-1,9-dihydro-purin-6-one', '2-(butylamino)-1H-purin-6(9H)-one', 'SID582234']"
"CHEMBL2205508";"";"";"Small molecule";"";"304.31";"2";"8";"2.37";"124.40";"7";"2";"0";"5";"N";"0.64";"2";"MOL";"-1";"22";"-1.23";"C14H16N4O4";"CC(C)COc1ccc(-c2cc(O)nc(N)n2)cc1[N+](=O)[O-]";"YNTTUUBVLJGUKI-UHFFFAOYSA-N";"InChI=1S/C14H16N4O4/c1-8(2)7-22-12-4-3-9(5-11(12)18(20)21)10-6-13(19)17-14(15)16-10/h3-6,8H,7H2,1-2H3,(H3,15,16,17,19)";"False";"-1";"['7e']";"['2-amino-6-(4-isobutoxy-3-nitrophenyl)pyrimidin-4-ol']"
"CHEMBL85062";"";"";"Small molecule";"";"221.22";"1";"1";"0.80";"103.79";"5";"3";"0";"3";"N";"0.71";"2";"MOL";"-1";"16";"-1.16";"C9H11N5O2";"CCCC(=O)Nc1nc(O)c2[nH]cnc2n1";"NLQPNFQTSJQJAH-UHFFFAOYSA-N";"InChI=1S/C9H11N5O2/c1-2-3-5(15)12-9-13-7-6(8(16)14-9)10-4-11-7/h4H,2-3H2,1H3,(H3,10,11,12,13,14,15,16)";"False";"-1";"['7a']";"['N-(6-Oxo-6,9-dihydro-1H-purin-2-yl)-butyramide']"
"CHEMBL84718";"";"";"Small molecule";"";"240.31";"1";"1";"1.27";"63.83";"7";"2";"0";"0";"N";"0.54";"0";"MOL";"-1";"15";"-1.30";"C8H8N4OS2";"Oc1c2nc(S)nc-2nc2n1CCCS2";"MLFYKBNQPGNPRE-UHFFFAOYSA-N";"InChI=1S/C8H8N4OS2/c13-6-4-5(10-7(14)9-4)11-8-12(6)2-1-3-15-8/h13H,1-3H2,(H,9,14)";"False";"-1";"['4b']";"['2-Mercapto-7,8-dihydro-3H,6H-5-thia-1,3,4,8a-tetraaza-cyclopenta[b]naphthalen-9-one']"
"CHEMBL3971548";"";"";"Small molecule";"";"395.46";"2";"2";"3.16";"67.03";"5";"1";"0";"5";"N";"0.72";"3";"MOL";"-1";"29";"-1.11";"C22H25N3O4";"COc1ccc(N2CCN(C(=O)c3cc4cc(OC)c(OC)cc4[nH]3)CC2)cc1";"ICGHNAHPKUGIQW-UHFFFAOYSA-N";"InChI=1S/C22H25N3O4/c1-27-17-6-4-16(5-7-17)24-8-10-25(11-9-24)22(26)19-12-15-13-20(28-2)21(29-3)14-18(15)23-19/h4-7,12-14,23H,8-11H2,1-3H3";"False";"-1";"['BDBM244072']";"['US9428478, TG6-181']"
"CHEMBL266564";"TILIROSIDE";"";"Small molecule";"";"594.53";"44";"144";"1.73";"216.58";"13";"7";"3";"7";"N";"0.12";"4";"MOL";"-1";"43";"1.65";"C30H26O13";"O=C(/C=C/c1ccc(O)cc1)OC[C@H]1O[C@@H](Oc2c(-c3ccc(O)cc3)oc3cc(O)cc(O)c3c2=O)[C@H](O)[C@@H](O)[C@@H]1O";"DVGGLGXQSFURLP-VWMSDXGPSA-N";"InChI=1S/C30H26O13/c31-16-6-1-14(2-7-16)3-10-22(35)40-13-21-24(36)26(38)27(39)30(42-21)43-29-25(37)23-19(34)11-18(33)12-20(23)41-28(29)15-4-8-17(32)9-5-15/h1-12,21,24,26-27,30-34,36,38-39H,13H2/b10-3+/t21-,24-,26+,27-,30+/m1/s1";"False";"-1";"['151', '11', 'tiliroside', 'tiliroside', '1', '1, trans-tiliroside', '5', '24', '4', '9', '15', 'TL', 'Tiliroside', '8', '25', 'Tiliroside', 'T2776']";"['Tiliroside', 'Tiliroside', 'tiliroside', 'tiliroside', 'kaempferol-3-beta-D-(6-O-trans-p-coumaroyl)glucopyranoside', '(E)-((2R,3S,4S,5R,6S)-6-(5,7-dihydroxy-2-(4-hydroxyphenyl)-4-oxo-4H-chromen-3-yloxy)-3,4,5-trihydroxy-tetrahydro-2H-pyran-2-yl)methyl 3-(4-hydroxyphenyl)acrylate', 'Tiliroside', 'Tiliroside', 'trans-tiliroside', "kaempferol 3-O-(6' '-O-E-p-coumaroyl)-beta-D-glucopyranoside", 'tiliroside', 'trans-Tiliroside', 'Tiliroside', 'Kaempferol-3-O-(6-O-p-coumaryl)-O-beta-D-glucopyranoside', 'tiliroside', 'Tiliroside', '((2R,3S,4S,5R,6S)-6-((5,7-dihydroxy-2-(4-hydroxyphenyl)-4-oxo-4H-chromen-3-yl)oxy)-3,4,5-trihydroxytetrahydro-2H-pyran-2-yl)methyl 3-(4-hydroxyphenyl)acrylate']"
"CHEMBL4227524";"";"";"Small molecule";"";"286.72";"2";"2";"3.90";"58.62";"4";"1";"0";"3";"N";"0.45";"3";"MOL";"-1";"20";"-1.13";"C15H11ClN2O2";"O/N=C(\Cc1ccccc1)c1nc2ccc(Cl)cc2o1";"VENAVMCFNBAOAL-QGOAFFKASA-N";"InChI=1S/C15H11ClN2O2/c16-11-6-7-12-14(9-11)20-15(17-12)13(18-19)8-10-4-2-1-3-5-10/h1-7,9,19H,8H2/b18-13+";"False";"-1";"['5h']";"['(E)-1-(6-Chlorobenzo[d]oxazol-2-yl)-2-phenylethanone oxime']"
"CHEMBL3962738";"";"";"Small molecule";"";"351.41";"2";"2";"2.84";"68.80";"4";"2";"0";"3";"N";"0.76";"3";"MOL";"-1";"26";"-1.00";"C20H21N3O3";"COc1ccc(N2CCN(C(=O)c3cc4cc(O)ccc4[nH]3)CC2)cc1";"GNDNVGJPNUTBMV-UHFFFAOYSA-N";"InChI=1S/C20H21N3O3/c1-26-17-5-2-15(3-6-17)22-8-10-23(11-9-22)20(25)19-13-14-12-16(24)4-7-18(14)21-19/h2-7,12-13,21,24H,8-11H2,1H3";"False";"-1";"['BDBM244076']";"['US9428478, TG6-199']"
"CHEMBL3909093";"";"";"Small molecule";"";"378.43";"2";"2";"2.24";"91.66";"4";"2";"0";"4";"N";"0.73";"3";"MOL";"-1";"28";"-1.41";"C21H22N4O3";"COc1ccc(N2CCN(C(=O)c3cc4cc(C(N)=O)ccc4[nH]3)CC2)cc1";"WYDFHSJVCWUBMG-UHFFFAOYSA-N";"InChI=1S/C21H22N4O3/c1-28-17-5-3-16(4-6-17)24-8-10-25(11-9-24)21(27)19-13-15-12-14(20(22)26)2-7-18(15)23-19/h2-7,12-13,23H,8-11H2,1H3,(H2,22,26)";"False";"-1";"['BDBM244083']";"['US9428478, TG6-227']"
"CHEMBL3331622";"";"";"Small molecule";"";"361.26";"2";"4";"None";"None";"None";"None";"None";"None";"None";"None";"None";"MOL";"-1";"None";"None";"C16H14N2O3Se";"Cc1nc(-c2ccc(OCC3CC3)c(C#N)c2)[se]c1C(=O)O";"OZQRSDCVZYGMMZ-UHFFFAOYSA-N";"InChI=1S/C16H14N2O3Se/c1-9-14(16(19)20)22-15(18-9)11-4-5-13(12(6-11)7-17)21-8-10-2-3-10/h4-6,10H,2-3,8H2,1H3,(H,19,20)";"False";"-1";"['9j', 'BDBM50056990']";"['2-[3-cyano-4-(cyclopropylmethyloxy)phenyl]-4-methyl-1,3-selenazole-5-carboxylicacid', 'CHEMBL3331622::US9802907, Compound 12']"
"CHEMBL3824002";"";"";"Small molecule";"";"344.30";"4";"6";"3.53";"104.74";"6";"0";"0";"8";"N";"0.18";"1";"MOL";"-1";"23";"-0.62";"C14H21N2O6P";"CCOP(=O)(OCC)C(C)(C)/[N+]([O-])=C/c1cccc([N+](=O)[O-])c1";"OIAFIFYZZBWCKA-PTNGSMBKSA-N";"InChI=1S/C14H21N2O6P/c1-5-21-23(20,22-6-2)14(3,4)15(17)11-12-8-7-9-13(10-12)16(18)19/h7-11H,5-6H2,1-4H3/b15-11-";"False";"-1";"['4k']";"['2-(Diethoxyphosphoryl)-N-(3-nitrobenzylidene)propan-2-amine oxide']"
"CHEMBL5432623";"";"";"";"";"303.30";"1";"2";"2.46";"99.78";"6";"2";"0";"2";"N";"0.88";"2";"MOL";"-1";"21";"-0.39";"C14H9NO5S";"N#Cc1sc(-c2ccc(C(=O)O)c(O)c2)c2c1OCCO2";"NWSFXJCITWVGMV-UHFFFAOYSA-N";"InChI=1S/C14H9NO5S/c15-6-10-11-12(20-4-3-19-11)13(21-10)7-1-2-8(14(17)18)9(16)5-7/h1-2,5,16H,3-4H2,(H,17,18)";"False";"-1";"['123']";"['4-(7-cyano-2,3-dihydrothieno[3,4-b][1,4]dioxin-5-yl)-2-hydroxybenzoic acid']"
"CHEMBL3338303";"";"";"Small molecule";"";"746.54";"3";"3";"0.30";"280.82";"17";"9";"3";"9";"N";"0.13";"3";"MOL";"-1";"50";"1.94";"C31H32NaO18P";"COc1cc([C@H]2Oc3cc([C@H]4Oc5cc(O)cc(O)c5C(=O)[C@@H]4O)ccc3O[C@H]2COP(=O)([O-])OC2O[C@H](CO)[C@@H](O)[C@H](O)[C@H]2O)ccc1O.[Na+]";"ZYTUSUULCXWZEI-IIIKUNLXSA-M";"InChI=1S/C31H33O18P.Na/c1-43-18-6-12(2-4-15(18)34)29-22(11-44-50(41,42)49-31-28(40)26(38)24(36)21(10-32)48-31)45-17-5-3-13(7-19(17)46-29)30-27(39)25(37)23-16(35)8-14(33)9-20(23)47-30;/h2-9,21-22,24,26-36,38-40H,10-11H2,1H3,(H,41,42);/q;+1/p-1/t21-,22+,24-,26+,27+,28-,29-,30-,31?;/m1./s1";"False";"-1";"['6']";"["sodium Silibinin-9''-phosphoryl-D-glucopyranoside"]"
"CHEMBL151";"LUTEOLIN";"CYANIDENON-1470|Digitoflavone|FLACITRAN|LUTEOLIN|Luteoline|Luteolol|SALIFAZIDE|WELD LAKE|YAMA KARIYASU";"Small molecule";"2.0";"286.24";"319";"1156";"2.28";"111.13";"6";"4";"0";"1";"N";"0.51";"3";"MOL";"0";"21";"1.50";"C15H10O6";"O=c1cc(-c2ccc(O)c(O)c2)oc2cc(O)cc(O)c12";"IQPNAANSBPBGFQ-UHFFFAOYSA-N";"InChI=1S/C15H10O6/c16-8-4-11(19)15-12(20)6-13(21-14(15)5-8)7-1-2-9(17)10(18)3-7/h1-6,16-19H";"False";"0";"['22', '15', 'Luteolin', 'Luteolin', '25', '28', 'Luteolin', 'LUTEOLIN', 'Luteolin', '31', '2', '8', '4', '25', '26', '8', 'Luteolin', '1', '14', 'Luteolin', 'Luteolin', 'Luteolin', '4', '2, luteolin', 'luteolin', 'Luteolin', '15', 'Luteolin', 'Table 1, 59', 'LUT', "5,7,3',4'-Tetrahydroxyflavone", 'Luteolin', 'Luteolin', '22', '12', '6', 'Luteolin', 'Luteolin', '6', '23', '12', 'luteolin', '14p', 'luteolin', 'SID26754151', '10', '7e', 'Lute', 'Luteolin', 'Luteolin', '8', 'Luteolin', 'luteolin', 'SID11112366', '10', '3', '1', 'Luteolin', 'luteolin', 'luteolin', 'luteolin', 'Luteolin', 'NP-21', 'luteolin', 'Luteolin', '25', '7', '16', '6', '2', 'SID11112367', 'SID26754152', '1', '6', '4e', '12', '4e', 'Cyanidenon', '18', 'Luteolin', '37', 'Luteolin', 'Luteolin', '61', '9', 'Luteolin', '9', 'Luteolin', '8', '3', 'Luteolin', 'Lut', '3, luteolin', '11', '5', 'SID56463543', 'Luteolin', '9', 'Luteolin', '7', 'SID124882294', 'SID124882295', '10', '21', '12', '17', '3', 'Luteolin', '24', '18', 'Luteolin', '1', 'luteolin', 'luteolin', 'Luteolin', 'luteolin', '17', '9', 'luteolin', 'SID26725303', '3', '16', 'Luteolin', 'luteolin', 'Luteolin', '2', 'Luteolin', '2', '12', 'Luteolin', '1', '2', 'luteolin', '19', '8', '27', 'luteolin', 'criodictyol', 'Luteolin', '15', 'luteolin', '41', '9', 'luteolin', '5', '17', 'Luteolin', '3', '6', '4', 'Luteolin', '2', '1', 'Luteolin', '101', '29, luteolin', 'SID124882293', '16', 'Luteolin', 'Luteolin', 'Luteolin', 'luteolin', '6, Luteolin', 'Luteolin', '6', '5', 'Luteolin', 'Luteolin', '2', 'Luteolin', '4b', 'SID85256900', 'Luteolin', 'Luteolin', '9', 'Luteolin', '13', 'LUT', '16', '1', '196', '12', 'Luteolin', '13', 'Luteolin', 'kp17', '19', 'Luteolin', '18', '2', 'SID46500347', 'Luteolin', 'Luteolin', 'Luteolin', '3', '1', '31', '1, Luteolin', '13', 'LU', '16', 'D7', 'Luteolin', '11', 'LUTEOLIN', '141', 'Luteolin', '1', '8', 'Luteolin', '13', 'Luteolin', '3', 'COVC-1213405429', '40', '16', '18; 39', 'Luteolin', 'Luteolin', 'Luteolin', '25', '41', 'Lut.', '40', '6', 'Luteolin', 'Luteolin', '82', '6; 45', '13', 'Luteolin', '20', '12b', '1; ARN17212', 'Luteolin', 'BA1000113', 'Luteolin', '50', 'Luteolin', 'LUT; 71-MAR000125', '24', 'Luteolin', '69', '369', 'Luteolin', '98', '5', 'Luteolin', '6', 'EOS98616', 'Luteolin', '37', '20', 'LUT', '1', '72', 'Luteolin', '13', '3a', '8', 'LUT']";"['2-(3,4-dihydroxyphenyl)-5,7-dihydroxy-4H-chromen-4-one', 'luteolin', 'Luteolin', 'Luteolin', 'Luteolin', '2-(3,4-dihydroxyphenyl)-5,7-dihydroxy-4H-chromen-4-one', 'Luteolin', 'LUTEOLIN', 'Luteolin', 'Luteolin', '2-(3,4-Dihydroxy-phenyl)-5,7-dihydroxy-chromen-4-one', 'Luteolin', 'Luteolin', 'Luteolin', '2-(3,4-Dihydroxy-phenyl)-5,7-dihydroxy-chromen-4-one', '2-(3,4-Dihydroxy-phenyl)-5,7-dihydroxy-chromen-4-one', '2-(3,4-Dihydroxy-phenyl)-5,7-dihydroxy-chromen-4-one', 'Luteolin', 'Luteolin', 'Luteolin', 'Luteolin', 'Luteolin', 'Luteolin', '2-(3,4-dihydroxyphenyl)-5,7-dihydroxy-4H-chromen-4-one', '2-(3,4-dihydroxyphenyl)-5,7-dihydroxy-4H-chromen-4-one', '2-(3,4-Dihydroxy-phenyl)-5,7-dihydroxy-chromen-4-one', 'luteolin', 'Luteolin', 'Luteolin', 'luteolin', "5,7,3',4'-Tetrahydroxyflavone", 'Luteolin', 'Luteolin', 'luteolin', 'luteolin', "5,7,3',4'-tetrahydroxyflavone", 'Luteolin', 'Luteolin', 'Luteolin', "3',4',5,7-Tetrahydroxyflavone", 'luteolin', 'luteolin', '2-(3,4-dihydroxyphenyl)-5,7-dihydroxy-4H-chromen-4-one', 'luteolin', 'SID26754151', 'Luteolin', '2-(3,4-dihydroxyphenyl)-5,7-dihydroxy-4H-chromen-4-one', 'Luteorin', 'Luteolin', 'Luteolin', 'luteolin', 'Luteolin', 'luteolin', 'SID11112366', 'luteolin', 'Luteolin', 'Luteolin', 'Luteolin', 'luteolin', "3',4',5,7-tetrahydroxyflavone", '2-(3,4-dihydroxyphenyl)-5,7-dihydroxy-4H-chromen-4-one', 'Luteolin', '2-(3,4-dihydroxyphenyl)-5,7-dihydroxy-4H-chromen-4-one', 'luteolin', 'Luteolin', 'Luteolin', 'luteolin', 'Luteolin', 'Luteolin', 'Luteolin', 'SID11112367', 'SID26754152', 'luteolin', 'Luteolin', 'Luteolin', 'Luteolin', 'Luteolin', 'Cyanidenon', "5,7,3',4'-tetrahydroxyflavone", 'Luteolin', 'Luteolin', 'Luteolin', 'Luteolin', 'Luteolin', 'Luteolin', 'Luteolin', 'Luteolin', 'Luteolin', 'Luteolin', 'Luteolin', 'Luteolin', 'Luteolin', "5,7,3',4'-tetrahydroxyflavone", 'Luteolin', 'Luteolin', 'SID56463543', "3',4',5,7-tetrahydroxyflavone", '2-(3,4-Dihydroxy-phenyl)-5,7-dihydroxy-chromen-4-one', '2-(3,4-Dihydroxy-phenyl)-5,7-dihydroxy-chromen-4-one', '2-(3,4-Dihydroxy-phenyl)-5,7-dihydroxy-chromen-4-one', 'SID124882294', 'SID124882295', 'Luteolin', 'luteolin', 'Luteolin', '2-(3,4-dihydroxyphenyl)-5,7-dihydroxy-4H-chromen-4-one', 'Luteolin', '2-(3,4-dihydroxyphenyl)-5,7-dihydroxy-4H-chromen-4-one', '2-(3,4-dihydroxyphenyl)-5,7-dihydroxy-4H-chromen-4-one', 'Luteolin', '2-(3,4-Dihydroxy-phenyl)-5,7-dihydroxy-chroman-4-one', 'Luteolin', '2-(3,4-Dihydroxy-phenyl)-5,7-dihydroxy-chromen-4-one', 'luteolin', 'Luteolin', 'luteolin', 'luteolin', 'luteolin', 'luteolin', 'SID26725303', 'luteolin', 'luteolin', '2-(3,4-dihydroxyphenyl)-5,7-dihydroxy-4H-chromen-4-one', 'luteolin', 'Luteolin', '2-(3,4-dihydroxyphenyl)-5,7-dihydroxy-4H-chromen-4-one', 'Luteolin', 'luteolin', '2-(3,4-dihydroxyphenyl)-5,7-dihydroxy-4H-chromen-4-one', 'Luteolin', 'Luteolin', 'Luteolin', 'luteolin', 'luteolin', 'Luteolin', 'Luteolin', 'luteolin', 'criodictyol', 'Luteolin', 'Luteolin', '2-(3,4-dihydroxyphenyl)-5,7-dihydroxy-4H-chromen-4-one', 'Luteolin', 'luteolin', 'luteolin', 'Luteolin', 'luteolin', 'Luteolin', 'Luteolin', 'luteolin', 'Luteolin', 'Luteolin', 'Luteolin', 'Luteolin', 'Luteolin', 'Luteolin', '2-(3,4-dihydroxyphenyl)-5,7-dihydroxy-4H-chromen-4-one', 'SID124882293', 'Luteolin', 'Luteolin', 'Luteolin', 'Luteolin', 'luteolin', "3',4',5,7-tetrahydroxyflavone", 'Luteolin', 'luteolin', '2-(3,4-dihydroxyphenyl)-5,7-dihydroxy-4H-chromen-4-one', 'Luteolin', 'Luteolin', 'Luteolin', 'Luteolin', '2-(3,4-dihydroxyphenyl)-5,7-dihydroxy-4H-chromen-4-one', 'SID85256900', 'Luteolin', 'Luteolin', 'Luteolin', 'Luteolin', "Luteolin; 3',4',5,7-tetrahydroxyflavone", 'Luteolin', 'luteolin', 'Luteolin', 'Luteolin', 'Luteolin', 'Luteolin', 'Luteolin', 'Luteolin', 'Luteolin', 'Luteolin', 'Luteolin', '2-(3,4-Dihydroxyphenyl)-5,7-dihydroxy-4H-chromen-4-one; Luteolin', 'luteolin', 'SID46500347', 'Luteolin', 'Luteolin', 'Luteolin', 'Luteolin', 'Luteolin', 'Luteolin', "5,7,3',4'-tetrahydroxyflavone", 'Luteolin', 'Luteolin', 'luteolin', 'Luteolin', 'Luteolin', '2-(3,4-dihydroxyphenyl)-5,7-dihydroxy-4H-chromen-4-one', 'LUTEOLIN', '2-(3,4-dihydroxyphenyl)-5,7-dihydroxy-4H-chromen-4-one', 'Luteolin', 'Luteolin', "5,7,3',4'-tetrahydroxyflavone", 'Luteolin', 'Luteolin', 'Luteolin', '2-(3,4-dihydroxyphenyl)-5,7-dihydroxy-4H-chromen-4-one', 'LUTEOLIN-MONOARABINOSIDE', 'Luteolin', 'Luteolin', 'Luteolin', 'Luteolin', 'Luteolin', 'Luteolin', 'Luteolin', 'Luteolin', 'Luteolin', 'Luteolin', 'Luteolin', 'Luteolin', 'Luteolin', '2-(3,4-dihydroxyphenyl)-5,7-dihydroxy-4H-chromen-4-one', 'Luteolin', 'Luteolin', 'Luteolin', 'Luteolin', 'Luteolin', 'Luteolin', 'Luteolin', 'LUTEOLIN', 'Luteolin', 'Luteolin', 'Luteolin', 'Luteolin', 'Luteolin', 'Luteolin', 'Luteolin', '2-(3,4-dihydroxyphenyl)-5,7-dihydroxy-4H-chromen-4-one', 'Luteolin', 'Luteolin', 'Luteolin', 'Luteolin', '2-(3,4-dihydroxyphenyl)-5,7-dihydroxy-chromen-4-one', None, 'Luteolin', 'Luteolin', 'Luteolin', 'Luteolin', 'Luteolin', 'Luteolin', 'Luteolin', 'Luteolin', 'Luteolin', 'Luteolin', 'Luteolin']"
"CHEMBL3127115";"";"";"Small molecule";"";"360.80";"4";"6";"2.27";"114.02";"6";"2";"0";"4";"N";"0.86";"2";"MOL";"-1";"25";"-0.54";"C17H17ClN4O3";"Cc1cc(-c2nc(N)[nH]c(=O)c2Cl)cc(C#N)c1OCC1CCOC1";"ZDJBPXJWRNMOPO-UHFFFAOYSA-N";"InChI=1S/C17H17ClN4O3/c1-9-4-11(14-13(18)16(23)22-17(20)21-14)5-12(6-19)15(9)25-8-10-2-3-24-7-10/h4-5,10H,2-3,7-8H2,1H3,(H3,20,21,22,23)";"False";"-1";"['39']";"['5-(2-amino-5-chloro-6-oxo-1,6-dihydropyrimidin-4-yl)-3-methyl-2-((tetrahydrofuran-3-yl)methoxy)benzonitrile']"
"CHEMBL477753";"";"";"Small molecule";"";"550.56";"3";"3";"-0.40";"187.76";"12";"7";"3";"8";"N";"0.21";"2";"MOL";"-1";"39";"1.53";"C27H34O12";"COc1cc(/C=C/c2ccc(O)cc2)cc(O[C@@H]2O[C@H](CO[C@@H]3O[C@@H](C)[C@H](O)[C@@H](O)[C@H]3O)[C@@H](O)[C@H](O)[C@H]2O)c1";"XKRQDCRMDCIEEB-MQKVEOCDSA-N";"InChI=1S/C27H34O12/c1-13-20(29)22(31)24(33)26(37-13)36-12-19-21(30)23(32)25(34)27(39-19)38-18-10-15(9-17(11-18)35-2)4-3-14-5-7-16(28)8-6-14/h3-11,13,19-34H,12H2,1-2H3/b4-3+/t13-,19+,20-,21+,22+,23-,24+,25+,26+,27+/m0/s1";"False";"-1";"['2']";"["trans-4',5-dihydroxy-3-methoxystilbene-5-O-[alpha-L-rhamnopyranosyl-(1->6)]-beta-D-glucopyranoside"]"
"CHEMBL82804";"";"";"Small molecule";"";"227.33";"4";"4";"2.44";"72.03";"5";"2";"0";"6";"N";"0.44";"1";"MOL";"-1";"15";"-1.05";"C10H17N3OS";"CCCCCCSc1nc(N)cc(O)n1";"WLCIGTPGBVDEJB-UHFFFAOYSA-N";"InChI=1S/C10H17N3OS/c1-2-3-4-5-6-15-10-12-8(11)7-9(14)13-10/h7H,2-6H2,1H3,(H3,11,12,13,14)";"False";"-1";"['2c', '14']";"['6-Amino-2-hexylsulfanyl-3H-pyrimidin-4-one', '6-amino-2-(hexylthio)pyrimidin-4(3H)-one']"
"CHEMBL314168";"";"";"Small molecule";"";"306.30";"1";"1";"0.69";"129.06";"7";"3";"0";"3";"N";"0.61";"1";"MOL";"-1";"21";"-1.01";"C12H10N4O4S";"O=S(=O)(Cc1ccccc1)c1nc(O)c2nc(O)nc-2[nH]1";"RTIQBDNKDAPDNM-UHFFFAOYSA-N";"InChI=1S/C12H10N4O4S/c17-10-8-9(14-11(18)13-8)15-12(16-10)21(19,20)6-7-4-2-1-3-5-7/h1-5H,6H2,(H3,13,14,15,16,17,18)";"False";"-1";"['3e']";"['8-Hydroxy-2-phenylmethanesulfonyl-1,9-dihydro-purin-6-one']"
"CHEMBL301141";"4-HYDROXYCOUMARINS";"";"Small molecule";"";"162.14";"101";"157";"1.50";"50.44";"3";"1";"0";"0";"Y";"0.60";"2";"MOL";"-1";"12";"0.56";"C9H6O3";"O=c1cc(O)c2ccccc2o1";"VXIXUWQIVKSKSA-UHFFFAOYSA-N";"InChI=1S/C9H6O3/c10-7-5-9(11)12-8-4-2-1-3-6(7)8/h1-5,10H";"False";"-1";"['55', '6', '5c', '4a', '27', '2', '2', 'SID76718', '4-Hydroxycoumarin', '3', '1', '3, 4-HC', '3', '1', '222-1', '3j', '3', '4-hydroxycoumarin', '8', 'ZT0262', '2', '1', '2', '1', '9', '21.4', '102a', '4-HC', 'Hydroxycoumarin']";"['4-Hydroxy-chromen-2-one', '4-Hydroxy-chromen-2-one', '4-hydroxy-2H-chromen-2-one', '4-hydroxy-2H-chromen-2-one', '4-Hydroxy-chromen-2-one', '4-Hydroxy-chromen-2-one', '4-hydroxy-2H-chromen-2-one', 'SID76718', '4-Hydroxycoumarin', '4-hydroxycoumarin', '4-hydroxycoumarin', '4-hydroxy-2H-chromen-2-one', '4-Hydroxycoumarin', '4-Hydroxycoumarin', '4-hydroxychromen-2-one', '4-Hydroxy-chromen-2-one', '4-Hydroxycoumarin', '4-hydroxycoumarin', '4-hydroxy-2H-chromen-2-one', '4-hydroxy-2H-chromen-2-one', '4-hydroxy-2H-chromen-2-one', '4-hydroxycoumarin', '4-hydroxycoumarin', '4-hydroxycoumarin', '4-hydroxycoumarin', '4-hydroxycoumarin', '4-hydroxy-2H-chromen-2-one', '4-hydroxycoumarin', 'Hydroxycoumarin']"
"CHEMBL273019";"BERGENIN";"BERGENIN|BERGENINUM|NSC-661749|NSC-757796|YANBAICAISU";"Small molecule";"-1.0";"328.27";"42";"174";"-1.20";"145.91";"9";"5";"0";"2";"N";"0.42";"1";"MOL";"0";"23";"2.63";"C14H16O9";"COc1c(O)cc2c(c1O)[C@@H]1O[C@H](CO)[C@@H](O)[C@H](O)[C@H]1OC2=O";"YWJXCIXBAKGUKZ-HJJNZUOJSA-N";"InChI=1S/C14H16O9/c1-21-11-5(16)2-4-7(9(11)18)12-13(23-14(4)20)10(19)8(17)6(3-15)22-12/h2,6,8,10,12-13,15-19H,3H2,1H3/t6-,8-,10+,12+,13-/m1/s1";"False";"0";"['16', 'SID49646245', '6', '1', '5, bergenin', 'bergenin', 'BERGENIN', 'Bergenin', '1', '1', '1', '2', '1', 'BERGENIN', '2', 'Bergenin', 'BERGENIN', 'Bergenin', 'Bergenin', 'BERGENIN', '1', 'BERGENIN', 'BERGENIN', 'BERGENIN', 'BERGENIN', '7']";"['Bergenin', 'SID49646245', 'bergenin', 'Bergenin', '(2R,3S,4S,4aR,10bS)-3,4,8,10-tetrahydroxy-2-(hydroxymethyl)-9-methoxy-2,3,4,4a-tetrahydropyrano[3,2-c]isochromen-6(10bH)-one', 'Bergenin', 'BERGENIN', 'Bergenin', 'Bergenin', 'Bergenin', 'Bergenin', 'bergenin', 'Bergenin', 'BERGENIN', 'Bergenin', 'Bergenin', 'BERGENIN', 'Bergenin', 'Bergenin', 'BERGENIN', 'Bergenin', 'BERGENIN', 'BERGENIN', 'BERGENIN', 'BERGENIN', 'Bergenin']"
"CHEMBL115452";"BROUSSOCHALCONE A";"";"Small molecule";"";"340.38";"12";"26";"3.91";"97.99";"5";"4";"0";"5";"N";"0.29";"2";"MOL";"-1";"25";"1.49";"C20H20O5";"CC(C)=CCc1cc(C(=O)/C=C/c2ccc(O)c(O)c2)c(O)cc1O";"FEALTYYKRMRXTG-QPJJXVBHSA-N";"InChI=1S/C20H20O5/c1-12(2)3-6-14-10-15(19(24)11-18(14)23)16(21)7-4-13-5-8-17(22)20(25)9-13/h3-5,7-11,22-25H,6H2,1-2H3/b7-4+";"False";"-1";"['37', '36, 46', '10', 'Broussochalcone', '5', 'broussochalcone A', '92', 'Table 4, R4C1', 'Broussochalcone A', '31a']";"['1-(2,4-dihydroxy-5-(3-methylbut-2-enyl)phenyl)-3-(3,4-dihydroxyphenyl)prop-2-en-1-one', 'Broussochalcone', 'broussochalcone', 'Broussochalcone', '(E)-1-[2,4-Dihydroxy-5-(3-methyl-but-2-enyl)-phenyl]-3-(3,4-dihydroxy-phenyl)-propenone', 'broussochalcone A', '1-(2,4-dihydroxy-5-(3-methylbut-2-enyl)phenyl)-3-(3,4-dihydroxyphenyl)prop-2-en-1-one', 'Broussochalcone A', 'Broussochalcone A', '1-(2,4-dihydroxy-5-(3-methylbut-2-en-1-yl)phenyl)-3-(3,4-dihydroxyphenyl)prop-2-en-1-one']"
"CHEMBL2205505";"";"";"Small molecule";"";"274.32";"1";"1";"2.05";"107.28";"6";"3";"0";"4";"N";"0.74";"2";"MOL";"-1";"20";"-0.79";"C14H18N4O2";"CC(C)COc1ccc(-c2cc(O)nc(N)n2)cc1N";"FSDOXHPYJXKKNN-UHFFFAOYSA-N";"InChI=1S/C14H18N4O2/c1-8(2)7-20-12-4-3-9(5-10(12)15)11-6-13(19)18-14(16)17-11/h3-6,8H,7,15H2,1-2H3,(H3,16,17,18,19)";"False";"-1";"['7b']";"['2-amino-6-(3-amino-4-isobutoxyphenyl)pyrimidin-4-ol']"
"CHEMBL2205498";"";"";"Small molecule";"";"259.31";"5";"13";"2.47";"81.26";"5";"2";"0";"4";"N";"0.88";"2";"MOL";"-1";"19";"-0.89";"C14H17N3O2";"CC(C)COc1ccc(-c2cc(O)nc(N)n2)cc1";"HTPZMQWCUTVMOK-UHFFFAOYSA-N";"InChI=1S/C14H17N3O2/c1-9(2)8-19-11-5-3-10(4-6-11)12-7-13(18)17-14(15)16-12/h3-7,9H,8H2,1-2H3,(H3,15,16,17,18)";"False";"-1";"['7', '26', '5312']";"['2-amino-6-(4-isobutoxyphenyl)pyrimidin-4-ol', '2-amino-6-(4-isobutoxyphenyl)pyrimidin-4(3H)-one', None]"
"CHEMBL327396";"";"";"Small molecule";"";"388.42";"2";"4";"3.68";"116.45";"7";"4";"0";"6";"N";"0.34";"2";"MOL";"-1";"28";"1.66";"C21H24O7";"CCCCCC(=O)O[C@@H]1Cc2ccc(O)c(O)c2O[C@H]1c1ccc(O)c(O)c1";"JFECJEQZHIZOBF-XLIONFOSSA-N";"InChI=1S/C21H24O7/c1-2-3-4-5-18(25)27-17-11-13-7-9-15(23)19(26)21(13)28-20(17)12-6-8-14(22)16(24)10-12/h6-10,17,20,22-24,26H,2-5,11H2,1H3/t17-,20+/m1/s1";"False";"-1";"['4c']";"['Hexanoic acid (2S,3R)-2-(3,4-dihydroxy-phenyl)-7,8-dihydroxy-chroman-3-yl ester']"
"CHEMBL447311";"";"";"Small molecule";"";"578.53";"1";"3";"2.02";"196.35";"12";"6";"3";"7";"N";"0.14";"4";"MOL";"-1";"42";"1.71";"C30H26O12";"O=C(/C=C/c1ccc(O)cc1)O[C@@H]1[C@@H](Oc2ccc(-c3cc(=O)c4c(O)cc(O)cc4o3)cc2)O[C@@H](CO)[C@H](O)[C@H]1O";"FITSQGVBTPBMCU-CMAQPADGSA-N";"InChI=1S/C30H26O12/c31-14-24-27(37)28(38)29(42-25(36)10-3-15-1-6-17(32)7-2-15)30(41-24)39-19-8-4-16(5-9-19)22-13-21(35)26-20(34)11-18(33)12-23(26)40-22/h1-13,24,27-34,37-38H,14H2/b10-3+/t24-,27-,28+,29-,30-/m0/s1";"False";"-1";"['1']";"["apigenin-4'-O-(2''-O-p-coumaroyl)-beta-D-glucopyranoside"]"
"CHEMBL239156";"";"4',6,7,-Trihydroxyisoflavone";"Small molecule";"";"270.24";"15";"24";"2.58";"90.90";"5";"3";"0";"1";"N";"0.59";"3";"MOL";"-1";"20";"0.98";"C15H10O5";"O=c1c(-c2ccc(O)cc2)coc2cc(O)c(O)cc12";"GYLUFQJZYAJQDI-UHFFFAOYSA-N";"InChI=1S/C15H10O5/c16-9-3-1-8(2-4-9)11-7-20-14-6-13(18)12(17)5-10(14)15(11)19/h1-7,16-18H";"False";"-1";"['19', '22', '13', '25b', "4',6,7-trihydroxyisoflavone", '3', '16', '93', '3']";"['6,7-dihydroxy-3-(4-hydroxyphenyl)-4H-chromen-4-one', '6,7-dihydroxy-3-(4-hydroxyphenyl)-4H-chromen-4-one', "4',6,7,Trihydroxyisoflavone", "4',6,7-trihydroxyisoflavone", "4',6,7-trihydroxyisoflavone", "6,7,3'-trihydroxyisoflavone", "6,7,4'-trihydroxyisoflavone", "4',6,7,trihydroxyisoflavone", "6,7,4'-trihydroxyisoflavone"]"
"CHEMBL82268";"";"";"Small molecule";"";"226.29";"1";"1";"0.88";"63.83";"7";"2";"0";"0";"N";"0.52";"0";"MOL";"-1";"14";"-1.27";"C7H6N4OS2";"Oc1c2nc(S)nc-2nc2n1CCS2";"BCOJFIZGWNFMNI-UHFFFAOYSA-N";"InChI=1S/C7H6N4OS2/c12-5-3-4(9-6(13)8-3)10-7-11(5)1-2-14-7/h12H,1-2H2,(H,8,13)";"False";"-1";"['4a']";"['2-Mercapto-6,7-dihydro-3H-thiazolo[3,2-a]purin-9-one']"
"CHEMBL1250";"1-METHYLXANTHINE";"1-Methylxanthine (1-Mx)";"Small molecule";"";"166.14";"19";"28";"-1.05";"83.54";"4";"2";"0";"0";"N";"0.52";"2";"MOL";"-1";"12";"-0.27";"C6H6N4O2";"Cn1c(=O)[nH]c2[nH]cnc2c1=O";"MVOYJPOZRLFTCP-UHFFFAOYSA-N";"InChI=1S/C6H6N4O2/c1-10-5(11)3-4(8-2-7-3)9-6(10)12/h2H,1H3,(H,7,8)(H,9,12)";"False";"-1";"['24', '39', '36', '1-METHYLXANTHINE', 'SID57260112', '1-methylxanthine', '8', '1-Methylxanthine', '1-Methylxanthine', '2', '8']";"['1-Methyl-3,7-dihydro-purine-2,6-dione', '1-Methyl-3,7-dihydro-purine-2,6-dione', '1-Methyl-3,7-dihydro-purine-2,6-dione', '1-METHYLXANTHINE', 'SID57260112', '1-methylxanthine', '1,2,4-triazolo[1,5-a]pyrimidine', '1-Methyl-3,9-dihydro-purine-2,6-dione (1-methyl xanthine)', '1-Methyl-3,7-dihydro-purine-2,6-dione', '1-Methyl-3,7-dihydro-purine-2,6-dione', '1-methyl-1H-purine-2,6(3H,7H)-dione']"
"CHEMBL2205495";"";"";"Small molecule";"";"275.38";"1";"1";"3.32";"72.03";"5";"2";"0";"5";"N";"0.65";"2";"MOL";"-1";"19";"-1.26";"C14H17N3OS";"CCCCSc1ccc(-c2cc(O)nc(N)n2)cc1";"DIBUTLCNNMCNBD-UHFFFAOYSA-N";"InChI=1S/C14H17N3OS/c1-2-3-8-19-11-6-4-10(5-7-11)12-9-13(18)17-14(15)16-12/h4-7,9H,2-3,8H2,1H3,(H3,15,16,17,18)";"False";"-1";"['4']";"['2-amino-6-(4-(butylthio)phenyl)pyrimidin-4-ol']"
"CHEMBL2420115";"";"";"Small molecule";"";"388.39";"2";"3";"2.91";"122.03";"7";"3";"0";"6";"N";"0.46";"4";"MOL";"-1";"29";"-1.67";"C20H16N6O3";"O=C(O)Cn1ncc2c(Nc3ccc(NC(=O)c4ccccc4)cc3)ncnc21";"IYGXDLXWMSLGRY-UHFFFAOYSA-N";"InChI=1S/C20H16N6O3/c27-17(28)11-26-19-16(10-23-26)18(21-12-22-19)24-14-6-8-15(9-7-14)25-20(29)13-4-2-1-3-5-13/h1-10,12H,11H2,(H,25,29)(H,27,28)(H,21,22,24)";"False";"-1";"['6d']";"['2-(4-((4-Benzamidophenyl)amino)-1H-pyrazolo[3,4-d]pyrimidin-1-yl)acetic acid']"
"CHEMBL1083511";"ROSAVIN";"";"Small molecule";"";"428.43";"2";"3";"-2.02";"158.30";"10";"6";"1";"7";"N";"0.29";"1";"MOL";"-1";"30";"1.74";"C20H28O10";"O[C@@H]1[C@@H](O)[C@@H](OC/C=C/c2ccccc2)O[C@H](CO[C@@H]2OC[C@H](O)[C@H](O)[C@H]2O)[C@H]1O";"RINHYCZCUGCZAJ-UHAHJPEESA-N";"InChI=1S/C20H28O10/c21-12-9-28-19(17(25)14(12)22)29-10-13-15(23)16(24)18(26)20(30-13)27-8-4-7-11-5-2-1-3-6-11/h1-7,12-26H,8-10H2/b7-4+/t12-,13+,14-,15+,16-,17+,18+,19-,20-/m0/s1";"False";"-1";"['10', '14']";"['Rosavin', 'rosavin']"
"CHEMBL3594390";"";"";"Small molecule";"";"412.44";"2";"2";"4.68";"117.20";"6";"3";"0";"10";"N";"0.41";"3";"MOL";"-1";"30";"0.93";"C23H24O7";"O=C(O)CCCCCCCOc1cc(O)cc2oc(-c3ccc(O)cc3)cc(=O)c12";"VZAOIGVHNBDCTN-UHFFFAOYSA-N";"InChI=1S/C23H24O7/c24-16-9-7-15(8-10-16)19-14-18(26)23-20(12-17(25)13-21(23)30-19)29-11-5-3-1-2-4-6-22(27)28/h7-10,12-14,24-25H,1-6,11H2,(H,27,28)";"False";"-1";"['11f']";"['8-(7-hydroxy-2-(4-hydroxyphenyl)-4-oxo-4H-chromen-5-yloxy)octanoic acid']"
"CHEMBL3594388";"";"";"Small molecule";"";"384.38";"3";"4";"3.90";"117.20";"6";"3";"0";"8";"N";"0.50";"3";"MOL";"-1";"28";"0.99";"C21H20O7";"O=C(O)CCCCCOc1cc(O)cc2oc(-c3ccc(O)cc3)cc(=O)c12";"AZKOUAQBDKLEQU-UHFFFAOYSA-N";"InChI=1S/C21H20O7/c22-14-7-5-13(6-8-14)17-12-16(24)21-18(10-15(23)11-19(21)28-17)27-9-3-1-2-4-20(25)26/h5-8,10-12,22-23H,1-4,9H2,(H,25,26)";"False";"-1";"['11d']";"['6-(7-hydroxy-2-(4-hydroxyphenyl)-4-oxo-4H-chromen-5-yloxy)hexanoic acid']"
"CHEMBL4104607";"";"";"Small molecule";"";"459.45";"3";"10";"4.04";"140.23";"6";"5";"0";"7";"N";"0.21";"4";"MOL";"-1";"34";"0.64";"C26H21NO7";"O=C(/C=C/c1ccc(O)c2oc(-c3ccc(O)c(O)c3)cc12)N[C@@H](Cc1ccccc1)C(=O)O";"GLHGNYCDYVAOMD-BLRBJFNZSA-N";"InChI=1S/C26H21NO7/c28-20-9-7-17(13-22(20)30)23-14-18-16(6-10-21(29)25(18)34-23)8-11-24(31)27-19(26(32)33)12-15-4-2-1-3-5-15/h1-11,13-14,19,28-30H,12H2,(H,27,31)(H,32,33)/b11-8+/t19-/m0/s1";"False";"-1";"['6d', 'BDBM50233820']";"['(E)-(3-(2-(3,4-dihydroxyphenyl)-7-hydroxybenzofuran-4-yl)acryloyl)-L-phenylalanine', 'CHEMBL4104607::US11021454, Compound 6d']"
"CHEMBL2316141";"";"";"Small molecule";"";"368.86";"6";"8";"5.58";"35.53";"3";"0";"1";"4";"N";"0.66";"2";"MOL";"-1";"26";"-0.58";"C22H21ClO3";"COc1cc(/C=C2\CCC/C(=C\c3cccc(Cl)c3)C2=O)cc(OC)c1";"QPQXKYPXOWABMC-BEQMOXJMSA-N";"InChI=1S/C22H21ClO3/c1-25-20-12-16(13-21(14-20)26-2)10-18-7-4-6-17(22(18)24)9-15-5-3-8-19(23)11-15/h3,5,8-14H,4,6-7H2,1-2H3/b17-9+,18-10+";"False";"-1";"['I2', 'BDBM50424974', '4a']";"['(2E,6E)-2-(3-Chlorobenzylidene)-6-(3,5-dimethoxybenzylidene)cyclohexanone', 'CHEMBL2316141::US9409845, Table 1, Compound 2: (2E,6E)-2-(3,5-dimethoxybenzylidene)-6-(3-chlorobenzylidene)cyclohexanone', '(2E,6E)-2-(3-Chlorobenzylidene)-6-(3,5-dimethoxybenzylidene)cyclohexanone']"
"CHEMBL51628";"UMBELLIFERONE";"";"Small molecule";"";"162.14";"178";"411";"1.50";"50.44";"3";"1";"0";"0";"Y";"0.60";"2";"MOL";"-1";"12";"1.11";"C9H6O3";"O=c1ccc2ccc(O)cc2o1";"ORHBXUUXSCNDEV-UHFFFAOYSA-N";"InChI=1S/C9H6O3/c10-7-3-1-6-2-4-9(11)12-8(6)5-7/h1-5,10H";"False";"-1";"['C', '5b', '6', '1', '7-HC', '28', 'SM2, Umbelliferone', '16', '1', '9', '7', '2a', '4', '1', 'SID89850282', 'C, umbelliferone', 'umbelliferone, NSC-019790', 'Umbelliferone', '2', '7-hydroxycoumarin', 'umbelliferone', '2', '1', '12', '217', '5', 'UMBELLIFERONE', 'UMBELLIFERONE', 'UMBELLIFERONE', '7-HC', '5', 'Umbelliferone', '7-HC', '7-Hydroxycoumarin', '7-Hydroxy-coumarin', '4', '7-HC', '4', '42', '5', '7-hydroxycoumarin', 'SID26749818', '1, Umbelliferone', '3a', '2, Umbelliferone', 'C', '1', 'Umbelliferone', '5', '2', '2, Umbelliferone', '7-Hydroxycoumarin', '4', 'Umbelliferone', 'a', '1', '2', '1', '7-C', '6', '7-OHC', '1, umbelliferone', 'Umbelliferone', '4k', '5, Umbelliferone', '4', '12', 'SID82592', 'Umbelliferone', '7-hydroxycoumarin', 'COU1', 'Umbelliferone', '35', '2a', '15', '10', '7-OH-coumarin', '5', '7-Hydroxycoumarin', '7-Hydroxycoumarin', '7-Hydroxycoumarin', '7-Hydroxycoumarin', 'Umbelliferone', '11.1', '7-Hydroxycoumarin', '7-HC', 'Umbelliferone', 'Table 1; R20C1', 'Umbelliferone', '7-OHC', 'Umbelliferone']";"['7-hydroxycoumarin', '7-Hydroxycoumarin', '7-hydroxylcoumarin', '7-Hydroxy-chromen-2-one', '7-hydroxycoumarin', '7-Hydroxy-chromen-2-one', '7-hydroxycoumarin', '7-Hydroxy-2H-chromen-2-one', '7-Hydroxy-2H-benzo-1-pyran-2-one', '7-Hydroxy-chromen-2-one', 'Umbelliferone', '7-Hydroxy-2H-chromen-2-one', '7-hydroxy-2H-chromen-2-one', '7-Hydroxy-chromen-2-one', 'SID89850282', '7-Hydroxy coumarin', 'umbelliferone', 'Umbelliferone', '7-hydroxy-2H-chromen-2-one', '7-hydroxycoumarin', 'umbelliferone', 'umbelliferone', 'Umbelliferone', '7-Hydroxycoumarin', None, '7-Hydroxycoumarin', 'UMBELLIFERONE', 'UMBELLIFERONE', 'UMBELLIFERONE', '7-hydroxycoumarin', 'Umbelliferone', '7-Hydroxycoumarin', '7-Hydroxycoumarin', '7-Hydroxy-chromen-2-one', '7-Hydroxy-chromen-2-one', '7-Hydroxy-chromen-2-one', '7-hydroxycoumarin', '7-hydroxycoumarin', '7-hydroxy-2H-chromen-2-one', 'Umbelliferone', '7-hydroxycoumarin', 'SID26749818', '7-Hydroxy coumarin', '7-hydroxycoumarin', '7-Hydroxy coumarin', 'Umbelliferone', 'Umbelliferone', 'Umbelliferone', '7-Hydroxycoumarin', '7-hydroxycoumarin', '7-hydroxycoumarin', '7-Hydroxycoumarin', '7-hydroxy-2H-chromen-2-one', 'Umbelliferone', '7-Hydroxycoumarin', 'Umbelliferone', '7-hydroxycoumarin', 'Umbelliferone', '7-hydroxycoumarin', 'umbelliferone', '7-hydroxycoumarin', '7-Hydroxycoumarin', 'Umbelliferone', '7-Hydroxy-chromen-2-one', '7-hydroxycoumarin', '7-hydroxycoumarin', 'Umbelliferone', 'SID82592', 'Umbelliferone', '7-Hydroxycoumarin', '7-Hydroxycoumarin', 'Umbelliferone', '7-hydroxycoumarin', 'Umbelliferone', 'Umbelliferone', '7-hydroxycoumarin', '7-hydroxy-2H-chromen-2-one', 'Umbelliferone', '7-Hydroxycoumarin', '7-Hydroxycoumarin', '7-Hydroxycoumarin', '7-Hydroxycoumarin', 'Umbelliferone', 'Umbelliferone', '7-Hydroxycoumarin', '7-hydroxycoumarin', 'Umbelliferone', '7-Hydroxy-coumarin', 'Umbelliferone', '7-hydroxycoumarin', 'Umbelliferone']"
"CHEMBL3127136";"";"";"Small molecule";"";"382.34";"4";"6";"3.21";"114.02";"6";"2";"0";"4";"N";"0.84";"2";"MOL";"-1";"27";"-1.06";"C17H17F3N4O3";"CC(C)(C)COc1ccc(-c2nc(N)[nH]c(=O)c2C#N)cc1OC(F)(F)F";"CJNNMPWWFJQGRZ-UHFFFAOYSA-N";"InChI=1S/C17H17F3N4O3/c1-16(2,3)8-26-11-5-4-9(6-12(11)27-17(18,19)20)13-10(7-21)14(25)24-15(22)23-13/h4-6H,8H2,1-3H3,(H3,22,23,24,25)";"False";"-1";"['36']";"['2-amino-4-(4-(neopentyloxy)-3-(trifluoromethoxy)phenyl-6-oxo-1,6-dihydropyrimidine-5-carbonitrile']"
"CHEMBL315735";"";"";"Small molecule";"";"284.34";"1";"1";"2.65";"63.83";"6";"1";"0";"1";"N";"0.70";"1";"MOL";"-1";"20";"-1.25";"C14H12N4OS";"Oc1c2nc(-c3ccccc3)nc-2nc2n1CCCS2";"IHVLSRFSCZHMTO-UHFFFAOYSA-N";"InChI=1S/C14H12N4OS/c19-13-10-12(17-14-18(13)7-4-8-20-14)16-11(15-10)9-5-2-1-3-6-9/h1-3,5-6,19H,4,7-8H2";"False";"-1";"['4h']";"['2-Phenyl-7,8-dihydro-3H,6H-5-thia-1,3,4,8a-tetraaza-cyclopenta[b]naphthalen-9-one']"
"CHEMBL511418";"";"";"Small molecule";"";"362.33";"5";"8";"1.80";"114.68";"8";"3";"0";"4";"N";"0.75";"2";"MOL";"-1";"26";"2.03";"C18H18O8";"COc1cc([C@@H]2Oc3cc(OC)c(O)c(OC)c3C(=O)[C@@H]2O)ccc1O";"SPCGLFQEOSTPSK-IRXDYDNUSA-N";"InChI=1S/C18H18O8/c1-23-10-6-8(4-5-9(10)19)17-16(22)15(21)13-11(26-17)7-12(24-2)14(20)18(13)25-3/h4-7,16-17,19-20,22H,1-3H3/t16-,17-/m0/s1";"False";"-1";"['(+/-)-3e']";"['(+/-)-cis-2,3-Dihydro-3,6-dihydroxy-5,7-dimethoxy-2-(3-hydroxy-4-methoxyphenyl)-4H-1-benzopyran-4-one']"
"CHEMBL468285";"";"";"Small molecule";"";"420.41";"3";"5";"2.42";"101.91";"9";"1";"0";"7";"N";"0.72";"2";"MOL";"-1";"30";"1.37";"C21H24O9";"COc1cc([C@@H]2Oc3cc(OC)c(OC)c(OC)c3C(=O)[C@@H]2O)cc(OC)c1OC";"VKXWZILLSXZFPY-ROUUACIJSA-N";"InChI=1S/C21H24O9/c1-24-12-7-10(8-13(25-2)19(12)27-4)18-17(23)16(22)15-11(30-18)9-14(26-3)20(28-5)21(15)29-6/h7-9,17-18,23H,1-6H3/t17-,18-/m0/s1";"False";"-1";"['(+/-)-4g']";"['(+/-)-cis-2,3-Dihydro-3-hydroxy-5,6,7-trimethoxy-2-(3,4,5-trimethoxyphenyl)-4H-1-benzopyran-4-one']"
"CHEMBL4644216";"";"";"Unknown";"";"309.33";"1";"1";"3.15";"76.57";"5";"1";"0";"4";"N";"0.46";"3";"MOL";"-1";"23";"-0.92";"C17H15N3O3";"COc1ccc(C(=O)O/N=C(\C)c2nc3ccccc3[nH]2)cc1";"VKCNVZXFBITMNA-RGVLZGJSSA-N";"InChI=1S/C17H15N3O3/c1-11(16-18-14-5-3-4-6-15(14)19-16)20-23-17(21)12-7-9-13(22-2)10-8-12/h3-10H,1-2H3,(H,18,19)/b20-11+";"False";"-1";"['5d']";"['[1-(1H-benzimidazol-2-yl)ethylideneamino]-4-methoxybenzoate']"
"CHEMBL3740920";"";"";"Small molecule";"";"423.37";"2";"4";"3.23";"85.35";"6";"2";"0";"2";"N";"0.62";"3";"MOL";"-1";"29";"-1.36";"C18H12F3N3O4S";"O=C(Nn1c(=S)[nH]c2cc3c(cc2c1=O)OCCO3)c1ccc(C(F)(F)F)cc1";"HJHGTSXPNVNSCO-UHFFFAOYSA-N";"InChI=1S/C18H12F3N3O4S/c19-18(20,21)10-3-1-9(2-4-10)15(25)23-24-16(26)11-7-13-14(28-6-5-27-13)8-12(11)22-17(24)29/h1-4,7-8H,5-6H2,(H,22,29)(H,23,25)";"False";"-1";"['2h']";"['N-(4-oxo-2-thioxo-1,2,7,8-tetrahydro-[1,4]dioxino[2,3-g]quinazolin-3(4H)-yl)-4-(trifluoromethyl)benzamide']"
"CHEMBL3745743";"";"";"Small molecule";"";"380.14";"3";"3";"1.67";"104.63";"4";"3";"0";"2";"N";"0.46";"3";"MOL";"-1";"20";"-0.76";"C13H9IN4O2";"Nc1nc2c(C(=O)c3ccc(I)cc3)c[nH]c2c(=O)[nH]1";"APHXZZHIZPWWHM-UHFFFAOYSA-N";"InChI=1S/C13H9IN4O2/c14-7-3-1-6(2-4-7)11(19)8-5-16-10-9(8)17-13(15)18-12(10)20/h1-5,16H,(H3,15,17,18,20)";"False";"-1";"['LSPN444']";"['2-Amino-3H,5H-7-(4-iodobenzoyl)pyrrolo[3,2-d]pyrimidin-4-one']"
"CHEMBL2205501";"";"";"Small molecule";"";"263.30";"2";"11";"3.10";"72.03";"4";"2";"0";"2";"N";"0.74";"3";"MOL";"-1";"20";"-0.72";"C16H13N3O";"Nc1nc(O)cc(-c2ccc(-c3ccccc3)cc2)n1";"OZMKLCWIDDOBPE-UHFFFAOYSA-N";"InChI=1S/C16H13N3O/c17-16-18-14(10-15(20)19-16)13-8-6-12(7-9-13)11-4-2-1-3-5-11/h1-10H,(H3,17,18,19,20)";"False";"-1";"['10']";"['2-amino-6-(biphenyl-4-yl)pyrimidin-4-ol']"
"CHEMBL5753034";"";"";"";"";"428.38";"1";"3";"None";"None";"None";"None";"None";"None";"None";"None";"None";"MOL";"-1";"None";"None";"C19H15N3O2SSe";"Cc1nc(-c2ccc(-c3cc4c(s3)CCNC4)c(C#N)c2)[se]c1C(=O)O";"TYCGONUQURLEQQ-UHFFFAOYSA-N";"InChI=1S/C19H15N3O2SSe/c1-10-17(19(23)24)26-18(22-10)11-2-3-14(12(6-11)8-20)16-7-13-9-21-5-4-15(13)25-16/h2-3,6-7,21H,4-5,9H2,1H3,(H,23,24)";"False";"-1";"['BDBM352061']";"['US9802907, Compound 46']"
"CHEMBL52569";"2-HYDROXYCINNAMALDEHYDE";"";"Small molecule";"";"148.16";"12";"51";"1.60";"37.30";"2";"1";"0";"2";"Y";"0.51";"1";"MOL";"-1";"11";"1.04";"C9H8O2";"O=C/C=C/c1ccccc1O";"BSDNZCQPDVTDET-HWKANZROSA-N";"InChI=1S/C9H8O2/c10-7-3-5-8-4-1-2-6-9(8)11/h1-7,11H/b5-3+";"False";"-1";"['1a', 'IIa', '3', '3', '1, HCA', '1', '16', '11']";"['(E)-3-(2-Hydroxy-phenyl)-propenal', '(E)-3-(2-Hydroxy-phenyl)-propenal', '2-hydroxy cinnamaldehyde', '2-hydroxycinnamaldehyde', '2-Hydroxycinnamaldehyde', '2-hydroxycinnamaldehyde', '3-(2-hydroxyphenyl)acrylaldehyde', '(E)-3-(2-hydroxyphenyl)acrylaldehyde']"
"CHEMBL5397864";"";"";"";"";"344.36";"1";"8";"1.23";"136.65";"7";"4";"0";"4";"N";"0.41";"3";"MOL";"-1";"24";"-1.77";"C14H12N6O3S";"CSc1nc(O)c(C(=O)Nc2ccc(-c3cnn[nH]3)cc2)c(=O)[nH]1";"GXZDQJWPRRTCOO-UHFFFAOYSA-N";"InChI=1S/C14H12N6O3S/c1-24-14-17-12(22)10(13(23)18-14)11(21)16-8-4-2-7(3-5-8)9-6-15-20-19-9/h2-6H,1H3,(H,16,21)(H,15,19,20)(H2,17,18,22,23)";"False";"-1";"['115', 'BDBM524218', 'BDBM524216']";"['N-(4-(1H-1,2,3-triazol-5-yl)phenyl)-4-hydroxy-2-(methylthio)-6-oxo-1,6-dihydropyrimidine-5-carboxamide', 'US11168075, Compound Formula (IIe)', 'US11168075, Compound Formula (IIc)']"
"CHEMBL1761213";"";"";"Small molecule";"";"353.42";"5";"10";"3.91";"62.91";"5";"1";"0";"5";"N";"0.56";"3";"MOL";"-1";"26";"-0.24";"C21H23NO4";"O=c1c2ccc(O)cc2oc2cc(OCCCN3CCCCC3)ccc12";"NJDMBAAEWNYXNF-UHFFFAOYSA-N";"InChI=1S/C21H23NO4/c23-15-5-7-17-19(13-15)26-20-14-16(6-8-18(20)21(17)24)25-12-4-11-22-9-2-1-3-10-22/h5-8,13-14,23H,1-4,9-12H2";"False";"-1";"['8']";"['3-Hydroxy-6-[3-(piperidin-1-yl)-propoxy]xanthone']"
"CHEMBL13486";"";"";"Small molecule";"";"270.24";"26";"37";"2.58";"90.90";"5";"3";"0";"1";"N";"0.59";"3";"MOL";"-1";"20";"1.15";"C15H10O5";"O=c1c(-c2ccc(O)c(O)c2)coc2cc(O)ccc12";"DDKGKOOLFLYZDL-UHFFFAOYSA-N";"InChI=1S/C15H10O5/c16-9-2-3-10-14(6-9)20-7-11(15(10)19)8-1-4-12(17)13(18)5-8/h1-7,16-18H";"False";"-1";"['1153', '4', "7,3',4'-trihydroxyisoflavone", '2', "3',4',7-Trihydroxyisoflavone", '15', '7; Orita-13', '41', '13', '1', "3',4',7-trihydroxyisoflavone", '2', '88', '32', 'Page No.1998, R32C1', '7', '7', '2; Orita-13', '22', '7', "3',4',7-Trihydroxyisoflavone"]";"[None, '3-(3,4-Dihydroxy-phenyl)-7-hydroxy-chromen-4-one', "7,3',4'-trihydroxyisoflavone", "7,3',4'-trihydroxyisoflavone", "3',4',7-Trihydroxyisoflavone", "7,3',4'-trihydroxyisoflavone", '3-(3,4-dihydroxyphenyl)-7-hydroxy-4H-chromen-4-one', "3',4',7-trihydroxyisoflavone", '3-(3,4-Dihydroxy-phenyl)-7-hydroxy-chromen-4-one', '3-(3,4-dihydroxyphenyl)-7-hydroxy-4H-chromen-4-one', "3',4',7-trihydroxyisoflavone", "7,3',4'-trihydroxyisoflavone", "3',4',7-trihydroxyisoflavone", '3-(3,4-dihydroxyphenyl)-7-hydroxy-4H-chromen-4-one', "3',4',7-trihydroxyisoflavone", "3',4',7-trihydroxyisoflavone", "3',4',7-trihydroxylisoflavone", '3-(3,4-dihydroxyphenyl)-7-hydroxy-4H-chromen-4-one', "3'-hydroxydaidzein", '3-(3,4-Dihydroxyphenyl)-7-hydroxy-4H-chromen-4-one', "3',4',7-Trihydroxyisoflavone"]"
"CHEMBL2205503";"";"";"Small molecule";"";"279.30";"1";"1";"3.22";"81.26";"5";"2";"0";"3";"N";"0.77";"3";"MOL";"-1";"21";"-0.80";"C16H13N3O2";"Nc1nc(O)cc(-c2ccc(Oc3ccccc3)cc2)n1";"PNLVWRDZAMFMQH-UHFFFAOYSA-N";"InChI=1S/C16H13N3O2/c17-16-18-14(10-15(20)19-16)11-6-8-13(9-7-11)21-12-4-2-1-3-5-12/h1-10H,(H3,17,18,19,20)";"False";"-1";"['12']";"['2-amino-6-(4-phenoxyphenyl)pyrimidin-4-ol']"
"CHEMBL1276946";"";"";"Small molecule";"";"366.81";"39";"54";"2.89";"72.68";"5";"1";"0";"3";"N";"0.61";"4";"MOL";"-1";"26";"-1.60";"C19H15ClN4O2";"Cc1c2c(=O)n(-c3ccccc3Cl)[nH]c2cc(=O)n1Cc1ccccn1";"DNKYHHFCPXKFIY-UHFFFAOYSA-N";"InChI=1S/C19H15ClN4O2/c1-12-18-15(10-17(25)23(12)11-13-6-4-5-9-21-13)22-24(19(18)26)16-8-3-2-7-14(16)20/h2-10,22H,11H2,1H3";"False";"-1";"['5656', '67', 'GKT136901', 'GKT136901']";"[None, '2-(2-chlorophenyl)-4-methyl-5-(pyridin-2-ylmethyl)-1H-pyrazolo[4,3-c]pyridine-3,6(2H,5H)-dione', 'GKT136901', 'GKT136901']"
"CHEMBL452979";"LONICERIN";"";"Small molecule";"";"594.52";"4";"4";"-1.39";"249.20";"15";"9";"3";"6";"N";"0.15";"3";"MOL";"-1";"42";"2.10";"C27H30O15";"C[C@@H]1O[C@@H](O[C@H]2[C@H](Oc3cc(O)c4c(=O)cc(-c5ccc(O)c(O)c5)oc4c3)O[C@H](CO)[C@@H](O)[C@@H]2O)[C@H](O)[C@H](O)[C@H]1O";"SHPPXMGVUDNKLV-KMFFXDMSSA-N";"InChI=1S/C27H30O15/c1-9-20(33)22(35)24(37)26(38-9)42-25-23(36)21(34)18(8-28)41-27(25)39-11-5-14(31)19-15(32)7-16(40-17(19)6-11)10-2-3-12(29)13(30)4-10/h2-7,9,18,20-31,33-37H,8H2,1H3/t9-,18+,20-,21+,22+,23-,24+,25+,26-,27+/m0/s1";"False";"-1";"['24', 'Lonicerin', '9']";"['7-neohesperidosylluteolin', 'Lonicerin', 'luteolin-7-beta-O-neohesperidoside']"
"CHEMBL4228510";"";"";"Small molecule";"";"312.32";"5";"42";"3.27";"77.08";"6";"1";"0";"5";"N";"0.44";"3";"MOL";"-1";"23";"-0.67";"C17H16N2O4";"COc1ccc(C/C(=N\O)c2nc3ccc(OC)cc3o2)cc1";"WQJSDXPDBPDENI-XDJHFCHBSA-N";"InChI=1S/C17H16N2O4/c1-21-12-5-3-11(4-6-12)9-15(19-20)17-18-14-8-7-13(22-2)10-16(14)23-17/h3-8,10,20H,9H2,1-2H3/b19-15+";"False";"-1";"['5d']";"['(E)-1-(6-Methoxybenzo[d]oxazol-2-yl)-2-(4-methoxyphenyl)ethanone oxime']"
"CHEMBL5185392";"";"";"";"";"347.38";"2";"3";"2.96";"103.57";"5";"2";"0";"3";"N";"0.76";"3";"MOL";"-1";"26";"-1.42";"C19H17N5O2";"N#Cc1cn(C2CCCC2)c2ccc(NC(=O)c3cc(=O)[nH]cn3)cc12";"HEIJDJYVMJOKPR-UHFFFAOYSA-N";"InChI=1S/C19H17N5O2/c20-9-12-10-24(14-3-1-2-4-14)17-6-5-13(7-15(12)17)23-19(26)16-8-18(25)22-11-21-16/h5-8,10-11,14H,1-4H2,(H,23,26)(H,21,22,25)";"False";"-1";"['13g']";"['N-(3-cyano-1-cyclopentyl-1H-indol-5-yl)-6-oxo-1,6-dihydropyrimidine-4-carboxamide']"
"CHEMBL3978208";"";"";"Small molecule";"";"353.42";"2";"2";"2.36";"72.88";"5";"2";"0";"5";"N";"0.81";"2";"MOL";"-1";"26";"-1.30";"C20H23N3O3";"CC(=O)c1ccc(NCC(=O)N2CCN(c3ccccc3O)CC2)cc1";"ZJDIVFMFAZLGTM-UHFFFAOYSA-N";"InChI=1S/C20H23N3O3/c1-15(24)16-6-8-17(9-7-16)21-14-20(26)23-12-10-22(11-13-23)18-4-2-3-5-19(18)25/h2-9,21,25H,10-14H2,1H3";"False";"-1";"['BDBM244065']";"['US9428478, TG2-171-1']"
"CHEMBL4109345";"";"";"Small molecule";"";"411.43";"2";"2";"2.82";"74.87";"5";"1";"0";"4";"N";"0.67";"3";"MOL";"-1";"30";"-1.44";"C22H22FN3O4";"COC(=O)C1CN(c2ccc(OC)cc2)CCN1C(=O)c1cc2cc(F)ccc2[nH]1";"FDDLWYZMTTZGSV-UHFFFAOYSA-N";"InChI=1S/C22H22FN3O4/c1-29-17-6-4-16(5-7-17)25-9-10-26(20(13-25)22(28)30-2)21(27)19-12-14-11-15(23)3-8-18(14)24-19/h3-8,11-12,20,24H,9-10,13H2,1-2H3";"False";"-1";"['BDBM244085']";"['US9428478, TG6-235']"
"CHEMBL3741638";"";"";"Small molecule";"";"254.27";"2";"4";"1.31";"76.48";"6";"2";"0";"2";"N";"0.62";"2";"MOL";"-1";"17";"-0.43";"C10H10N2O4S";"COc1cc2[nH]c(=S)n(O)c(=O)c2cc1OC";"JRNMPIKNZIUMMX-UHFFFAOYSA-N";"InChI=1S/C10H10N2O4S/c1-15-7-3-5-6(4-8(7)16-2)11-10(17)12(14)9(5)13/h3-4,14H,1-2H3,(H,11,17)";"False";"-1";"['3g']";"['3-hydroxy-6,7-dimethoxy-2-thioxo-2,3-dihydroquinazolin-4(1H)-one']"
"CHEMBL4169770";"";"";"Small molecule";"";"369.24";"1";"1";"3.68";"72.31";"5";"2";"0";"4";"N";"0.64";"2";"MOL";"-1";"21";"-0.88";"C14H13BrN2O3S";"CC(C)Oc1ccc(-c2cc(C(=O)O)nc(S)n2)cc1Br";"HVTXFNSNDKVWJE-UHFFFAOYSA-N";"InChI=1S/C14H13BrN2O3S/c1-7(2)20-12-4-3-8(5-9(12)15)10-6-11(13(18)19)17-14(21)16-10/h3-7H,1-2H3,(H,18,19)(H,16,17,21)";"False";"-1";"['7a']";"['6-(3-bromo-4-isopropoxyphenyl)-2-mercaptopyrimidine-4-carboxylic acid']"
"CHEMBL4101163";"";"";"Small molecule";"";"489.48";"2";"8";"3.84";"149.46";"8";"5";"0";"7";"N";"0.15";"4";"MOL";"-1";"36";"0.71";"C27H23NO8";"COC(=O)[C@H](Cc1ccc(O)cc1)NC(=O)/C=C/c1ccc(O)c2oc(-c3ccc(O)c(O)c3)cc12";"PLAFFYZSFZCCNM-OJWOGGGRSA-N";"InChI=1S/C27H23NO8/c1-35-27(34)20(12-15-2-7-18(29)8-3-15)28-25(33)11-6-16-4-10-22(31)26-19(16)14-24(36-26)17-5-9-21(30)23(32)13-17/h2-11,13-14,20,29-32H,12H2,1H3,(H,28,33)/b11-6+/t20-/m0/s1";"False";"-1";"['5e', 'BDBM50233801']";"['Methyl (E)-(3-(2-(3,4-dihydroxyphenyl)-7-hydroxybenzofuran-4-yl)acryloyl)-l-tyrosinate', 'CHEMBL4101163::US11021454, Compound 5e']"
"CHEMBL87562";"";"";"Small molecule";"";"224.25";"1";"1";"0.68";"84.06";"7";"2";"0";"0";"N";"0.64";"0";"MOL";"-1";"15";"-0.85";"C8H8N4O2S";"Oc1nc2nc(O)n3c(c-2n1)SCCC3";"CHKXEIAKDOSHCB-UHFFFAOYSA-N";"InChI=1S/C8H8N4O2S/c13-7-9-4-5(10-7)11-8(14)12-2-1-3-15-6(4)12/h1-3H2,(H2,9,10,11,13,14)";"False";"-1";"['5d']";"['2-Hydroxy-7,8-dihydro-3H,6H-9-thia-1,3,4,5a-tetraaza-cyclopenta[a]naphthalen-5-one']"
"CHEMBL4226441";"";"";"Small molecule";"";"331.17";"1";"1";"4.01";"58.62";"4";"1";"0";"3";"N";"0.45";"3";"MOL";"-1";"20";"-1.00";"C15H11BrN2O2";"O/N=C(\Cc1ccccc1)c1nc2ccc(Br)cc2o1";"OZINWZGKIRZRSK-QGOAFFKASA-N";"InChI=1S/C15H11BrN2O2/c16-11-6-7-12-14(9-11)20-15(17-12)13(18-19)8-10-4-2-1-3-5-10/h1-7,9,19H,8H2/b18-13+";"False";"-1";"['5n']";"['(E)-1-(6-Bromobenzo[d]oxazol-2-yl)-2-phenylethanone oxime']"
"CHEMBL4224753";"";"";"Small molecule";"";"284.29";"1";"1";"3.70";"58.62";"4";"1";"0";"3";"N";"0.45";"3";"MOL";"-1";"21";"-1.28";"C16H13FN2O2";"Cc1ccc2nc(/C(Cc3ccc(F)cc3)=N/O)oc2c1";"WBBAJDXPROAZGT-XMHGGMMESA-N";"InChI=1S/C16H13FN2O2/c1-10-2-7-13-15(8-10)21-16(18-13)14(19-20)9-11-3-5-12(17)6-4-11/h2-8,20H,9H2,1H3/b19-14+";"False";"-1";"['5f']";"['(E)-2-(4-Fluorophenyl)-1-(6-methylbenzo[d]oxazol-2-yl)ethanone oxime']"
"CHEMBL6026148";"";"";"";"";"334.24";"1";"3";"None";"None";"None";"None";"None";"None";"None";"None";"None";"MOL";"-1";"None";"None";"C14H13N3O2Se";"Cc1nc(-c2ccc(N(C)C)c(C#N)c2)[se]c1C(=O)O";"GYLQJSKRAQHYCO-UHFFFAOYSA-N";"InChI=1S/C14H13N3O2Se/c1-8-12(14(18)19)20-13(16-8)9-4-5-11(17(2)3)10(6-9)7-15/h4-6H,1-3H3,(H,18,19)";"False";"-1";"['BDBM352062']";"['US9802907, Compound 47']"
"CHEMBL6051977";"";"";"";"";"406.26";"1";"3";"None";"None";"None";"None";"None";"None";"None";"None";"None";"MOL";"-1";"None";"None";"C16H16F3NO3Se";"Cc1nc(-c2ccc(OCC(C)C)c(C(F)(F)F)c2)[se]c1C(=O)O";"XXYPCAUGDJXHHD-UHFFFAOYSA-N";"InChI=1S/C16H16F3NO3Se/c1-8(2)7-23-12-5-4-10(6-11(12)16(17,18)19)14-20-9(3)13(24-14)15(21)22/h4-6,8H,7H2,1-3H3,(H,21,22)";"False";"-1";"['BDBM352064']";"['US9802907, Compound 55']"
"CHEMBL3740396";"";"";"Small molecule";"";"359.90";"2";"4";"3.32";"41.03";"4";"1";"0";"7";"N";"0.63";"2";"MOL";"-1";"22";"-1.65";"C16H23ClFN3OS";"CN(C)CCCCCCn1c(=S)[nH]c2ccc(F)cc2c1=O.Cl";"VELPNLARRFAXMT-UHFFFAOYSA-N";"InChI=1S/C16H22FN3OS.ClH/c1-19(2)9-5-3-4-6-10-20-15(21)13-11-12(17)7-8-14(13)18-16(20)22;/h7-8,11H,3-6,9-10H2,1-2H3,(H,18,22);1H";"False";"-1";"['1e-L']";"['3-(6-(dimethylamino)hexyl)-6-fluoro-2-thioxo-2,3-dihydroquinazolin-4(1H)-one hydrochloride']"
"CHEMBL2420120";"";"";"Small molecule";"";"531.39";"2";"3";"3.70";"128.10";"9";"2";"1";"8";"N";"0.33";"4";"MOL";"-1";"33";"-1.92";"C21H19BrN6O4S";"CCOC(=O)Cn1ncc2c(Nc3ccc(NS(=O)(=O)c4ccc(Br)cc4)cc3)ncnc21";"MEXYYRFHLPOBGE-UHFFFAOYSA-N";"InChI=1S/C21H19BrN6O4S/c1-2-32-19(29)12-28-21-18(11-25-28)20(23-13-24-21)26-15-5-7-16(8-6-15)27-33(30,31)17-9-3-14(22)4-10-17/h3-11,13,27H,2,12H2,1H3,(H,23,24,26)";"False";"-1";"['5a']";"['Ethyl 2-(4-((4-(4-bromophenylsulfonamido)phenyl)amino)-1H-pyrazolo[3,4-d]pyrimidin-1-yl)acetate']"
"CHEMBL2048623";"";"";"Small molecule";"";"526.63";"127";"227";"5.66";"89.90";"5";"1";"2";"9";"N";"0.39";"3";"MOL";"-1";"37";"-0.55";"C29H31FO6S";"Cc1cc(OC2CCS(=O)(=O)CC2)cc(C)c1-c1cccc(COc2ccc(CCC(=O)O)c(F)c2)c1";"RPAHCZZXEGWBDL-UHFFFAOYSA-N";"InChI=1S/C29H31FO6S/c1-19-14-26(36-24-10-12-37(33,34)13-11-24)15-20(2)29(19)23-5-3-4-21(16-23)18-35-25-8-6-22(27(30)17-25)7-9-28(31)32/h3-6,8,14-17,24H,7,9-13,18H2,1-2H3,(H,31,32)";"False";"-1";"['31', 'EUB0001554', 'EUB0001554a', 'EUB0001554a', 'EUB0001554a']";"["3-[4-({4'-[(1,1-Dioxidotetrahydro-2H-thiopyran-4-yl)oxy]-2',6'-dimethylbiphenyl-3-yl}methoxy)-2-fluorophenyl]-propanoic Acid", 'TP_051', 'TP-051', 'TP-051', 'TP-051']"
"CHEMBL5197541";"";"";"";"";"293.74";"1";"1";"1.90";"84.55";"4";"2";"0";"0";"N";"0.72";"1";"MOL";"-1";"19";"-0.87";"C12H8ClN3O2S";"Cc1c(Cl)ccc2c1NC(=O)/C2=C1/SC(N)=NC1=O";"AHRWHQSKSNJTBR-VQHVLOKHSA-N";"InChI=1S/C12H8ClN3O2S/c1-4-6(13)3-2-5-7(10(17)15-8(4)5)9-11(18)16-12(14)19-9/h2-3H,1H3,(H,15,17)(H2,14,16,18)/b9-7+";"False";"-1";"['XO-39']";"['2-amino-5-(6-chloro-7-methyl-2-oxoindolin-3-ylidene)thiazol-4(5H)-one']"
"CHEMBL452145";"";"";"Small molecule";"";"214.23";"4";"4";"1.33";"76.86";"5";"1";"0";"2";"N";"0.82";"2";"MOL";"-1";"16";"-2.18";"C11H10N4O";"COc1ccc(-n2ncc(C#N)c2N)cc1";"AIQYZOPCGVEHML-UHFFFAOYSA-N";"InChI=1S/C11H10N4O/c1-16-10-4-2-9(3-5-10)15-11(13)8(6-12)7-14-15/h2-5,7H,13H2,1H3";"False";"-1";"['3b']";"["5-Amino-1-(4'-methoxyphenyl)-1H-pyrazole-4-carbonitrile"]"
"CHEMBL6038530";"";"";"";"";"341.33";"1";"3";"0.94";"148.68";"7";"5";"0";"5";"N";"0.46";"3";"MOL";"-1";"25";"-1.46";"C15H15N7O3";"CCNc1nc(O)c(C(=O)Nc2ccc(-c3c[nH]nn3)cc2)c(=O)[nH]1";"QSSDOMPTUUGMSS-UHFFFAOYSA-N";"InChI=1S/C15H15N7O3/c1-2-16-15-19-13(24)11(14(25)20-15)12(23)18-9-5-3-8(4-6-9)10-7-17-22-21-10/h3-7H,2H2,1H3,(H,18,23)(H,17,21,22)(H3,16,19,20,24,25)";"False";"-1";"['BDBM499660']";"['US11020397, Compound Formula-(IIll)']"
"CHEMBL5785370";"";"";"";"";"352.28";"1";"3";"-1.55";"178.29";"7";"5";"0";"2";"N";"0.43";"2";"MOL";"-1";"24";"-1.15";"C12H8N4O7S";"O=C1NS(=O)(=O)c2cc(NC(=O)c3c(O)[nH]c(=O)[nH]c3=O)ccc21";"VONBGJJKWUPJRU-UHFFFAOYSA-N";"InChI=1S/C12H8N4O7S/c17-8-5-2-1-4(3-6(5)24(22,23)16-8)13-9(18)7-10(19)14-12(21)15-11(7)20/h1-3H,(H,13,18)(H,16,17)(H3,14,15,19,20,21)";"False";"-1";"['BDBM524222']";"['US11168075, Compound Formula (IIIa)']"
"CHEMBL5789669";"";"";"";"";"307.22";"1";"3";"-1.46";"177.27";"7";"6";"1";"3";"N";"0.30";"2";"MOL";"-1";"22";"-1.21";"C11H9N5O6";"O=C(NO)c1cc(NC(=O)c2c(O)[nH]c(=O)[nH]c2=O)ccn1";"FOYYEXMCHXAYII-UHFFFAOYSA-N";"InChI=1S/C11H9N5O6/c17-7(16-22)5-3-4(1-2-12-5)13-8(18)6-9(19)14-11(21)15-10(6)20/h1-3,22H,(H,16,17)(H,12,13,18)(H3,14,15,19,20,21)";"False";"-1";"['BDBM524232']";"['US11168075, Compound Formula (VIIIb)']"
"CHEMBL5806577";"";"";"";"";"359.37";"2";"6";"1.02";"149.54";"8";"4";"0";"5";"N";"0.39";"3";"MOL";"-1";"25";"-2.16";"C14H13N7O3S";"CCSc1nc(O)c(C(=O)Nc2ccc(-c3nn[nH]n3)cc2)c(=O)[nH]1";"KCMFZUUGRZMYJC-UHFFFAOYSA-N";"InChI=1S/C14H13N7O3S/c1-2-25-14-16-12(23)9(13(24)17-14)11(22)15-8-5-3-7(4-6-8)10-18-20-21-19-10/h3-6H,2H2,1H3,(H,15,22)(H2,16,17,23,24)(H,18,19,20,21)";"False";"-1";"['BDBM499656']";"['US11020397, Compound Formula-(IIp)']"
"CHEMBL5765459";"";"";"";"";"369.37";"2";"6";"1.11";"160.44";"8";"4";"0";"4";"N";"0.39";"3";"MOL";"-1";"26";"-1.97";"C15H11N7O3S";"CSc1nc(O)c(C(=O)Nc2ccc(-c3c[nH]nn3)cc2C#N)c(=O)[nH]1";"ZTGQWQGSBKBHPP-UHFFFAOYSA-N";"InChI=1S/C15H11N7O3S/c1-26-15-19-13(24)11(14(25)20-15)12(23)18-9-3-2-7(4-8(9)5-16)10-6-17-22-21-10/h2-4,6H,1H3,(H,18,23)(H,17,21,22)(H2,19,20,24,25)";"False";"-1";"['BDBM499681']";"['US11020397, Compound Formula-(II5)']"
"CHEMBL5753958";"";"";"";"";"386.44";"2";"6";"2.26";"136.65";"7";"4";"0";"6";"N";"0.38";"3";"MOL";"-1";"27";"-1.73";"C17H18N6O3S";"CC(C)CSc1nc(O)c(C(=O)Nc2ccc(-c3c[nH]nn3)cc2)c(=O)[nH]1";"WDASXIFMXWZAMZ-UHFFFAOYSA-N";"InChI=1S/C17H18N6O3S/c1-9(2)8-27-17-20-15(25)13(16(26)21-17)14(24)19-11-5-3-10(4-6-11)12-7-18-23-22-12/h3-7,9H,8H2,1-2H3,(H,19,24)(H,18,22,23)(H2,20,21,25,26)";"False";"-1";"['BDBM499657']";"['US11020397, Compound Formula-(IIq)']"
"CHEMBL5968055";"";"";"";"";"390.40";"2";"6";"2.15";"136.65";"7";"4";"0";"5";"N";"0.39";"3";"MOL";"-1";"27";"-2.05";"C16H15FN6O3S";"CC(C)Sc1nc(O)c(C(=O)Nc2ccc(-c3c[nH]nn3)cc2F)c(=O)[nH]1";"GSYVXTCZKDKULI-UHFFFAOYSA-N";"InChI=1S/C16H15FN6O3S/c1-7(2)27-16-20-14(25)12(15(26)21-16)13(24)19-10-4-3-8(5-9(10)17)11-6-18-23-22-11/h3-7H,1-2H3,(H,19,24)(H,18,22,23)(H2,20,21,25,26)";"False";"-1";"['BDBM499664']";"['US11020397, Compound Formula-(IIv)']"
"CHEMBL5947643";"";"";"";"";"412.35";"1";"3";"2.25";"136.65";"7";"4";"0";"4";"N";"0.38";"3";"MOL";"-1";"28";"-1.81";"C15H11F3N6O3S";"CSc1nc(O)c(C(=O)Nc2ccc(-c3c[nH]nn3)cc2C(F)(F)F)c(=O)[nH]1";"NSGZMZRSFVIGCN-UHFFFAOYSA-N";"InChI=1S/C15H11F3N6O3S/c1-28-14-21-12(26)10(13(27)22-14)11(25)20-8-3-2-6(9-5-19-24-23-9)4-7(8)15(16,17)18/h2-5H,1H3,(H,20,25)(H,19,23,24)(H2,21,22,26,27)";"False";"-1";"['BDBM499673']";"['US11020397, Compound Formula-(IIdd)']"
"CHEMBL5774747";"";"";"";"";"382.26";"1";"3";"0.82";"156.62";"6";"5";"0";"3";"N";"0.45";"3";"MOL";"-1";"27";"-1.41";"C14H9F3N6O4";"O=C(Nc1ccc(-c2[nH]nnc2C(F)(F)F)cc1)c1c(O)[nH]c(=O)[nH]c1=O";"WGTYYUZBIHOBGN-UHFFFAOYSA-N";"InChI=1S/C14H9F3N6O4/c15-14(16,17)9-8(21-23-22-9)5-1-3-6(4-2-5)18-10(24)7-11(25)19-13(27)20-12(7)26/h1-4H,(H,18,24)(H,21,22,23)(H3,19,20,25,26,27)";"False";"-1";"['BDBM522181']";"['US11161835, Compound Formula (Id)']"
"CHEMBL325372";"METHYLPARABEN";"E-218|FEMA NO. 2710|INS NO.218|INS-218|KILLITOL|METHYL P-HYDROXYBENZOATE|METHYL P-OXYBENZOATE|METHYL PARABEN|METHYL PARABEN (E218)|METHYL PARAHYDROXYBENZOATE|METHYLIS HYDROXYBENZOAS|METHYLPARABEN|METHYLPARABEN E218|MOLDEX|NSC-3827|NSC-406127|P-HYDROXYBENZOIC METHYL ESTER|PRESERVAL M|TEGOSEPT M";"Small molecule";"-1.0";"152.15";"155";"766";"1.18";"46.53";"3";"1";"0";"1";"Y";"0.61";"1";"MOL";"0";"11";"0.23";"C8H8O3";"COC(=O)c1ccc(O)cc1";"LXCFILQKKLGQFO-UHFFFAOYSA-N";"InChI=1S/C8H8O3/c1-11-8(10)6-2-4-7(9)5-3-6/h2-5,9H,1H3";"False";"0";"['METHYLPARABEN', 'Methylparaben', 'para-Hydroxybenzoic acid methyl ester', 'METHYLPARABEN', 'METHYLPARABEN', 'METHYLPARABEN', 'Methyl paraben', '8', 'SID144209516', 'Table 2, R4C1', 'Methylparaben', 'SID170465480', 'SID144210329', 'SID50085960', '37', '9', 'SID144205169', 'B18', '1a', 'Methyl-4-Hydroxybenzoate', '1b', '7', 'SID26754470', 'BAME', 'COVC-2288641142', '27', 'methylparaben', 'methylparaben', 'methylparaben', 'methylparaben']";"['METHYLPARABEN', '4-Hydroxy-benzoic acid methyl ester', 'para-Hydroxybenzoic acid methyl ester', 'Methylparaben', 'METHYLPARABEN', 'METHYLPARABEN', 'Methyl paraben', '4-hydroxymethylbenzoate', 'SID144209516', 'methyl 4-hydroxybenzoate', 'Methylparaben', 'SID170465480', 'SID144210329', 'SID50085960', '4-Hydroxy-benzoic acid methyl ester', '4-hydroxy-benzoic acid methyl ester', 'SID144205169', 'methyl 4-hydroxybenzoate', 'methyl 4-hydroxybenzoate', 'Methyl-4-Hydroxybenzoate', 'Methyl 4-hydroxybenzoate', 'Methyl-4-hydroxybenzoate', 'SID26754470', 'Benzoic acid methyl ester', 'METHYLPARABEN', 'Methyl paraben', 'methylparaben', 'methylparaben', 'methylparaben', 'methylparaben']"
"CHEMBL3741073";"";"";"Small molecule";"";"305.31";"2";"4";"3.21";"49.82";"4";"2";"0";"2";"N";"0.71";"3";"MOL";"-1";"21";"-1.58";"C14H9F2N3OS";"O=c1c2cc(F)ccc2[nH]c(=S)n1Nc1ccc(F)cc1";"VNEOPAPTHLISDB-UHFFFAOYSA-N";"InChI=1S/C14H9F2N3OS/c15-8-1-4-10(5-2-8)18-19-13(20)11-7-9(16)3-6-12(11)17-14(19)21/h1-7,18H,(H,17,21)";"False";"-1";"['2l']";"['6-fluoro-3-(4-fluorophenylamino)-2-thioxo-2,3-dihydroquinazolin-4(1H)-one']"
"CHEMBL315625";"";"";"Small molecule";"";"240.31";"1";"1";"1.27";"63.83";"7";"2";"0";"0";"N";"0.54";"0";"MOL";"-1";"15";"-1.03";"C8H8N4OS2";"Oc1nc2nc(S)nc-2c2n1CCCS2";"CKEWFMNZSAGZMS-UHFFFAOYSA-N";"InChI=1S/C8H8N4OS2/c13-8-11-5-4(9-7(14)10-5)6-12(8)2-1-3-15-6/h1-3H2,(H2,9,10,11,13,14)";"False";"-1";"['5b']";"['2-Mercapto-7,8-dihydro-3H,6H-9-thia-1,3,4,5a-tetraaza-cyclopenta[a]naphthalen-5-one']"
"CHEMBL376644";"SALVIGENIN";"";"Small molecule";"";"328.32";"18";"65";"3.19";"78.13";"6";"1";"0";"4";"N";"0.79";"3";"MOL";"-1";"24";"0.99";"C18H16O6";"COc1ccc(-c2cc(=O)c3c(O)c(OC)c(OC)cc3o2)cc1";"QCDYOIZVELGOLZ-UHFFFAOYSA-N";"InChI=1S/C18H16O6/c1-21-11-6-4-10(5-7-11)13-8-12(19)16-14(24-13)9-15(22-2)18(23-3)17(16)20/h4-9,20H,1-3H3";"False";"-1";"['salvigenin', '10', '3', 'Salvigenin', '9; MOL002915', '31']";"['salvigenin', "4',6,7-O-dimethylscutellarein", "5-hydroxy-6,7,4'-trimethoxyflavone", 'Salvigenin', 'Psathyrotin', '5-hydroxy-6,7-dimethoxy-2-(4-methoxyphenyl)-4H-chromen-4-one']"
"CHEMBL2205509";"";"";"Small molecule";"";"284.32";"8";"37";"2.34";"105.05";"6";"2";"0";"4";"N";"0.89";"2";"MOL";"-1";"21";"-1.17";"C15H16N4O2";"CC(C)COc1ccc(-c2cc(O)nc(N)n2)cc1C#N";"WVQWUBPIFLOXTK-UHFFFAOYSA-N";"InChI=1S/C15H16N4O2/c1-9(2)8-21-13-4-3-10(5-11(13)7-16)12-6-14(20)19-15(17)18-12/h3-6,9H,8H2,1-2H3,(H3,17,18,19,20)";"False";"-1";"['18', '3', '7f', '5323']";"['5-(2-amino-6-oxo-1,6-dihydropyrimidin-4-yl)-2-isobutoxybenzonitrile', '5-(2-amino-6-hydroxypyrimidin-4-yl)-2-isobutoxybenzonitrile', '5-(2-amino-6-hydroxypyrimidin-4-yl)-2-isobutoxybenzonitrile', None]"
"CHEMBL5561100";"";"";"";"";"341.75";"2";"2";"4.60";"79.65";"4";"2";"0";"4";"N";"0.72";"3";"MOL";"-1";"24";"-0.74";"C18H12ClNO4";"O=C(O)c1ccc(-c2cncc(Oc3cccc(Cl)c3)c2)cc1O";"IBJXBXCXJJSLMS-UHFFFAOYSA-N";"InChI=1S/C18H12ClNO4/c19-13-2-1-3-14(8-13)24-15-6-12(9-20-10-15)11-4-5-16(18(22)23)17(21)7-11/h1-10,21H,(H,22,23)";"False";"-1";"['II6']";"['4-(5-(3-Chlorophenoxy)pyridin-3-yl)-2-hydroxybenzoic acid']"
"CHEMBL4228302";"";"";"Small molecule";"";"304.71";"1";"1";"4.04";"58.62";"4";"1";"0";"3";"N";"0.45";"3";"MOL";"-1";"21";"-1.40";"C15H10ClFN2O2";"O/N=C(\Cc1ccc(F)cc1)c1nc2cc(Cl)ccc2o1";"HYGZWFMRQNAMCA-CPNJWEJPSA-N";"InChI=1S/C15H10ClFN2O2/c16-10-3-6-14-12(8-10)18-15(21-14)13(19-20)7-9-1-4-11(17)5-2-9/h1-6,8,20H,7H2/b19-13+";"False";"-1";"['5j']";"['(E)-1-(5-Chlorobenzo[d]oxazol-2-yl)-2-(4-fluorophenyl)ethanone oxime']"
"CHEMBL470261";"BOLETININ G";"";"Small molecule";"";"402.53";"3";"5";"5.50";"80.67";"4";"1";"1";"14";"N";"0.18";"0";"MOL";"-1";"29";"1.55";"C24H34O5";"C/C(C=O)=C\CC/C(C)=C/CC/C(C)=C/CC/C(C)=C/COC(=O)/C=C/C(=O)O";"IPFUHLGHDLEPJG-KCSPCAOWSA-N";"InChI=1S/C24H34O5/c1-19(8-5-9-20(2)11-7-13-22(4)18-25)10-6-12-21(3)16-17-29-24(28)15-14-23(26)27/h9-10,13-16,18H,5-8,11-12,17H2,1-4H3,(H,26,27)/b15-14+,19-10+,20-9+,21-16+,22-13+";"False";"-1";"['9']";"['Boletinin G']"
"CHEMBL465768";"STEREQUINONE G";"";"Small molecule";"";"322.36";"2";"2";"3.30";"60.44";"4";"0";"0";"4";"N";"0.74";"2";"MOL";"-1";"24";"0.69";"C20H18O4";"COc1ccc2c(c1)C(=O)c1c(ccc(CCC(C)=O)c1C)C2=O";"JNPVZLURHZXTGF-UHFFFAOYSA-N";"InChI=1S/C20H18O4/c1-11(21)4-5-13-6-8-16-18(12(13)2)20(23)17-10-14(24-3)7-9-15(17)19(16)22/h6-10H,4-5H2,1-3H3";"False";"-1";"['2']";"['sterequinone G']"
"CHEMBL5424178";"";"";"";"";"300.71";"1";"1";"2.89";"91.76";"4";"2";"0";"3";"N";"0.78";"3";"MOL";"-1";"21";"-1.49";"C14H9ClN4O2";"O=C(O)c1cc(-c2ccc(-c3nnn[nH]3)cc2)ccc1Cl";"MMLNSVHIHRIWRU-UHFFFAOYSA-N";"InChI=1S/C14H9ClN4O2/c15-12-6-5-10(7-11(12)14(20)21)8-1-3-9(4-2-8)13-16-18-19-17-13/h1-7H,(H,20,21)(H,16,17,18,19)";"False";"-1";"['IIj']";"["4-chloro-4'-(1H-tetrazol-5-yl)-[1,1'-biphenyl]-3-carboxylic acid"]"
"CHEMBL5433112";"";"";"";"";"297.34";"1";"1";"3.18";"78.91";"5";"1";"0";"2";"N";"0.79";"3";"MOL";"-1";"21";"-1.54";"C15H11N3O2S";"Cc1nc(-c2cc(C#N)c3c(ccn3C)c2)sc1C(=O)O";"UKMCFVVQXUWRFF-UHFFFAOYSA-N";"InChI=1S/C15H11N3O2S/c1-8-13(15(19)20)21-14(17-8)10-5-9-3-4-18(2)12(9)11(6-10)7-16/h3-6H,1-2H3,(H,19,20)";"False";"-1";"['71']";"['2-(7-cyano-1-methyl-1H-indol-5-yl)-4-methylthiazole-5-carboxylic acid']"
"CHEMBL446449";"";"";"Small molecule";"";"183.60";"2";"3";"1.05";"66.49";"4";"2";"0";"1";"N";"0.65";"2";"MOL";"-1";"12";"-0.79";"C6H6ClN5";"CNc1nc(Cl)nc2[nH]cnc12";"RIAVUEFUPHOGJY-UHFFFAOYSA-N";"InChI=1S/C6H6ClN5/c1-8-4-3-5(10-2-9-3)12-6(7)11-4/h2H,1H3,(H2,8,9,10,11,12)";"False";"-1";"['2', '25']";"['2-chloro-6(methylamino)purine', '2-chloro-N-methyl-9H-purin-6-amine']"
"CHEMBL3740321";"";"";"Small molecule";"";"334.27";"4";"11";"2.66";"41.03";"4";"1";"0";"4";"N";"0.88";"2";"MOL";"-1";"19";"-1.83";"C13H17Cl2N3OS";"CN(C)CCCn1c(=S)[nH]c2ccc(Cl)cc2c1=O.Cl";"DGVYQMIBXOXZQA-UHFFFAOYSA-N";"InChI=1S/C13H16ClN3OS.ClH/c1-16(2)6-3-7-17-12(18)10-8-9(14)4-5-11(10)15-13(17)19;/h4-5,8H,3,6-7H2,1-2H3,(H,15,19);1H";"False";"-1";"['1c']";"['6-chloro-3-(3-(dimethylamino)propyl)-2-thioxo-2,3-dihydroquinazolin-4(1H)-one hydrochloride']"
"CHEMBL288446";"";"";"Small molecule";"";"155.11";"3";"4";"1.01";"83.60";"4";"2";"0";"1";"N";"0.36";"1";"MOL";"-1";"11";"-0.53";"C6H5NO4";"O=[N+]([O-])c1cccc(O)c1O";"YHKWFDPEASWKFQ-UHFFFAOYSA-N";"InChI=1S/C6H5NO4/c8-5-3-1-2-4(6(5)9)7(10)11/h1-3,8-9H";"False";"-1";"['2', '4']";"['3-Nitro-benzene-1,2-diol', '3-Nitro-benzene-1,2-diol']"
"CHEMBL4225751";"";"";"Small molecule";"";"280.28";"1";"1";"3.41";"64.69";"5";"0";"0";"3";"N";"0.42";"3";"MOL";"-1";"21";"-0.91";"C16H12N2O3";"C/C(=N\OC(=O)c1ccccc1)c1nc2ccccc2o1";"FIXRHEDHCAJKEP-WOJGMQOQSA-N";"InChI=1S/C16H12N2O3/c1-11(15-17-13-9-5-6-10-14(13)20-15)18-21-16(19)12-7-3-2-4-8-12/h2-10H,1H3/b18-11+";"False";"-1";"['7a']";"['(E)-1-(Benzo[d]oxazol-2-yl)ethanone O-benzoyl oxime']"
"CHEMBL5189770";"";"";"";"";"399.45";"1";"1";"4.06";"107.45";"5";"2";"0";"4";"N";"0.54";"4";"MOL";"-1";"30";"-1.22";"C23H21N5O2";"CC(C)(C)c1ccc(COc2ccc(-c3ncc4c(=O)[nH][nH]c4n3)cc2C#N)cc1";"PITMCNIFQKISMI-UHFFFAOYSA-N";"InChI=1S/C23H21N5O2/c1-23(2,3)17-7-4-14(5-8-17)13-30-19-9-6-15(10-16(19)11-24)20-25-12-18-21(26-20)27-28-22(18)29/h4-10,12H,13H2,1-3H3,(H2,25,26,27,28,29)";"False";"-1";"['19j']";"['6-{3-cyano-4-[4-(tert-butyl)benzyloxy]phenyl}-1,2-dihydro-3H-pyrazolo[3,4-d]pyrimidin-3-one']"
"CHEMBL1782880";"";"";"Small molecule";"";"706.78";"6";"6";"5.63";"176.26";"14";"0";"3";"19";"N";"0.07";"1";"MOL";"-1";"50";"1.22";"C36H50O14";"CCCCCCCCCCCCCC(=O)Oc1cc2c(c(OC(C)=O)c1OC)[C@@H]1O[C@H](COC(C)=O)[C@@H](OC(C)=O)[C@H](OC(C)=O)[C@H]1OC2=O";"GLEYLOPREMCHNC-MIMHQUMTSA-N";"InChI=1S/C36H50O14/c1-7-8-9-10-11-12-13-14-15-16-17-18-28(41)48-26-19-25-29(32(30(26)43-6)46-23(4)39)33-35(50-36(25)42)34(47-24(5)40)31(45-22(3)38)27(49-33)20-44-21(2)37/h19,27,31,33-35H,7-18,20H2,1-6H3/t27-,31-,33+,34+,35+/m1/s1";"False";"-1";"['7']";"['Bergenin-3,4,10,11-tetraacetate-8-myristate']"
"CHEMBL485818";"BAICALIN";"";"Small molecule";"";"446.36";"67";"309";"0.14";"187.12";"10";"6";"1";"4";"N";"0.30";"3";"MOL";"-1";"32";"1.72";"C21H18O11";"O=C(O)[C@H]1O[C@@H](Oc2cc3oc(-c4ccccc4)cc(=O)c3c(O)c2O)[C@H](O)[C@@H](O)[C@@H]1O";"IKIIZLYTISPENI-ZFORQUDYSA-N";"InChI=1S/C21H18O11/c22-9-6-10(8-4-2-1-3-5-8)30-11-7-12(14(23)15(24)13(9)11)31-21-18(27)16(25)17(26)19(32-21)20(28)29/h1-7,16-19,21,23-27H,(H,28,29)/t16-,17-,18+,19-,21+/m0/s1";"False";"-1";"['Baicalin', '1', 'BAIC', '1', '8', '17', '2', '21', '2', 'BG', '53', 'Baicalin', '115', 'baicalin', 'baicalin', 'baicalin', 'Baicalin', '30', '57', 'Baicalin', 'Baicalin', '49', 'Baicalin', 'Baicalin', 'Baicalin', 'Baicalin', 'BAICALIN', 'Baicalin', '1', '2', 'COVC-1752854675', 'Baicalin', 'C10', '1', '47', 'Baicalin', 'Baicalin', 'Baicalin', 'Baicalin', '37', 'Baicalin', '5', 'Baicalin', '14', '47', '74', '50', 'Baicalin', '85', 'Baicalin', '4', '1', 'Baicalin']";"['6-(5,6-Dihydroxy-4-oxo-2-phenyl-4H-chromen-7-yloxy)-3,4,5-trihydroxy-tetrahydro-pyran-2-carboxylic acid', 'Baicalin; 5,6-dihydroxy-2-phenyl-4H-1-benzopyran-4-one-7-O-D-beta-glucuronic acid', 'Baicalin', 'Baicalin', 'Baicalin', 'Baicalin', 'baicalin', 'baicalin', 'Baicalin', 'Baicalin', 'baicalin', '5,6-dihydroxyflavone 7-O-beta-D-glucuronide', 'Baicalin', 'baicalin', 'baicalin', '(2S,3S,4S,5R,6S)-6-(5,6-dihydroxy-4-oxo-2-phenyl-4H-chromen-7-yloxy)-3,4,5-trihydroxy-tetrahydro-2H-pyran-2-carboxylic acid', 'Baicalin', 'Baicalin', '(2S,3S,4S,5R,6S)-6-(5,6-dihydroxy-4-oxo-2-phenyl-4H-chromen-7-yloxy)-3,4,5-trihydroxytetrahydro-2H-pyran-2-carboxylic acid', 'Baicalin', 'Baicalin', 'Baicalin', 'Baicalin', 'Baicalin', 'Baicalin', 'Baicalin', 'BAICALIN', 'Baicalin', 'Baicalin', 'Baicalin', 'BAICALIN', 'Baicalin', 'Baicalin', 'Baicalin', 'Baicalin', 'Baicalin', 'Baicalin', 'Baicalin', 'Baicalin', 'Baicalin', 'Baicalin', 'Baicalin', 'Baicalin', 'Baicalin', 'Baicalin; 7-glucuronic acid, 5,6-dihydroxyflavone-', 'Baicalin', 'Baicalin', 'Baicalin', 'Baicalin', 'Baicalin', 'Baicalin', 'Baicalin', '(2S,3S,4S,5R,6S)-6-((5,6-dihydroxy-4-oxo-2-phenyl-4H-chromen-7-yl)oxy)-3,4,5-trihydroxytetrahydro-2H-pyran-2-carboxylic acid']"
"CHEMBL5180867";"";"";"";"";"306.37";"1";"1";"3.72";"74.73";"5";"1";"0";"4";"N";"0.80";"3";"MOL";"-1";"23";"-1.51";"C18H18N4O";"CC(C)CCn1cc(C#N)c2cc(-c3nccc(O)n3)ccc21";"HVKOLLMFRLRYSC-UHFFFAOYSA-N";"InChI=1S/C18H18N4O/c1-12(2)6-8-22-11-14(10-19)15-9-13(3-4-16(15)22)18-20-7-5-17(23)21-18/h3-5,7,9,11-12H,6,8H2,1-2H3,(H,20,21,23)";"False";"-1";"['25e']";"['1-isopentyl-5-(6-oxo-1,6-dihydropyrimidin-2-yl)-1H-indole-3-carbonitrile']"
"CHEMBL2238358";"";"";"Small molecule";"";"562.24";"2";"5";"4.43";"58.92";"4";"2";"0";"5";"N";"0.46";"3";"MOL";"-1";"27";"1.33";"C21H25BrINO4";"COc1cc2c(ccc3c(CC[N+](C)(C)C)c(Br)c(O)c(OC)c32)cc1O.[I-]";"OWNFGRPLGYIHLV-UHFFFAOYSA-N";"InChI=1S/C21H24BrNO4.HI/c1-23(2,3)9-8-14-13-7-6-12-10-16(24)17(26-4)11-15(12)18(13)21(27-5)20(25)19(14)22;/h6-7,10-11H,8-9H2,1-5H3,(H-,24,25);1H";"False";"-1";"['6']";"['2-Bromo-N,N-dimethylsecoboldine iodide']"
"CHEMBL3741999";"";"";"Small molecule";"";"278.33";"2";"4";"2.41";"56.25";"5";"1";"0";"1";"N";"0.81";"2";"MOL";"-1";"19";"-1.13";"C13H14N2O3S";"CC(C)n1c(=S)[nH]c2cc3c(cc2c1=O)OCCO3";"IUERAHRGXUNHNN-UHFFFAOYSA-N";"InChI=1S/C13H14N2O3S/c1-7(2)15-12(16)8-5-10-11(18-4-3-17-10)6-9(8)14-13(15)19/h5-7H,3-4H2,1-2H3,(H,14,19)";"False";"-1";"['3c']";"['3-isopropyl-2-thioxo-2,3,7,8-tetrahydro-[1,4]dioxino[2,3-g]quinazolin-4(1H)-one']"
"CHEMBL4065801";"";"";"Small molecule";"";"519.51";"2";"2";"3.84";"158.69";"9";"5";"1";"8";"N";"0.13";"4";"MOL";"-1";"38";"0.52";"C28H25NO9";"COC(=O)[C@@H](Cc1ccc(O)c(O)c1)NC(=O)/C=C/c1ccc(OC)c2oc(-c3ccc(O)c(O)c3)cc12";"HVILPUWZGGDXAJ-ZAOIQFLMSA-N";"InChI=1S/C28H25NO9/c1-36-24-9-5-16(18-14-25(38-27(18)24)17-4-8-21(31)23(33)13-17)6-10-26(34)29-19(28(35)37-2)11-15-3-7-20(30)22(32)12-15/h3-10,12-14,19,30-33H,11H2,1-2H3,(H,29,34)/b10-6+/t19-/m1/s1";"False";"-1";"['9b']";"['Methyl (R,E)-3-(3,4-dihydroxyphenyl)-2-(3-(2-(3,4-dimethoxyphenyl)-7-methoxybenzofuran-4-yl)acrylamido)propanoate']"
"CHEMBL4176340";"";"";"Small molecule";"";"292.28";"11";"12";"0.42";"113.37";"6";"3";"0";"3";"N";"0.24";"1";"MOL";"-1";"20";"-1.71";"C11H8N4O4S";"O=C1NC(=S)NC(=O)C1=CNc1ccccc1[N+](=O)[O-]";"PHSPJPIGXPJPOR-UHFFFAOYSA-N";"InChI=1S/C11H8N4O4S/c16-9-6(10(17)14-11(20)13-9)5-12-7-3-1-2-4-8(7)15(18)19/h1-5,12H,(H2,13,14,16,17,20)";"False";"-1";"['7f']";"['5-((2-Nitrophenylamino)methylene)-2-thioxodihydropyrimidine-4,6(1H,5H)-dione']"
"CHEMBL4173407";"";"";"Small molecule";"";"198.14";"11";"12";"-2.10";"130.39";"4";"4";"0";"1";"N";"0.28";"0";"MOL";"-1";"14";"-0.44";"C6H6N4O4";"NC(=O)NC=C1C(=O)NC(=O)NC1=O";"CKWHZYMWAGHUND-UHFFFAOYSA-N";"InChI=1S/C6H6N4O4/c7-5(13)8-1-2-3(11)9-6(14)10-4(2)12/h1H,(H3,7,8,13)(H2,9,10,11,12,14)";"False";"-1";"['8c']";"['1-[(2,4,6-Trioxotetrahydropyrimidin-5(2H)-ylidene)methyl]urea']"
"CHEMBL3594377";"";"";"Small molecule";"";"398.41";"2";"2";"4.29";"117.20";"6";"3";"0";"9";"N";"0.46";"3";"MOL";"-1";"29";"0.86";"C22H22O7";"O=C(O)CCCCCCOc1cc(O)c2c(=O)cc(-c3ccc(O)cc3)oc2c1";"TUUWSTKEYLOOLY-UHFFFAOYSA-N";"InChI=1S/C22H22O7/c23-15-8-6-14(7-9-15)19-13-18(25)22-17(24)11-16(12-20(22)29-19)28-10-4-2-1-3-5-21(26)27/h6-9,11-13,23-24H,1-5,10H2,(H,26,27)";"False";"-1";"['3e']";"['7-(5-hydroxy-2-(4-hydroxyphenyl)-4-oxo-4H-chromen-7-yloxy)heptanoic acid']"
"CHEMBL3594383";"";"";"Small molecule";"";"398.41";"3";"3";"4.29";"117.20";"6";"3";"0";"9";"N";"0.46";"3";"MOL";"-1";"29";"0.85";"C22H22O7";"O=C(O)CCCCCCOc1ccc(-c2cc(=O)c3c(O)cc(O)cc3o2)cc1";"NVTFWBUJTVNIEY-UHFFFAOYSA-N";"InChI=1S/C22H22O7/c23-15-11-17(24)22-18(25)13-19(29-20(22)12-15)14-6-8-16(9-7-14)28-10-4-2-1-3-5-21(26)27/h6-9,11-13,23-24H,1-5,10H2,(H,26,27)";"False";"-1";"['7e']";"['7-(4-(5,7-dihydroxy-4-oxo-4H-chromen-2-yl)phenoxy)heptanoic acid']"
"CHEMBL4633808";"";"";"Unknown";"";"359.37";"1";"1";"2.17";"130.35";"6";"2";"0";"5";"N";"0.41";"3";"MOL";"-1";"25";"-1.62";"C15H13N5O4S";"C/C(=N\NS(=O)(=O)c1ccc([N+](=O)[O-])cc1)c1nc2ccccc2[nH]1";"QTFSPXLSJGNNTK-VCHYOVAHSA-N";"InChI=1S/C15H13N5O4S/c1-10(15-16-13-4-2-3-5-14(13)17-15)18-19-25(23,24)12-8-6-11(7-9-12)20(21)22/h2-9,19H,1H3,(H,16,17)/b18-10+";"False";"-1";"['9o']";"['N-[1-(1H-benzimidazol-2-yl)ethylideneamino]-4-nitro-benzenesulfonamide']"
"CHEMBL6012616";"";"";"";"";"297.27";"2";"6";"1.24";"118.21";"5";"5";"0";"2";"N";"0.42";"2";"MOL";"-1";"20";"-1.49";"C11H8FN3O4S";"O=C(Nc1ccc(O)cc1F)c1c(O)[nH]c(=S)[nH]c1=O";"KZVBTEIICSXQGU-UHFFFAOYSA-N";"InChI=1S/C11H8FN3O4S/c12-5-3-4(16)1-2-6(5)13-8(17)7-9(18)14-11(20)15-10(7)19/h1-3,16H,(H,13,17)(H3,14,15,18,19,20)";"False";"-1";"['BDBM37945']";"['US10093631, Compound Formula (Ic)']"
"CHEMBL5598490";"";"";"";"";"278.27";"2";"8";"3.11";"97.11";"3";"3";"0";"2";"N";"0.67";"3";"MOL";"-1";"21";"-0.26";"C16H10N2O3";"N#Cc1cc(-c2ccc(C(=O)O)c(O)c2)c2[nH]ccc2c1";"YOJAFHZWYBMPHF-UHFFFAOYSA-N";"InChI=1S/C16H10N2O3/c17-8-9-5-11-3-4-18-15(11)13(6-9)10-1-2-12(16(20)21)14(19)7-10/h1-7,18-19H,(H,20,21)";"False";"-1";"['BDBM377695', '13']";"['US10266496, Example 7', '4-(5-Cyano-1H-indol-7-yl)-2-hydroxybenzoic Acid']"
"CHEMBL3594389";"";"";"Small molecule";"";"398.41";"3";"4";"4.29";"117.20";"6";"3";"0";"9";"N";"0.46";"3";"MOL";"-1";"29";"0.96";"C22H22O7";"O=C(O)CCCCCCOc1cc(O)cc2oc(-c3ccc(O)cc3)cc(=O)c12";"IEZHSNOCNBYVRL-UHFFFAOYSA-N";"InChI=1S/C22H22O7/c23-15-8-6-14(7-9-15)18-13-17(25)22-19(11-16(24)12-20(22)29-18)28-10-4-2-1-3-5-21(26)27/h6-9,11-13,23-24H,1-5,10H2,(H,26,27)";"False";"-1";"['11e']";"['7-(7-hydroxy-2-(4-hydroxyphenyl)-4-oxo-4H-chromen-5-yloxy)heptanoic acid']"
"CHEMBL501787";"";"";"Small molecule";"";"252.20";"4";"4";"2.34";"67.63";"4";"1";"0";"1";"N";"0.85";"2";"MOL";"-1";"18";"-2.44";"C11H7F3N4";"N#Cc1cnn(-c2ccc(C(F)(F)F)cc2)c1N";"ISQATKUECWOPHT-UHFFFAOYSA-N";"InChI=1S/C11H7F3N4/c12-11(13,14)8-1-3-9(4-2-8)18-10(16)7(5-15)6-17-18/h1-4,6H,16H2";"False";"-1";"['3f']";"["5-Amino-1-(4'-trifluoromethylphenyl)-1H-pyrazole-4-carbonitrile"]"
"CHEMBL94966";"";"";"Small molecule";"";"428.82";"2";"3";"4.06";"116.45";"7";"4";"0";"3";"N";"0.37";"3";"MOL";"-1";"30";"1.04";"C22H17ClO7";"O=C(O[C@@H]1Cc2ccc(O)c(O)c2O[C@H]1c1ccc(O)c(O)c1)c1ccccc1Cl";"XABTYWHHSKRZDS-QUCCMNQESA-N";"InChI=1S/C22H17ClO7/c23-14-4-2-1-3-13(14)22(28)29-18-10-12-6-8-16(25)19(27)21(12)30-20(18)11-5-7-15(24)17(26)9-11/h1-9,18,20,24-27H,10H2/t18-,20+/m1/s1";"False";"-1";"['4i']";"['2-Chloro-benzoic acid (2S,3R)-2-(3,4-dihydroxy-phenyl)-7,8-dihydroxy-chroman-3-yl ester']"
"CHEMBL5397261";"";"";"";"";"367.27";"2";"10";"None";"None";"None";"None";"None";"None";"None";"None";"None";"MOL";"-1";"None";"None";"C18H12N2O2Se";"Cc1nc(-c2ccc(-c3ccccc3)c(C#N)c2)[se]c1C(=O)O";"DJWSKQZSUPNTPC-UHFFFAOYSA-N";"InChI=1S/C18H12N2O2Se/c1-11-16(18(21)22)23-17(20-11)13-7-8-15(14(9-13)10-19)12-5-3-2-4-6-12/h2-9H,1H3,(H,21,22)";"False";"-1";"['90', 'BDBM352035']";"["2-(2-cyano-[1,1'-biphenyl]-4-yl)-4-methyl-1,3-selenazole-5-carboxylic acid", 'US9802907, Compound 14::US9802907, Compound 23::US9802907, Compound 35']"
"CHEMBL3962276";"";"";"Small molecule";"";"377.44";"2";"2";"3.34";"65.64";"4";"1";"0";"4";"N";"0.71";"3";"MOL";"-1";"28";"-1.26";"C22H23N3O3";"COc1ccc(N2CCN(C(=O)c3cc4cc(C(C)=O)ccc4[nH]3)CC2)cc1";"KRGVYBFVCTWSKJ-UHFFFAOYSA-N";"InChI=1S/C22H23N3O3/c1-15(26)16-3-8-20-17(13-16)14-21(23-20)22(27)25-11-9-24(10-12-25)18-4-6-19(28-2)7-5-18/h3-8,13-14,23H,9-12H2,1-2H3";"False";"-1";"['BDBM244069']";"['US9428478, TG6-161']"
"CHEMBL5192179";"";"";"";"";"396.85";"2";"2";"3.69";"78.90";"6";"0";"0";"7";"N";"0.40";"2";"MOL";"-1";"26";"-0.47";"C18H17ClO6S";"CCOC(=O)/C=C/c1ccc(OS(=O)(=O)c2ccc(Cl)cc2)c(OC)c1";"JAXHRHGCXRABNW-VZUCSPMQSA-N";"InChI=1S/C18H17ClO6S/c1-3-24-18(20)11-5-13-4-10-16(17(12-13)23-2)25-26(21,22)15-8-6-14(19)7-9-15/h4-12H,3H2,1-2H3/b11-5+";"False";"-1";"['F7']";"['ethyl 3-(4-(((4-chlorophenyl)sulfonyl)oxy)-3-methoxyphenyl)acrylate']"
"CHEMBL4098091";"";"";"Small molecule";"";"512.52";"2";"2";"4.83";"145.02";"6";"5";"1";"8";"N";"0.15";"5";"MOL";"-1";"38";"0.45";"C29H24N2O7";"COc1ccc(/C=C/C(=O)N[C@H](Cc2c[nH]c3ccccc23)C(=O)O)c2cc(-c3ccc(O)c(O)c3)oc12";"FAUAVDFOIQSSKE-YVWYTEFXSA-N";"InChI=1S/C29H24N2O7/c1-37-25-10-7-16(20-14-26(38-28(20)25)17-6-9-23(32)24(33)13-17)8-11-27(34)31-22(29(35)36)12-18-15-30-21-5-3-2-4-19(18)21/h2-11,13-15,22,30,32-33H,12H2,1H3,(H,31,34)(H,35,36)/b11-8+/t22-/m1/s1";"False";"-1";"['10f']";"['(E)-(3-(2-(3,4-dimethoxyphenyl)-7-methoxybenzofuran-4-yl)acryloyl)-D-tryptophan']"
"CHEMBL5761087";"";"";"";"";"360.29";"2";"6";"4.14";"86.25";"4";"2";"0";"2";"N";"0.72";"3";"MOL";"-1";"26";"-0.48";"C18H11F3N2O3";"Cn1c(C(F)(F)F)cc2c(-c3ccc(C(=O)O)c(O)c3)cc(C#N)cc21";"OUFFVASKHWVJMU-UHFFFAOYSA-N";"InChI=1S/C18H11F3N2O3/c1-23-14-5-9(8-22)4-12(13(14)7-16(23)18(19,20)21)10-2-3-11(17(25)26)15(24)6-10/h2-7,24H,1H3,(H,25,26)";"False";"-1";"['BDBM377694']";"['US10266496, Example 6']"
"CHEMBL5894513";"";"";"";"";"347.25";"2";"6";"4.39";"94.46";"4";"2";"0";"2";"N";"0.72";"3";"MOL";"-1";"25";"-0.18";"C17H8F3NO4";"N#Cc1cc(-c2ccc(C(=O)O)c(O)c2)c2cc(C(F)(F)F)oc2c1";"JVPSTXSVISCDBI-UHFFFAOYSA-N";"InChI=1S/C17H8F3NO4/c18-17(19,20)15-6-12-11(3-8(7-21)4-14(12)25-15)9-1-2-10(16(23)24)13(22)5-9/h1-6,22H,(H,23,24)";"False";"-1";"['BDBM377699']";"['US10266496, Example 25']"
"CHEMBL83530";"";"";"Small molecule";"";"268.27";"2";"4";"0.18";"127.17";"5";"3";"0";"6";"N";"0.39";"1";"MOL";"-1";"19";"-0.59";"C11H16N4O4";"CCCCCOC(=O)C(=O)Nc1[nH]cnc1C(N)=O";"RALWIMPOIBQRFD-UHFFFAOYSA-N";"InChI=1S/C11H16N4O4/c1-2-3-4-5-19-11(18)10(17)15-9-7(8(12)16)13-6-14-9/h6H,2-5H2,1H3,(H2,12,16)(H,13,14)(H,15,17)";"False";"-1";"['1c', '4']";"['N-(5-Carbamoyl-3H-imidazol-4-yl)-oxalamic acid pentyl ester', 'pentyl 2-(4-carbamoyl-1H-imidazol-5-ylamino)-2-oxoacetate']"
"CHEMBL5195975";"";"";"";"";"410.88";"2";"2";"4.08";"78.90";"6";"0";"0";"8";"N";"0.37";"2";"MOL";"-1";"27";"-0.42";"C19H19ClO6S";"CCCOC(=O)/C=C/c1ccc(OS(=O)(=O)c2ccc(Cl)cc2)c(OC)c1";"HMTQIEZPPUOXDZ-VZUCSPMQSA-N";"InChI=1S/C19H19ClO6S/c1-3-12-25-19(21)11-5-14-4-10-17(18(13-14)24-2)26-27(22,23)16-8-6-15(20)7-9-16/h4-11,13H,3,12H2,1-2H3/b11-5+";"False";"-1";"['F8']";"['propyl 3-(4-(((4-chlorophenyl)sulfonyl)oxy)-3-methoxyphenyl)acrylate']"
"CHEMBL1277122";"";"";"Small molecule";"";"332.36";"8";"25";"2.23";"72.68";"5";"1";"0";"3";"N";"0.63";"4";"MOL";"-1";"25";"-1.38";"C19H16N4O2";"Cc1c2c(=O)n(-c3ccccc3)[nH]c2cc(=O)n1Cc1cccnc1";"ISLQXEIRVZXLJA-UHFFFAOYSA-N";"InChI=1S/C19H16N4O2/c1-13-18-16(21-23(19(18)25)15-7-3-2-4-8-15)10-17(24)22(13)12-14-6-5-9-20-11-14/h2-11,21H,12H2,1H3";"False";"-1";"['12', 'PD085944', 'PD085944']";"['4-methyl-2-phenyl-5-(pyridin-3-ylmethyl)-1H-pyrazolo[4,3-c]pyridine-3,6(2H,5H)-dione', 'PD085944', 'PD085944']"
"CHEMBL4081495";"";"";"Small molecule";"";"480.47";"1";"1";"0.43";"175.37";"11";"6";"2";"9";"N";"0.17";"2";"MOL";"-1";"34";"1.24";"C23H28O11";"COc1cc(C(=O)OC[C@H]2O[C@@H](OCCCc3ccc(O)c(O)c3)[C@H](O)[C@@H](O)[C@@H]2O)ccc1O";"OPMMOWGCQYEHCB-ZFVIQDPVSA-N";"InChI=1S/C23H28O11/c1-31-17-10-13(5-7-15(17)25)22(30)33-11-18-19(27)20(28)21(29)23(34-18)32-8-2-3-12-4-6-14(24)16(26)9-12/h4-7,9-10,18-21,23-29H,2-3,8,11H2,1H3/t18-,19-,20+,21-,23-/m1/s1";"False";"-1";"['8']";"["1'-O-beta-D-(3,4-dihydroxyphenyl)-ethyl-6'-O-vanilloylglucopyranoside"]"
"CHEMBL4085672";"";"";"Small molecule";"";"505.48";"3";"9";"3.54";"169.69";"9";"6";"2";"7";"N";"0.12";"4";"MOL";"-1";"37";"0.67";"C27H23NO9";"COC(=O)[C@H](Cc1ccc(O)c(O)c1)NC(=O)/C=C/c1ccc(O)c2oc(-c3ccc(O)c(O)c3)cc12";"YNVSTZBKEPBGBH-YXOJNZSOSA-N";"InChI=1S/C27H23NO9/c1-36-27(35)18(10-14-2-6-19(29)22(32)11-14)28-25(34)9-5-15-3-8-21(31)26-17(15)13-24(37-26)16-4-7-20(30)23(33)12-16/h2-9,11-13,18,29-33H,10H2,1H3,(H,28,34)/b9-5+/t18-/m0/s1";"False";"-1";"['5a', 'BDBM50233754']";"['Methyl (S,E)-3-(3,4-dihydroxyphenyl)-2-(3-(2-(3,4-dihydroxyphenyl)-7-hydroxybenzofuran-4-yl)acrylamido)propanoate', 'CHEMBL4085672::US11021454, Compound 5a']"
"CHEMBL5820267";"";"";"";"";"389.32";"1";"3";"None";"None";"None";"None";"None";"None";"None";"None";"None";"MOL";"-1";"None";"None";"C17H18N4O2Se";"Cc1nc(-c2ccc(N3CCN(C)CC3)c(C#N)c2)[se]c1C(=O)O";"HLFHKDUVCDXMNB-UHFFFAOYSA-N";"InChI=1S/C17H18N4O2Se/c1-11-15(17(22)23)24-16(19-11)12-3-4-14(13(9-12)10-18)21-7-5-20(2)6-8-21/h3-4,9H,5-8H2,1-2H3,(H,22,23)";"False";"-1";"['BDBM352060']";"['US9802907, Compound 45']"
"CHEMBL3902528";"";"";"Small molecule";"";"263.21";"2";"4";"-0.27";"135.28";"5";"5";"0";"2";"N";"0.47";"2";"MOL";"-1";"19";"-0.90";"C11H9N3O5";"O=C(Nc1ccc(O)cc1)c1c(O)[nH]c(=O)[nH]c1=O";"NZECHPRNNQXBHZ-UHFFFAOYSA-N";"InChI=1S/C11H9N3O5/c15-6-3-1-5(2-4-6)12-8(16)7-9(17)13-11(19)14-10(7)18/h1-4,15H,(H,12,16)(H3,13,14,17,18,19)";"False";"-1";"['BDBM241948', '93']";"['US9428466, 4&#39;-hydroxy-2-oxo-desthiomerbarone', '6-hydroxy-N-(4-hydroxyphenyl)-2,4-dioxo-1,2,3,4-tetrahydropyrimidine-5-carboxamide']"
"CHEMBL4162507";"";"";"Small molecule";"";"383.27";"1";"1";"3.93";"72.31";"5";"2";"0";"5";"N";"0.60";"2";"MOL";"-1";"22";"-0.74";"C15H15BrN2O3S";"CC(C)COc1ccc(-c2cc(C(=O)O)nc(S)n2)cc1Br";"XFSYMRXWOSWABY-UHFFFAOYSA-N";"InChI=1S/C15H15BrN2O3S/c1-8(2)7-21-13-4-3-9(5-10(13)16)11-6-12(14(19)20)18-15(22)17-11/h3-6,8H,7H2,1-2H3,(H,19,20)(H,17,18,22)";"False";"-1";"['7b']";"['6-(3-bromo-4-isobutoxyphenyl)-2-mercaptopyrimidine-4-carboxylic acid']"
"CHEMBL314509";"";"";"Small molecule";"";"394.38";"2";"3";"3.41";"116.45";"7";"4";"0";"3";"N";"0.40";"3";"MOL";"-1";"29";"1.45";"C22H18O7";"O=C(O[C@@H]1Cc2ccc(O)c(O)c2O[C@H]1c1ccc(O)c(O)c1)c1ccccc1";"IIKUVEBKROVLLI-QUCCMNQESA-N";"InChI=1S/C22H18O7/c23-15-8-6-13(10-17(15)25)20-18(28-22(27)12-4-2-1-3-5-12)11-14-7-9-16(24)19(26)21(14)29-20/h1-10,18,20,23-26H,11H2/t18-,20+/m1/s1";"False";"-1";"['4h']";"['Benzoic acid (2S,3R)-2-(3,4-dihydroxy-phenyl)-7,8-dihydroxy-chroman-3-yl ester']"
"CHEMBL3742088";"";"";"Small molecule";"";"261.32";"2";"4";"1.03";"58.10";"4";"1";"0";"5";"N";"0.82";"2";"MOL";"-1";"19";"-1.21";"C14H19N3O2";"CN(C)CCCCn1c(=O)[nH]c2ccccc2c1=O";"ONFOGRSZHKLQLO-UHFFFAOYSA-N";"InChI=1S/C14H19N3O2/c1-16(2)9-5-6-10-17-13(18)11-7-3-4-8-12(11)15-14(17)19/h3-4,7-8H,5-6,9-10H2,1-2H3,(H,15,19)";"False";"-1";"['1i']";"['3-(4-(dimethylamino)butyl)quinazoline-2,4(1H,3H)-dione']"
"CHEMBL4647510";"";"";"Unknown";"";"344.40";"1";"1";"2.27";"96.44";"5";"2";"0";"5";"N";"0.55";"3";"MOL";"-1";"24";"-1.27";"C16H16N4O3S";"COc1ccc(S(=O)(=O)N/N=C(\C)c2nc3ccccc3[nH]2)cc1";"OVYIPLPIMZQIBT-YBFXNURJSA-N";"InChI=1S/C16H16N4O3S/c1-11(16-17-14-5-3-4-6-15(14)18-16)19-20-24(21,22)13-9-7-12(23-2)8-10-13/h3-10,20H,1-2H3,(H,17,18)/b19-11+";"False";"-1";"['9n']";"['N-[1-(1H-benzimidazol-2-yl)ethylideneamino]-4-methoxy-benzenesulfonamide']"
"CHEMBL4226535";"";"";"Small molecule";"";"325.28";"1";"1";"3.32";"107.83";"7";"0";"0";"4";"N";"0.31";"3";"MOL";"-1";"24";"-1.28";"C16H11N3O5";"C/C(=N\OC(=O)c1ccc([N+](=O)[O-])cc1)c1nc2ccccc2o1";"HSKLWHWWIOKODA-VCHYOVAHSA-N";"InChI=1S/C16H11N3O5/c1-10(15-17-13-4-2-3-5-14(13)23-15)18-24-16(20)11-6-8-12(9-7-11)19(21)22/h2-9H,1H3/b18-10+";"False";"-1";"['7g']";"['(E)-1-(Benzo[d]oxazol-2-yl)ethanone O-(4-nitrobenzoyl)oxime']"
"CHEMBL4075318";"";"";"Small molecule";"";"252.24";"1";"2";"0.96";"91.73";"5";"2";"0";"1";"N";"0.53";"4";"MOL";"-1";"19";"-1.76";"C12H8N6O";"O=c1[nH]c2[nH]ncc2c2nc(-c3ccccc3)nn12";"FLRAUIPYSJIJNW-UHFFFAOYSA-N";"InChI=1S/C12H8N6O/c19-12-15-10-8(6-13-16-10)11-14-9(17-18(11)12)7-4-2-1-3-5-7/h1-6H,(H2,13,15,16,19)";"False";"-1";"['227']";"['2-phenyl-6,7-dihydro-5H-pyrazolo[4,3-e][1,2,4]triazolo[1,5-c]pyrimidin-5-one']"
"CHEMBL4082526";"";"";"Small molecule";"";"505.48";"2";"2";"3.76";"169.69";"8";"6";"2";"8";"N";"0.15";"4";"MOL";"-1";"37";"0.57";"C27H23NO9";"COc1ccc(/C=C/C(=O)N[C@H](Cc2ccc(O)c(O)c2)C(=O)O)c2cc(-c3ccc(O)c(O)c3)oc12";"YMZVXZMLBDMWGA-QKYXPGDISA-N";"InChI=1S/C27H23NO9/c1-36-23-8-4-15(17-13-24(37-26(17)23)16-3-7-20(30)22(32)12-16)5-9-25(33)28-18(27(34)35)10-14-2-6-19(29)21(31)11-14/h2-9,11-13,18,29-32H,10H2,1H3,(H,28,33)(H,34,35)/b9-5+/t18-/m1/s1";"False";"-1";"['10b']";"['(R,E)-3-(3,4-dihydroxyphenyl)-2-(3-(2-(3,4-dimethoxyphenyl)-7-methoxybenzofuran-4-yl)acrylamido)propanoicacid']"
"CHEMBL4071391";"";"";"Small molecule";"";"491.45";"3";"10";"3.45";"180.69";"8";"7";"1";"7";"N";"0.15";"4";"MOL";"-1";"36";"0.71";"C26H21NO9";"O=C(/C=C/c1ccc(O)c2oc(-c3ccc(O)c(O)c3)cc12)N[C@H](Cc1ccc(O)c(O)c1)C(=O)O";"XPOIVNVEXHJMNH-IOMDMTNGSA-N";"InChI=1S/C26H21NO9/c28-18-5-1-13(10-21(18)31)9-17(26(34)35)27-24(33)8-4-14-2-7-20(30)25-16(14)12-23(36-25)15-3-6-19(29)22(32)11-15/h1-8,10-12,17,28-32H,9H2,(H,27,33)(H,34,35)/b8-4+/t17-/m1/s1";"False";"-1";"['6b', 'BDBM50233815']";"['(R,E)-3-(3,4-dihydroxyphenyl)-2-(3-(2-(3,4-dihydroxyphenyl)-7-hydroxybenzofuran-4-yl)acrylamido)propanoic acid', 'CHEMBL4071391::US11021454, Compound 6b']"
"CHEMBL5187769";"";"";"";"";"343.35";"1";"1";"2.76";"107.45";"5";"2";"0";"4";"N";"0.59";"4";"MOL";"-1";"26";"-1.18";"C19H13N5O2";"N#Cc1cc(-c2ncc3c(=O)[nH][nH]c3n2)ccc1OCc1ccccc1";"CHCYCFNTBPIVQM-UHFFFAOYSA-N";"InChI=1S/C19H13N5O2/c20-9-14-8-13(17-21-10-15-18(22-17)23-24-19(15)25)6-7-16(14)26-11-12-4-2-1-3-5-12/h1-8,10H,11H2,(H2,21,22,23,24,25)";"False";"-1";"['19e']";"['6-(4-benzyloxy-3-cyanophenyl)-1,2-dihydro-3H-pyrazolo[3,4-d]pyrimidin-3-one']"
"CHEMBL4079261";"";"";"Small molecule";"";"204.19";"1";"2";"-0.14";"91.73";"5";"2";"0";"1";"N";"0.58";"3";"MOL";"-1";"15";"-1.93";"C8H8N6O";"CCc1nc2c3cn[nH]c3[nH]c(=O)n2n1";"FXXAKKBEJIXYHI-UHFFFAOYSA-N";"InChI=1S/C8H8N6O/c1-2-5-10-7-4-3-9-12-6(4)11-8(15)14(7)13-5/h3H,2H2,1H3,(H2,9,11,12,15)";"False";"-1";"['223']";"['2-ethyl-6,7-dihydro-5H-pyrazolo[4,3-e][1,2,4]triazolo[1,5-c]pyrimidin-5-one']"
"CHEMBL3824333";"";"";"Small molecule";"";"331.31";"5";"17";"3.03";"102.06";"6";"2";"0";"7";"N";"0.26";"1";"MOL";"-1";"22";"0.26";"C14H22NO6P";"CCOP(=O)(OCC)C(C)(C)/[N+]([O-])=C/c1cc(O)cc(O)c1";"OIJMQACDKVGORA-GDNBJRDFSA-N";"InChI=1S/C14H22NO6P/c1-5-20-22(19,21-6-2)14(3,4)15(18)10-11-7-12(16)9-13(17)8-11/h7-10,16-17H,5-6H2,1-4H3/b15-10-";"False";"-1";"['4e']";"['2-(Diethoxyphosphoryl)-N-(3,5-dihydroxybenzylidene)propan-2-amine oxide']"
"CHEMBL3823412";"";"";"Small molecule";"";"347.30";"5";"19";"2.73";"122.29";"7";"3";"0";"7";"N";"0.17";"1";"MOL";"-1";"23";"0.36";"C14H22NO7P";"CCOP(=O)(OCC)C(C)(C)/[N+]([O-])=C/c1cc(O)c(O)c(O)c1";"SWLZMVTYJKNNAR-DHDCSXOGSA-N";"InChI=1S/C14H22NO7P/c1-5-21-23(20,22-6-2)14(3,4)15(19)9-10-7-11(16)13(18)12(17)8-10/h7-9,16-18H,5-6H2,1-4H3/b15-9-";"False";"-1";"['4g']";"['2-(Diethoxyphosphoryl)-N-(3,4,5-trihydroxybenzylidene)propan-2-amine oxide']"
"CHEMBL5558910";"";"";"";"";"340.77";"2";"2";"4.55";"82.45";"4";"3";"0";"4";"N";"0.65";"3";"MOL";"-1";"24";"-0.83";"C18H13ClN2O3";"O=C(O)c1ccc(-c2cncc(Nc3ccc(Cl)cc3)c2)cc1O";"LLVKXIGPGHPNCY-UHFFFAOYSA-N";"InChI=1S/C18H13ClN2O3/c19-13-2-4-14(5-3-13)21-15-7-12(9-20-10-15)11-1-6-16(18(23)24)17(22)8-11/h1-10,21-22H,(H,23,24)";"False";"-1";"['II10']";"['4-(5-((4-Chlorophenyl)amino)pyridin-3-yl)-2-hydroxybenzoic acid']"
"CHEMBL5562818";"";"";"";"";"320.35";"2";"2";"4.20";"82.45";"4";"3";"0";"4";"N";"0.67";"3";"MOL";"-1";"24";"-0.71";"C19H16N2O3";"Cc1ccc(Nc2cncc(-c3ccc(C(=O)O)c(O)c3)c2)cc1";"UEUDKBQPPOSARU-UHFFFAOYSA-N";"InChI=1S/C19H16N2O3/c1-12-2-5-15(6-3-12)21-16-8-14(10-20-11-16)13-4-7-17(19(23)24)18(22)9-13/h2-11,21-22H,1H3,(H,23,24)";"False";"-1";"['II11']";"['2-Hydroxy-4-(5-(p-tolylamino)pyridin-3-yl)benzoic acid']"
"CHEMBL5542241";"";"";"";"";"307.31";"3";"4";"3.94";"79.65";"4";"2";"0";"4";"N";"0.76";"3";"MOL";"-1";"23";"-0.39";"C18H13NO4";"O=C(O)c1ccc(-c2cncc(Oc3ccccc3)c2)cc1O";"QCEGCKHNSSSETG-UHFFFAOYSA-N";"InChI=1S/C18H13NO4/c20-17-9-12(6-7-16(17)18(21)22)13-8-15(11-19-10-13)23-14-4-2-1-3-5-14/h1-11,20H,(H,21,22)";"False";"-1";"['II1']";"['2-Hydroxy-4-(5-phenoxypyridin-3-yl)benzoic acid']"
"CHEMBL3739975";"";"";"Small molecule";"";"211.22";"2";"5";"0.91";"63.81";"4";"2";"0";"0";"N";"0.50";"2";"MOL";"-1";"14";"-1.77";"C8H6FN3OS";"Nn1c(=S)[nH]c2ccc(F)cc2c1=O";"QZGJZKXUCAOZAA-UHFFFAOYSA-N";"InChI=1S/C8H6FN3OS/c9-4-1-2-6-5(3-4)7(13)12(10)8(14)11-6/h1-3H,10H2,(H,11,14)";"False";"-1";"['3f']";"['3-amino-6-fluoro-2-thioxo-2,3-dihydroquinazolin-4(1H)-one']"
"CHEMBL2420124";"";"";"Small molecule";"";"388.82";"2";"4";"2.31";"111.03";"8";"2";"0";"7";"N";"0.47";"3";"MOL";"-1";"27";"-1.96";"C17H17ClN6O3";"CCOC(=O)Cn1ncc2c(Nc3ccc(NC(=O)CCl)cc3)ncnc21";"HVQCLEOGNATTMM-UHFFFAOYSA-N";"InChI=1S/C17H17ClN6O3/c1-2-27-15(26)9-24-17-13(8-21-24)16(19-10-20-17)23-12-5-3-11(4-6-12)22-14(25)7-18/h3-6,8,10H,2,7,9H2,1H3,(H,22,25)(H,19,20,23)";"False";"-1";"['5e', '89']";"['Ethyl 2-(4-((4-(2-chloroacetamido)phenyl)amino)-1Hpyrazolo[3,4-d]pyrimidin-1-yl)acetate', 'ethyl 2-(4-((4-(2-chloroacetamido)phenyl)amino)-1H-pyrazolo[3,4-d]pyrimidin-1-yl)acetate']"
"CHEMBL5590748";"";"";"";"";"311.34";"2";"2";"3.66";"90.55";"4";"2";"0";"5";"N";"0.88";"2";"MOL";"-1";"23";"-0.43";"C18H17NO4";"CC(C)COc1ccc(-c2ccc(C(=O)O)c(O)c2)cc1C#N";"OVQODKWBAMSPAQ-UHFFFAOYSA-N";"InChI=1S/C18H17NO4/c1-11(2)10-23-17-6-4-12(7-14(17)9-19)13-3-5-15(18(21)22)16(20)8-13/h3-8,11,20H,10H2,1-2H3,(H,21,22)";"False";"-1";"['8']";"["3'-Cyano-3-hydroxy-4'-isobutoxy-[1,1'-biphenyl]-4-carboxylic Acid"]"
"CHEMBL5399119";"";"";"";"";"252.28";"1";"1";"2.54";"63.69";"4";"1";"0";"3";"N";"0.78";"3";"MOL";"-1";"19";"-1.25";"C14H12N4O";"COc1ccc(-c2ccc(-c3nnn[nH]3)cc2)cc1";"LYNDBUPSFWRMGW-UHFFFAOYSA-N";"InChI=1S/C14H12N4O/c1-19-13-8-6-11(7-9-13)10-2-4-12(5-3-10)14-15-17-18-16-14/h2-9H,1H3,(H,15,16,17,18)";"False";"-1";"['IIb']";"["5-(4'-(methoxy)-[1,1'-biphenyl]-4-yl)-1H-tetrazole"]"
"CHEMBL3594373";"";"";"Small molecule";"";"328.28";"2";"2";"2.33";"117.20";"6";"3";"0";"4";"N";"0.67";"3";"MOL";"-1";"24";"0.79";"C17H12O7";"O=C(O)COc1cc(O)c2c(=O)cc(-c3ccc(O)cc3)oc2c1";"CMGRYZUEGLDACO-UHFFFAOYSA-N";"InChI=1S/C17H12O7/c18-10-3-1-9(2-4-10)14-7-13(20)17-12(19)5-11(6-15(17)24-14)23-8-16(21)22/h1-7,18-19H,8H2,(H,21,22)";"False";"-1";"['3a']";"['2-(5-hydroxy-2-(4-hydroxyphenyl)-4-oxo-4H-chromen-7-yloxy)acetic acid']"
"CHEMBL4083271";"";"";"Small molecule";"";"505.48";"2";"2";"3.76";"169.69";"8";"6";"2";"8";"N";"0.15";"4";"MOL";"-1";"37";"0.57";"C27H23NO9";"COc1ccc(/C=C/C(=O)N[C@@H](Cc2ccc(O)c(O)c2)C(=O)O)c2cc(-c3ccc(O)c(O)c3)oc12";"YMZVXZMLBDMWGA-YXOJNZSOSA-N";"InChI=1S/C27H23NO9/c1-36-23-8-4-15(17-13-24(37-26(17)23)16-3-7-20(30)22(32)12-16)5-9-25(33)28-18(27(34)35)10-14-2-6-19(29)21(31)11-14/h2-9,11-13,18,29-32H,10H2,1H3,(H,28,33)(H,34,35)/b9-5+/t18-/m0/s1";"False";"-1";"['10a']";"['(S,E)-3-(3,4-dihydroxyphenyl)-2-(3-(2-(3,4-dimethoxyphenyl)-7-methoxybenzofuran-4-yl)acrylamido)propanoicacid']"
"CHEMBL4226015";"";"";"Small molecule";"";"359.18";"1";"1";"4.17";"64.69";"5";"0";"0";"3";"N";"0.40";"3";"MOL";"-1";"22";"-1.06";"C16H11BrN2O3";"C/C(=N\OC(=O)c1ccc(Br)cc1)c1nc2ccccc2o1";"JNDKXRBBCIYVNS-VXLYETTFSA-N";"InChI=1S/C16H11BrN2O3/c1-10(15-18-13-4-2-3-5-14(13)21-15)19-22-16(20)11-6-8-12(17)9-7-11/h2-9H,1H3/b19-10+";"False";"-1";"['7c']";"['(E)-1-(Benzo[d]oxazol-2-yl)ethanone O-(4-bromobenzoyl)oxime']"
"CHEMBL4227343";"";"";"Small molecule";"";"286.72";"1";"1";"3.90";"58.62";"4";"1";"0";"3";"N";"0.45";"3";"MOL";"-1";"20";"-1.09";"C15H11ClN2O2";"O/N=C(\Cc1ccccc1)c1nc2cc(Cl)ccc2o1";"ZXKOQSKENGIXCM-QGOAFFKASA-N";"InChI=1S/C15H11ClN2O2/c16-11-6-7-14-12(9-11)17-15(20-14)13(18-19)8-10-4-2-1-3-5-10/h1-7,9,19H,8H2/b18-13+";"False";"-1";"['5g']";"['(E)-1-(5-Chlorobenzo[d]oxazol-2-yl)-2-phenylethanone oxime']"
"CHEMBL4648929";"";"";"Unknown";"";"251.67";"1";"1";"2.07";"67.34";"4";"1";"0";"3";"N";"0.39";"2";"MOL";"-1";"17";"-1.01";"C11H10ClN3O2";"C/C(=N\OC(=O)CCl)c1nc2ccccc2[nH]1";"PJGMRMCPWWZULK-VIZOYTHASA-N";"InChI=1S/C11H10ClN3O2/c1-7(15-17-10(16)6-12)11-13-8-4-2-3-5-9(8)14-11/h2-5H,6H2,1H3,(H,13,14)/b15-7+";"False";"-1";"['5b']";"['[1-(1H-benzimidazol-2-yl)ethylideneamino]-2-chloroacetate']"
"CHEMBL4162849";"";"";"Small molecule";"";"329.38";"1";"2";"3.04";"96.10";"6";"2";"0";"5";"N";"0.65";"2";"MOL";"-1";"23";"-1.07";"C16H15N3O3S";"CC(C)COc1ccc(-c2cc(C(=O)O)nc(S)n2)cc1C#N";"URJCULMRCDMTEW-UHFFFAOYSA-N";"InChI=1S/C16H15N3O3S/c1-9(2)8-22-14-4-3-10(5-11(14)7-17)12-6-13(15(20)21)19-16(23)18-12/h3-6,9H,8H2,1-2H3,(H,20,21)(H,18,19,23)";"False";"-1";"['9b']";"['6-(3-cyano-4-isobutoxyphenyl)-2-mercaptopyrimidine-4-carboxylic acid']"
"CHEMBL3127116";"";"";"Small molecule";"";"389.76";"5";"11";"3.11";"90.23";"5";"2";"0";"4";"N";"0.84";"2";"MOL";"-1";"26";"-0.63";"C16H15ClF3N3O3";"Nc1nc(-c2ccc(OCC3CCOC3)c(C(F)(F)F)c2)c(Cl)c(=O)[nH]1";"CMUSWEIFTDZTPG-UHFFFAOYSA-N";"InChI=1S/C16H15ClF3N3O3/c17-12-13(22-15(21)23-14(12)24)9-1-2-11(10(5-9)16(18,19)20)26-7-8-3-4-25-6-8/h1-2,5,8H,3-4,6-7H2,(H3,21,22,23,24)";"False";"-1";"['40']";"['2-amino-5-chloro-6-(4-((tetrahydrofuran-3-yl)methoxy)-3-(trifluoromethyl)phenyl)pyrimidin-4(3H)-one']"
"CHEMBL3746991";"";"";"Small molecule";"";"272.24";"3";"3";"1.20";"104.63";"4";"3";"0";"2";"N";"0.61";"3";"MOL";"-1";"20";"-0.75";"C13H9FN4O2";"Nc1nc2c(C(=O)c3ccc(F)cc3)c[nH]c2c(=O)[nH]1";"ZLGUYWJOBCGRCJ-UHFFFAOYSA-N";"InChI=1S/C13H9FN4O2/c14-7-3-1-6(2-4-7)11(19)8-5-16-10-9(8)17-13(15)18-12(10)20/h1-5,16H,(H3,15,17,18,20)";"False";"-1";"['LSPN441']";"['2-Amino-3H,5H-7-(4-fluorbenzoyl)pyrrolo[3,2-d]pyrimidin-4-one']"
"CHEMBL5197734";"";"";"";"";"537.06";"1";"1";"6.03";"64.68";"4";"1";"2";"4";"N";"0.48";"2";"MOL";"-1";"26";"-1.37";"C17H10Br2Cl2N2O2S";"NC1=NC(=O)/C(=C/c2cc(Br)cc(Br)c2OCc2ccc(Cl)cc2Cl)S1";"HVSMXASAJQNPNL-CPSFFCFKSA-N";"InChI=1S/C17H10Br2Cl2N2O2S/c18-10-3-9(4-14-16(24)23-17(22)26-14)15(12(19)5-10)25-7-8-1-2-11(20)6-13(8)21/h1-6H,7H2,(H2,22,23,24)/b14-4-";"False";"-1";"['XO-25']";"['(Z)-2-amino-5-(3,5-dibromo-2-((2,4-dichlorobenzyl)oxy)benzylidene)thiazol-4(5H)-one']"
"CHEMBL2205496";"";"";"Small molecule";"";"261.35";"1";"1";"2.93";"72.03";"5";"2";"0";"3";"N";"0.83";"2";"MOL";"-1";"18";"-1.38";"C13H15N3OS";"CC(C)Sc1ccc(-c2cc(O)nc(N)n2)cc1";"LRGIVOPTQMVBIK-UHFFFAOYSA-N";"InChI=1S/C13H15N3OS/c1-8(2)18-10-5-3-9(4-6-10)11-7-12(17)16-13(14)15-11/h3-8H,1-2H3,(H3,14,15,16,17)";"False";"-1";"['5']";"['2-amino-6-(4-(isopropylthio)phenyl)pyrimidin-4-ol']"
"CHEMBL5558826";"";"";"";"";"306.32";"2";"2";"3.90";"82.45";"4";"3";"0";"4";"N";"0.68";"3";"MOL";"-1";"23";"-0.62";"C18H14N2O3";"O=C(O)c1ccc(-c2cncc(Nc3ccccc3)c2)cc1O";"CTQXQTVRAJOIOI-UHFFFAOYSA-N";"InChI=1S/C18H14N2O3/c21-17-9-12(6-7-16(17)18(22)23)13-8-15(11-19-10-13)20-14-4-2-1-3-5-14/h1-11,20-21H,(H,22,23)";"False";"-1";"['II8']";"['2-Hydroxy-4-(5-(phenylamino)pyridin-3-yl)benzoic acid']"
"CHEMBL5562468";"";"";"";"";"324.31";"2";"2";"4.04";"82.45";"4";"3";"0";"4";"N";"0.67";"3";"MOL";"-1";"24";"-0.92";"C18H13FN2O3";"O=C(O)c1ccc(-c2cncc(Nc3ccc(F)cc3)c2)cc1O";"SAISKAQAHVDKHA-UHFFFAOYSA-N";"InChI=1S/C18H13FN2O3/c19-13-2-4-14(5-3-13)21-15-7-12(9-20-10-15)11-1-6-16(18(23)24)17(22)8-11/h1-10,21-22H,(H,23,24)";"False";"-1";"['II9']";"['4-(5-((4-Fluorophenyl)amino)pyridin-3-yl)-2-hydroxybenzoic acid']"
"CHEMBL5199185";"";"";"";"";"361.34";"1";"1";"2.90";"107.45";"5";"2";"0";"4";"N";"0.58";"4";"MOL";"-1";"27";"-1.41";"C19H12FN5O2";"N#Cc1cc(-c2ncc3c(=O)[nH][nH]c3n2)ccc1OCc1ccc(F)cc1";"UABMZLIEFNCTHU-UHFFFAOYSA-N";"InChI=1S/C19H12FN5O2/c20-14-4-1-11(2-5-14)10-27-16-6-3-12(7-13(16)8-21)17-22-9-15-18(23-17)24-25-19(15)26/h1-7,9H,10H2,(H2,22,23,24,25,26)";"False";"-1";"['19f']";"['6-[3-cyano-4-(4-fluorobenzyloxy)phenyl]-1,2-dihydro-3H-pyrazolo[3,4-d]pyrimidin-3-one']"
"CHEMBL4160564";"";"";"Small molecule";"";"315.35";"1";"1";"2.79";"96.10";"6";"2";"0";"4";"N";"0.67";"2";"MOL";"-1";"22";"-1.17";"C15H13N3O3S";"CC(C)Oc1ccc(-c2cc(C(=O)O)nc(S)n2)cc1C#N";"XIOVSVUPYZILGM-UHFFFAOYSA-N";"InChI=1S/C15H13N3O3S/c1-8(2)21-13-4-3-9(5-10(13)7-16)11-6-12(14(19)20)18-15(22)17-11/h3-6,8H,1-2H3,(H,19,20)(H,17,18,22)";"False";"-1";"['9a']";"['6-(3-cyano-4-isopropoxyphenyl)-2-mercaptopyrimidine-4-carboxylic acid']"
"CHEMBL5922438";"";"";"";"";"315.25";"1";"3";"-1.00";"158.65";"8";"4";"0";"3";"N";"0.48";"3";"MOL";"-1";"23";"-2.41";"C12H9N7O4";"O=C(Nc1ccc(-n2cnnn2)cc1)c1c(O)[nH]c(=O)[nH]c1=O";"LJRKESKWUXHWNZ-UHFFFAOYSA-N";"InChI=1S/C12H9N7O4/c20-9(8-10(21)15-12(23)16-11(8)22)14-6-1-3-7(4-2-6)19-5-13-17-18-19/h1-5H,(H,14,20)(H3,15,16,21,22,23)";"False";"-1";"['BDBM289114']";"['N-(4-(1H-tetrazol-1-yl)phenyl)-6-hydroxy-2,4-dioxo-1,2,3,4-tetrahydropyrimidine-5-carboxamide::US10093658, Compound Formula (IIc)']"
"CHEMBL4090366";"";"";"Small molecule";"";"473.48";"2";"2";"4.34";"129.23";"6";"4";"0";"8";"N";"0.22";"4";"MOL";"-1";"35";"0.49";"C27H23NO7";"COc1ccc(/C=C/C(=O)N[C@@H](Cc2ccccc2)C(=O)O)c2cc(-c3ccc(O)c(O)c3)oc12";"WKQDSTMPZZPFIF-JTPHSUOKSA-N";"InChI=1S/C27H23NO7/c1-34-23-11-8-17(19-15-24(35-26(19)23)18-7-10-21(29)22(30)14-18)9-12-25(31)28-20(27(32)33)13-16-5-3-2-4-6-16/h2-12,14-15,20,29-30H,13H2,1H3,(H,28,31)(H,32,33)/b12-9+/t20-/m0/s1";"False";"-1";"['10d']";"['(E)-(3-(2-(3,4-dimethoxyphenyl)-7-methoxybenzofuran-4-yl)acryloyl)-L-phenylalanine']"
"CHEMBL2420118";"";"";"Small molecule";"";"240.65";"2";"3";"1.04";"69.90";"6";"0";"0";"3";"N";"0.59";"2";"MOL";"-1";"16";"-2.03";"C9H9ClN4O2";"CCOC(=O)Cn1ncc2c(Cl)ncnc21";"GRTCLMKNXSZAFA-UHFFFAOYSA-N";"InChI=1S/C9H9ClN4O2/c1-2-16-7(15)4-14-9-6(3-13-14)8(10)11-5-12-9/h3,5H,2,4H2,1H3";"False";"-1";"['3']";"['Ethyl 2-(4-chloro-1H-pyrazolo[3,4-d]pyrimidin-1-yl)acetate']"
"CHEMBL4088768";"";"";"Small molecule";"";"297.23";"1";"2";"0.87";"134.87";"7";"2";"0";"2";"N";"0.42";"4";"MOL";"-1";"22";"-1.96";"C12H7N7O3";"O=c1[nH]c2[nH]ncc2c2nc(-c3ccc([N+](=O)[O-])cc3)nn12";"WNWIJUYZANVVGZ-UHFFFAOYSA-N";"InChI=1S/C12H7N7O3/c20-12-15-10-8(5-13-16-10)11-14-9(17-18(11)12)6-1-3-7(4-2-6)19(21)22/h1-5H,(H2,13,15,16,20)";"False";"-1";"['237']";"['2-(4-nitrophenyl)-6,7-dihydro-5H-pyrazolo[4,3-e][1,2,4]triazolo[1,5-c]pyrimidin-5-one']"
"CHEMBL3930500";"";"";"Small molecule";"";"391.47";"2";"2";"3.73";"65.64";"4";"1";"0";"5";"N";"0.67";"3";"MOL";"-1";"29";"-1.42";"C23H25N3O3";"CCOc1ccc(N2CCN(C(=O)c3cc4cc(C(C)=O)ccc4[nH]3)CC2)cc1";"QCBHXRQPTVTAQI-UHFFFAOYSA-N";"InChI=1S/C23H25N3O3/c1-3-29-20-7-5-19(6-8-20)25-10-12-26(13-11-25)23(28)22-15-18-14-17(16(2)27)4-9-21(18)24-22/h4-9,14-15,24H,3,10-13H2,1-2H3";"False";"-1";"['BDBM244087']";"['US9428478, TG6-238']"
"CHEMBL5807979";"";"";"";"";"314.26";"1";"3";"-0.19";"156.62";"6";"5";"0";"3";"N";"0.45";"3";"MOL";"-1";"23";"-1.39";"C13H10N6O4";"O=C(Nc1ccc(-c2nnc[nH]2)cc1)c1c(O)[nH]c(=O)[nH]c1=O";"USLAZNNPTSVNMV-UHFFFAOYSA-N";"InChI=1S/C13H10N6O4/c20-10(8-11(21)17-13(23)18-12(8)22)16-7-3-1-6(2-4-7)9-14-5-15-19-9/h1-5H,(H,16,20)(H,14,15,19)(H3,17,18,21,22,23)";"False";"-1";"['BDBM522179']";"['US11161835, Compound Formula (Ib)']"
"CHEMBL6051957";"";"";"";"";"313.28";"1";"3";"-0.32";"162.41";"6";"5";"0";"3";"N";"0.44";"3";"MOL";"-1";"23";"-1.21";"C13H11N7O3";"Nc1[nH]c(=O)[nH]c(=O)c1NC(=O)c1ccc(-c2cnn[nH]2)cc1";"PJMHUMLKPOXMCC-UHFFFAOYSA-N";"InChI=1S/C13H11N7O3/c14-10-9(12(22)18-13(23)17-10)16-11(21)7-3-1-6(2-4-7)8-5-15-20-19-8/h1-5H,(H,16,21)(H,15,19,20)(H4,14,17,18,22,23)";"False";"-1";"['BDBM524209']";"['US11168075, Compound Formula (Il)']"
"CHEMBL5887844";"";"";"";"";"338.33";"1";"3";"0.49";"126.28";"8";"3";"0";"3";"N";"0.50";"4";"MOL";"-1";"25";"-1.13";"C15H14N8O2";"Cn1c(=O)c2c(Nc3ccc(-c4cnn[nH]4)cc3)n[nH]c2n(C)c1=O";"UKWPICCASHUETC-UHFFFAOYSA-N";"InChI=1S/C15H14N8O2/c1-22-13-11(14(24)23(2)15(22)25)12(19-20-13)17-9-5-3-8(4-6-9)10-7-16-21-18-10/h3-7H,1-2H3,(H,16,18,21)(H2,17,19,20)";"False";"-1";"['BDBM524229']";"['US11168075, Compound Formula (VIc)']"
"CHEMBL5991322";"";"";"";"";"378.80";"1";"3";"1.89";"136.65";"7";"4";"0";"4";"N";"0.40";"3";"MOL";"-1";"25";"-1.99";"C14H11ClN6O3S";"CSc1nc(O)c(C(=O)Nc2ccc(-c3c[nH]nn3)c(Cl)c2)c(=O)[nH]1";"OEDOMTOWZKZQEG-UHFFFAOYSA-N";"InChI=1S/C14H11ClN6O3S/c1-25-14-18-12(23)10(13(24)19-14)11(22)17-6-2-3-7(8(15)4-6)9-5-16-21-20-9/h2-5H,1H3,(H,17,22)(H,16,20,21)(H2,18,19,23,24)";"False";"-1";"['BDBM499678']";"['US11020397, Compound Formula-(II2)']"
"CHEMBL5750121";"";"";"";"";"321.28";"1";"3";"-0.74";"169.51";"8";"5";"0";"3";"N";"0.42";"3";"MOL";"-1";"22";"-1.68";"C10H7N7O4S";"O=C(Nc1ncc(-c2c[nH]nn2)s1)c1c(O)[nH]c(=O)[nH]c1=O";"UAVQXZMLHHAJPW-UHFFFAOYSA-N";"InChI=1S/C10H7N7O4S/c18-6-5(7(19)14-9(21)13-6)8(20)15-10-11-2-4(22-10)3-1-12-17-16-3/h1-2H,(H,11,15,20)(H,12,16,17)(H3,13,14,18,19,21)";"False";"-1";"['BDBM499669']";"['US11020397, Compound Formula-(Io)']"
"CHEMBL5815550";"";"";"";"";"463.40";"1";"3";"2.80";"149.54";"8";"4";"0";"4";"N";"0.27";"4";"MOL";"-1";"32";"-1.51";"C18H12F3N7O3S";"CSc1nc(O)c(C(=O)Nc2ccc3nc(-c4c[nH]nn4)ccc3c2C(F)(F)F)c(=O)[nH]1";"FCZFKECZHPBYHI-UHFFFAOYSA-N";"InChI=1S/C18H12F3N7O3S/c1-32-17-25-15(30)12(16(31)26-17)14(29)24-10-5-4-8-7(13(10)18(19,20)21)2-3-9(23-8)11-6-22-28-27-11/h2-6H,1H3,(H,24,29)(H,22,27,28)(H2,25,26,30,31)";"False";"-1";"['BDBM499687']";"['US11020397, Compound Formula-(II11)']"
"CHEMBL5438064";"";"";"";"";"342.36";"2";"2";"1.96";"111.72";"8";"1";"0";"5";"N";"0.75";"3";"MOL";"-1";"25";"-2.03";"C16H18N6O3";"O=c1[nH]c(-c2ccc(OCC3CCCCC3)c(-n3cnnn3)c2)no1";"DFADGCQBDRSMSN-UHFFFAOYSA-N";"InChI=1S/C16H18N6O3/c23-16-18-15(19-25-16)12-6-7-14(13(8-12)22-10-17-20-21-22)24-9-11-4-2-1-3-5-11/h6-8,10-11H,1-5,9H2,(H,18,19,23)";"False";"-1";"['19', '19']";"['3-(4-(cyclohexylmethoxy)-3-(1H-tetrazol-1-yl)phenyl)-1,2,4-oxadiazol-5(4H)-one', '3-(4-(cyclohexylmethoxy)-3-(1H-tetrazol-1-yl)phenyl)-1,2,4-oxadiazol-5(4H)-one']"
"CHEMBL1761211";"";"";"Small molecule";"";"338.41";"2";"4";"2.62";"54.71";"5";"1";"0";"5";"N";"0.57";"3";"MOL";"-1";"25";"-0.56";"C20H22N2O3";"O=c1c2ccccc2oc2cc(OCCCN3CCNCC3)ccc12";"ZXIREPCEDVNLTK-UHFFFAOYSA-N";"InChI=1S/C20H22N2O3/c23-20-16-4-1-2-5-18(16)25-19-14-15(6-7-17(19)20)24-13-3-10-22-11-8-21-9-12-22/h1-2,4-7,14,21H,3,8-13H2";"False";"-1";"['5']";"['3-[3-(Piperazino)-propoxy]xanthone']"
"CHEMBL5594434";"";"";"";"";"567.53";"1";"1";"4.51";"94.32";"10";"2";"1";"7";"N";"0.41";"3";"MOL";"-1";"34";"-0.47";"C23H27BrN4O4S2";"CCn1c(O)c(C(c2ccc(Br)cc2)c2c(O)n(CC)c(=S)n(CC)c2=O)c(=O)n(CC)c1=S";"YLVYQZNWDHZGMS-UHFFFAOYSA-N";"InChI=1S/C23H27BrN4O4S2/c1-5-25-18(29)16(19(30)26(6-2)22(25)33)15(13-9-11-14(24)12-10-13)17-20(31)27(7-3)23(34)28(8-4)21(17)32/h9-12,15,29,31H,5-8H2,1-4H3";"False";"-1";"['106']";"["5,5'-((4-Bromophenyl)methylene)bis(1,3-diethyl-6-hydroxy-2-thioxo-2,3-dihydropyrimidin-4(1H)-one)"]"
"CHEMBL1765797";"MERBARONE";"";"Small molecule";"";"263.28";"13";"50";"-0.23";"87.30";"4";"3";"0";"2";"N";"0.51";"1";"MOL";"-1";"18";"-1.26";"C11H9N3O3S";"O=C1NC(=S)NC(=O)C1C(=O)Nc1ccccc1";"JARCFMKMOFFIGZ-UHFFFAOYSA-N";"InChI=1S/C11H9N3O3S/c15-8(12-6-4-2-1-3-5-6)7-9(16)13-11(18)14-10(7)17/h1-5,7H,(H,12,15)(H2,13,14,16,17,18)";"False";"-1";"['Merb', 'Merbarone', 'MERBARONE', 'Merbarone', 'Merbarone', 'MERBARONE', 'BDBM241949', 'RLBN1001', 'Merbarone', 'merbarone', 'merbarone', 'merbarone']";"['Merbarone', 'Merbarone', 'MERBARONE', 'Merbarone', 'Merbarone', 'MERBARONE', 'US9428466, Merbarone', 'Merbarone', '6-hydroxy-4-oxo-N-phenyl-2-thioxo-1H-pyrimidine-5-carboxamide', 'merbarone', 'merbarone', 'merbarone']"
"CHEMBL4224890";"";"";"Small molecule";"";"304.71";"1";"1";"4.04";"58.62";"4";"1";"0";"3";"N";"0.45";"3";"MOL";"-1";"21";"-1.43";"C15H10ClFN2O2";"O/N=C(\Cc1ccc(F)cc1)c1nc2ccc(Cl)cc2o1";"GFJMRBBIGBXGDK-CPNJWEJPSA-N";"InChI=1S/C15H10ClFN2O2/c16-10-3-6-12-14(8-10)21-15(18-12)13(19-20)7-9-1-4-11(17)5-2-9/h1-6,8,20H,7H2/b19-13+";"False";"-1";"['5c']";"['(E)-1-(6-Chlorobenzo[d]oxazol-2-yl)-2-(4-fluorophenyl)ethanone oxime']"
"CHEMBL5558135";"";"";"";"";"354.79";"2";"2";"4.86";"82.45";"4";"3";"0";"4";"N";"0.62";"3";"MOL";"-1";"25";"-1.01";"C19H15ClN2O3";"Cc1ccc(Nc2cncc(-c3ccc(C(=O)O)c(O)c3)c2)cc1Cl";"YRONSGXPUSDUJN-UHFFFAOYSA-N";"InChI=1S/C19H15ClN2O3/c1-11-2-4-14(8-17(11)20)22-15-6-13(9-21-10-15)12-3-5-16(19(24)25)18(23)7-12/h2-10,22-23H,1H3,(H,24,25)";"False";"-1";"['II21']";"['4-(5-((3-Chloro-4-methylphenyl)amino)pyridin-3-yl)-2-hydroxybenzoic acid']"
"CHEMBL5173648";"";"";"";"";"311.34";"1";"1";"3.14";"96.10";"5";"1";"0";"6";"N";"0.88";"2";"MOL";"-1";"23";"-1.07";"C17H17N3O3";"CC(C)CCOc1ccc(-c2ncc(C(=O)O)cn2)cc1C#N";"TVAAHPVKYDPXKJ-UHFFFAOYSA-N";"InChI=1S/C17H17N3O3/c1-11(2)5-6-23-15-4-3-12(7-13(15)8-18)16-19-9-14(10-20-16)17(21)22/h3-4,7,9-11H,5-6H2,1-2H3,(H,21,22)";"False";"-1";"['11c']";"['2-(3-cyano-4-isopentyloxy)phenylpyrimidine-5-carboxylic acid']"
"CHEMBL2048804";"CINNACASOLIDE A";"";"Small molecule";"";"446.41";"1";"2";"-2.88";"184.60";"12";"6";"2";"7";"N";"0.24";"1";"MOL";"-1";"31";"1.78";"C19H26O12";"COC(=O)c1cccc(O[C@@H]2O[C@H](CO[C@@H]3OC[C@](O)(CO)[C@H]3O)[C@@H](O)[C@H](O)[C@H]2O)c1";"WKYIZIWATBNICO-XLBSEFGXSA-N";"InChI=1S/C19H26O12/c1-27-16(25)9-3-2-4-10(5-9)30-17-14(23)13(22)12(21)11(31-17)6-28-18-15(24)19(26,7-20)8-29-18/h2-5,11-15,17-18,20-24,26H,6-8H2,1H3/t11-,12-,13+,14-,15+,17-,18-,19-/m1/s1";"False";"-1";"['11, Cinnacasolide A']";"['methyl 3-hydroxybenzoyl-3-O-beta-D-apiofuranosyl-(1->6)-beta-D-glucopyranoside']"
"CHEMBL3931544";"";"";"Small molecule";"";"335.41";"2";"2";"3.14";"48.57";"3";"1";"0";"3";"N";"0.80";"3";"MOL";"-1";"25";"-1.36";"C20H21N3O2";"COc1ccc(N2CCN(C(=O)c3cc4ccccc4[nH]3)CC2)cc1";"NGPFFJUJKKEUSP-UHFFFAOYSA-N";"InChI=1S/C20H21N3O2/c1-25-17-8-6-16(7-9-17)22-10-12-23(13-11-22)20(24)19-14-15-4-2-3-5-18(15)21-19/h2-9,14,21H,10-13H2,1H3";"False";"-1";"['BDBM244080']";"['US9428478, TG6-225']"
"CHEMBL3954604";"";"";"Small molecule";"";"379.42";"2";"2";"2.84";"85.87";"4";"2";"0";"4";"N";"0.73";"3";"MOL";"-1";"28";"-1.16";"C21H21N3O4";"COc1ccc(N2CCN(C(=O)c3cc4cc(C(=O)O)ccc4[nH]3)CC2)cc1";"CKKZNPZWHVNQKG-UHFFFAOYSA-N";"InChI=1S/C21H21N3O4/c1-28-17-5-3-16(4-6-17)23-8-10-24(11-9-23)20(25)19-13-15-12-14(21(26)27)2-7-18(15)22-19/h2-7,12-13,22H,8-11H2,1H3,(H,26,27)";"False";"-1";"['BDBM244086']";"['US9428478, TG6-236']"
"CHEMBL4068428";"";"";"Small molecule";"";"270.25";"1";"2";"0.80";"119.05";"6";"4";"0";"3";"N";"0.41";"3";"MOL";"-1";"20";"-1.26";"C12H10N6O2";"O=c1nc(N/N=C/c2ccc(O)cc2)c2cn[nH]c2[nH]1";"FOURMKVXSCEOPR-WLRTZDKTSA-N";"InChI=1S/C12H10N6O2/c19-8-3-1-7(2-4-8)5-13-17-10-9-6-14-18-11(9)16-12(20)15-10/h1-6,19H,(H3,14,15,16,17,18,20)/b13-5+";"False";"-1";"['178']";"['4-(2-(4-hydroxybenzylidene)hydrazinyl)-1H-pyrazolo[3,4-d]pyrimidin-6(7H)-one']"
"CHEMBL5207426";"";"";"";"";"365.78";"1";"1";"3.95";"96.10";"5";"1";"0";"5";"N";"0.74";"3";"MOL";"-1";"26";"-1.29";"C19H12ClN3O3";"N#Cc1cc(-c2ncc(C(=O)O)cn2)ccc1OCc1ccc(Cl)cc1";"ZFDLCRWMTXDSMU-UHFFFAOYSA-N";"InChI=1S/C19H12ClN3O3/c20-16-4-1-12(2-5-16)11-26-17-6-3-13(7-14(17)8-21)18-22-9-15(10-23-18)19(24)25/h1-7,9-10H,11H2,(H,24,25)";"False";"-1";"['11g']";"['2-[4-(4-chlorobenzyloxy)-3-cyano]phenylpyrimidine-5-carboxylic acid']"
"CHEMBL5185700";"";"";"";"";"345.36";"1";"1";"3.60";"96.10";"5";"1";"0";"5";"N";"0.76";"3";"MOL";"-1";"26";"-1.19";"C20H15N3O3";"Cc1ccc(COc2ccc(-c3ncc(C(=O)O)cn3)cc2C#N)cc1";"UEFISHUYVAKAFJ-UHFFFAOYSA-N";"InChI=1S/C20H15N3O3/c1-13-2-4-14(5-3-13)12-26-18-7-6-15(8-16(18)9-21)19-22-10-17(11-23-19)20(24)25/h2-8,10-11H,12H2,1H3,(H,24,25)";"False";"-1";"['11i']";"['2-[3-cyano-4-(4-methylbenzyloxy)]phenylpyrimidine-5-carboxylic acid']"
"CHEMBL3740124";"";"";"Small molecule";"";"295.34";"2";"4";"2.31";"66.89";"4";"2";"0";"1";"N";"0.79";"2";"MOL";"-1";"20";"-1.58";"C13H14FN3O2S";"CC(C)(C)C(=O)Nn1c(=S)[nH]c2ccc(F)cc2c1=O";"GGDRFCTXFGQFBN-UHFFFAOYSA-N";"InChI=1S/C13H14FN3O2S/c1-13(2,3)11(19)16-17-10(18)8-6-7(14)4-5-9(8)15-12(17)20/h4-6H,1-3H3,(H,15,20)(H,16,19)";"False";"-1";"['2a']";"['N-(6-fluoro-4-oxo-2-thioxo-1,2-dihydroquinazolin-3(4H)-yl)pivalamide']"
"CHEMBL3747098";"";"";"Small molecule";"";"288.69";"3";"3";"1.72";"104.63";"4";"3";"0";"2";"N";"0.62";"3";"MOL";"-1";"20";"-0.76";"C13H9ClN4O2";"Nc1nc2c(C(=O)c3cccc(Cl)c3)c[nH]c2c(=O)[nH]1";"WJIAWAASQQGSSM-UHFFFAOYSA-N";"InChI=1S/C13H9ClN4O2/c14-7-3-1-2-6(4-7)11(19)8-5-16-10-9(8)17-13(15)18-12(10)20/h1-5,16H,(H3,15,17,18,20)";"False";"-1";"['LSPN446']";"['2-Amino-3H,5H-7-(3-chlorobenzoyl)pyrrolo[3,2-d]pyrimidin-4-one']"
"CHEMBL4067344";"";"";"Small molecule";"";"298.26";"1";"2";"0.82";"117.28";"7";"3";"0";"3";"N";"0.49";"3";"MOL";"-1";"22";"-1.26";"C13H10N6O3";"O=c1nc(N/N=C/c2ccc3c(c2)OCO3)c2cn[nH]c2[nH]1";"PCGJRBOPUMWPSU-LNKIKWGQSA-N";"InChI=1S/C13H10N6O3/c20-13-16-11(8-5-15-19-12(8)17-13)18-14-4-7-1-2-9-10(3-7)22-6-21-9/h1-5H,6H2,(H3,15,16,17,18,19,20)/b14-4+";"False";"-1";"['176']";"['4-(2-(benzo[d][1,3]dioxol-5-ylmethylene)hydrazinyl)-1H-pyrazolo[3,4-d]pyrimidin-6(7H)-one']"
"CHEMBL2420126";"";"";"Small molecule";"";"503.34";"2";"3";"3.22";"139.10";"8";"3";"1";"7";"N";"0.35";"4";"MOL";"-1";"31";"-1.84";"C19H15BrN6O4S";"O=C(O)Cn1ncc2c(Nc3ccc(NS(=O)(=O)c4ccc(Br)cc4)cc3)ncnc21";"AMNNEJSLJNRAOB-UHFFFAOYSA-N";"InChI=1S/C19H15BrN6O4S/c20-12-1-7-15(8-2-12)31(29,30)25-14-5-3-13(4-6-14)24-18-16-9-23-26(10-17(27)28)19(16)22-11-21-18/h1-9,11,25H,10H2,(H,27,28)(H,21,22,24)";"False";"-1";"['6a']";"['2-(4-((4-(4-Bromophenylsulfonamido)phenyl)amino)-1Hpyrazolo[3,4-d]pyrimidin-1-yl)acetic acid']"
"CHEMBL85727";"";"";"Small molecule";"";"256.24";"1";"1";"-0.63";"118.20";"8";"2";"0";"0";"N";"0.60";"0";"MOL";"-1";"17";"-0.76";"C8H8N4O4S";"O=S1(=O)CCCn2c1nc1nc(O)nc-1c2O";"STKOSFGSFZBPQN-UHFFFAOYSA-N";"InChI=1S/C8H8N4O4S/c13-6-4-5(10-7(14)9-4)11-8-12(6)2-1-3-17(8,15)16/h13H,1-3H2,(H,9,14)";"False";"-1";"['4g']";"['2-Hydroxy-5,5-dioxo-5,6,7,8-tetrahydro-3H-5lambda*6*-thia-1,3,4,8a-tetraaza-cyclopenta[b]naphthalen-9-one']"
"CHEMBL464304";"";"";"Small molecule";"";"360.41";"2";"2";"3.66";"66.38";"6";"1";"0";"9";"N";"0.69";"2";"MOL";"-1";"26";"0.62";"C20H24O6";"COc1cc(COC/C=C/c2cc(OC)c(OC)c(OC)c2)ccc1O";"WHWQODMTPANPLY-AATRIKPKSA-N";"InChI=1S/C20H24O6/c1-22-17-12-15(7-8-16(17)21)13-26-9-5-6-14-10-18(23-2)20(25-4)19(11-14)24-3/h5-8,10-12,21H,9,13H2,1-4H3/b6-5+";"False";"-1";"['16']";"["2-methoxy-4-[3'-(3'',4'',5''trimethoxyphenyl)allyloxymethyl]phenol"]"
"CHEMBL1795523";"";"";"Small molecule";"";"375.34";"2";"2";"3.51";"123.92";"7";"3";"0";"3";"N";"0.37";"4";"MOL";"-1";"28";"0.48";"C21H13NO6";"N#Cc1ccc(COc2cc(O)cc3oc4cc(O)c(O)cc4c(=O)c23)cc1";"NQOKDEZVBWJKGR-UHFFFAOYSA-N";"InChI=1S/C21H13NO6/c22-9-11-1-3-12(4-2-11)10-27-18-5-13(23)6-19-20(18)21(26)14-7-15(24)16(25)8-17(14)28-19/h1-8,23-25H,10H2";"False";"-1";"['8r', 'Fig 5, Cpd 1']";"['4-((3,6,7-trihydroxy-9-oxo-9H-xanthen-1-yloxy)methyl)benzonitrile', '4-(((3,6,7-trihydroxy-9-oxo-9H-xanthen-1-yl)oxy)methyl)benzonitrile']"
"CHEMBL3969051";"";"";"Small molecule";"";"405.45";"2";"2";"3.11";"82.97";"6";"1";"0";"4";"N";"0.67";"3";"MOL";"-1";"30";"-1.15";"C23H23N3O4";"COc1ccc(N2CCN(C(=O)c3cnc4cc(C(C)=O)ccc4c3O)CC2)cc1";"BWUUTOZEQYHASO-UHFFFAOYSA-N";"InChI=1S/C23H23N3O4/c1-15(27)16-3-8-19-21(13-16)24-14-20(22(19)28)23(29)26-11-9-25(10-12-26)17-4-6-18(30-2)7-5-17/h3-8,13-14H,9-12H2,1-2H3,(H,24,28)";"False";"-1";"['BDBM244088']";"['US9428478, TG6-239']"
"CHEMBL484860";"";"";"Small molecule";"";"188.17";"4";"7";"-1.19";"103.95";"4";"3";"0";"0";"N";"0.48";"1";"MOL";"-1";"12";"-0.37";"C4H4N4O3S";"O=C1NS(=O)(=O)Nc2nc[nH]c21";"BSAXWMSAVVOOHO-UHFFFAOYSA-N";"InChI=1S/C4H4N4O3S/c9-4-2-3(6-1-5-2)7-12(10,11)8-4/h1,7H,(H,5,6)(H,8,9)";"False";"-1";"['3', '1']";"['1,5-Dihydroimidazo[4,5-c][1,2,6]thiadiazin-4(3H)-one-2,2-Dioxide', '2,2-Dioxo-1,5-dihydroimidazo[4,5-c][1,2,6]thiadiazin-4(3H)-one']"
"CHEMBL5207561";"";"";"";"";"342.41";"4";"20";"2.78";"78.90";"6";"0";"0";"9";"N";"0.39";"1";"MOL";"-1";"23";"-0.09";"C16H22O6S";"CCCCS(=O)(=O)Oc1ccc(/C=C/C(=O)OCC)cc1OC";"VNGVPQNGWKDPSU-CSKARUKUSA-N";"InChI=1S/C16H22O6S/c1-4-6-11-23(18,19)22-14-9-7-13(12-15(14)20-3)8-10-16(17)21-5-2/h7-10,12H,4-6,11H2,1-3H3/b10-8+";"False";"-1";"['F2']";"['ethyl 3-(4-((butylsulfonyl)oxy)-3-methoxyphenyl)acrylate']"
"CHEMBL3594381";"";"";"Small molecule";"";"370.36";"2";"2";"3.50";"117.20";"6";"3";"0";"7";"N";"0.54";"3";"MOL";"-1";"27";"0.87";"C20H18O7";"O=C(O)CCCCOc1ccc(-c2cc(=O)c3c(O)cc(O)cc3o2)cc1";"OOSURJSBMJOWIC-UHFFFAOYSA-N";"InChI=1S/C20H18O7/c21-13-9-15(22)20-16(23)11-17(27-18(20)10-13)12-4-6-14(7-5-12)26-8-2-1-3-19(24)25/h4-7,9-11,21-22H,1-3,8H2,(H,24,25)";"False";"-1";"['7c']";"['5-(4-(5,7-dihydroxy-4-oxo-4H-chromen-2-yl)phenoxy)pentanoic acid']"
"CHEMBL3127120";"";"";"Small molecule";"";"212.21";"1";"1";"0.89";"95.56";"4";"2";"0";"1";"N";"0.73";"2";"MOL";"-1";"16";"-1.40";"C11H8N4O";"N#Cc1cccc(-c2cc(=O)[nH]c(N)n2)c1";"MZYUWHOVELMRHJ-UHFFFAOYSA-N";"InChI=1S/C11H8N4O/c12-6-7-2-1-3-8(4-7)9-5-10(16)15-11(13)14-9/h1-5H,(H3,13,14,15,16)";"False";"-1";"['19']";"['3-(2-amino-6-oxo-1,6-dihydropyrimidin-4-yl)benzonitrile']"
"CHEMBL5186503";"";"";"";"";"292.34";"1";"1";"3.33";"74.73";"5";"1";"0";"3";"N";"0.80";"3";"MOL";"-1";"22";"-1.62";"C17H16N4O";"CC(C)Cn1cc(C#N)c2cc(-c3nccc(O)n3)ccc21";"GBVVUZHFIFWMGO-UHFFFAOYSA-N";"InChI=1S/C17H16N4O/c1-11(2)9-21-10-13(8-18)14-7-12(3-4-15(14)21)17-19-6-5-16(22)20-17/h3-7,10-11H,9H2,1-2H3,(H,19,20,22)";"False";"-1";"['25d']";"['1-isobutyl-5-(6-oxo-1,6-dihydropyrimidin-2-yl)-1H-indole-3-carbonitrile']"
"CHEMBL5173757";"";"";"";"";"457.94";"3";"7";"5.08";"81.70";"5";"1";"1";"7";"N";"0.40";"3";"MOL";"-1";"31";"-1.07";"C23H20ClNO5S";"COc1cc(/C=C/C(=O)Nc2cccc(C)c2)ccc1OS(=O)(=O)c1ccc(Cl)cc1";"YNGXDZLOCCYNSM-NTUHNPAUSA-N";"InChI=1S/C23H20ClNO5S/c1-16-4-3-5-19(14-16)25-23(26)13-7-17-6-12-21(22(15-17)29-2)30-31(27,28)20-10-8-18(24)9-11-20/h3-15H,1-2H3,(H,25,26)/b13-7+";"False";"-1";"['F19']";"['2-methoxy-4-(3-oxo-3-(m-tolylamino)prop-1-en-1-yl)phenyl 4-chlorobenzenesulfonate']"
"CHEMBL4092465";"";"";"Small molecule";"";"487.51";"2";"2";"4.43";"118.23";"7";"3";"0";"8";"N";"0.19";"4";"MOL";"-1";"36";"0.44";"C28H25NO7";"COC(=O)[C@H](Cc1ccccc1)NC(=O)/C=C/c1ccc(OC)c2oc(-c3ccc(O)c(O)c3)cc12";"OGAQYXIGOIOSIB-BGVYSJOJSA-N";"InChI=1S/C28H25NO7/c1-34-24-12-9-18(20-16-25(36-27(20)24)19-8-11-22(30)23(31)15-19)10-13-26(32)29-21(28(33)35-2)14-17-6-4-3-5-7-17/h3-13,15-16,21,30-31H,14H2,1-2H3,(H,29,32)/b13-10+/t21-/m0/s1";"False";"-1";"['9d']";"['Methyl (E)-(3-(2-(3,4-dimethoxyphenyl)-7-methoxybenzofuran-4-yl)acryloyl)-L-phenylalaninate']"
"CHEMBL1171588";"";"";"Small molecule";"";"413.43";"3";"3";"0.04";"161.64";"6";"5";"0";"7";"N";"0.32";"2";"MOL";"-1";"30";"-0.17";"C20H23N5O5";"NC(=O)[C@H](Cc1cnc[nH]1)NC(=O)[C@@H]1CCCN1C(=O)/C=C/c1ccc(O)c(O)c1";"CEXFRCHNFKIVAL-PGXISHIXSA-N";"InChI=1S/C20H23N5O5/c21-19(29)14(9-13-10-22-11-23-13)24-20(30)15-2-1-7-25(15)18(28)6-4-12-3-5-16(26)17(27)8-12/h3-6,8,10-11,14-15,26-27H,1-2,7,9H2,(H2,21,29)(H,22,23)(H,24,30)/b6-4+/t14-,15-/m0/s1";"False";"-1";"['CA-PH']";"['(S)-N-((S)-1-amino-3-(1H-imidazol-5-yl)-1-oxopropan-2-yl)-1-(-3-(3,4-dihydroxyphenyl)acryloyl)pyrrolidine-2-carboxamide']"
"CHEMBL5414571";"";"";"";"";"327.32";"1";"1";"0.91";"131.40";"6";"2";"0";"5";"N";"0.48";"2";"MOL";"-1";"22";"-1.44";"C12H13N3O6S";"COC(=O)c1cc2cc(CNS(C)(=O)=O)cc([N+](=O)[O-])c2[nH]1";"WCMAYJFAXOVTGN-UHFFFAOYSA-N";"InChI=1S/C12H13N3O6S/c1-21-12(16)9-5-8-3-7(6-13-22(2,19)20)4-10(15(17)18)11(8)14-9/h3-5,13-14H,6H2,1-2H3";"False";"-1";"['77']";"['methyl 5-(methylsulfonamidomethyl)-7-nitro-1H-indole-2-carboxylate']"
"CHEMBL5206013";"";"";"";"";"399.41";"1";"1";"2.91";"112.80";"6";"2";"0";"5";"N";"0.54";"4";"MOL";"-1";"30";"-1.62";"C22H17N5O3";"COc1ccc(Cn2cc(C#N)c3cc(NC(=O)c4cc(=O)[nH]cn4)ccc32)cc1";"ABWYGBNUWFPWLM-UHFFFAOYSA-N";"InChI=1S/C22H17N5O3/c1-30-17-5-2-14(3-6-17)11-27-12-15(10-23)18-8-16(4-7-20(18)27)26-22(29)19-9-21(28)25-13-24-19/h2-9,12-13H,11H2,1H3,(H,26,29)(H,24,25,28)";"False";"-1";"['13v']";"['N-(3-cyano-1-(4-methoxybenzyl)-1H-indol-5-yl)-6-oxo-1,6-dihydropyrimidine-4-carboxamide']"
"CHEMBL4097078";"";"";"Small molecule";"";"464.38";"1";"1";"-0.54";"210.51";"12";"8";"2";"4";"N";"0.23";"3";"MOL";"-1";"33";"2.05";"C21H20O12";"O=c1cc(-c2ccc(O)c(O)c2)oc2c(O[C@@H]3O[C@H](CO)[C@@H](O)[C@H](O)[C@H]3O)c(O)cc(O)c12";"LQSNPVIQIPKOGP-OACYRQNASA-N";"InChI=1S/C21H20O12/c22-6-14-16(28)17(29)18(30)21(32-14)33-19-12(27)4-10(25)15-11(26)5-13(31-20(15)19)7-1-2-8(23)9(24)3-7/h1-5,14,16-18,21-25,27-30H,6H2/t14-,16-,17+,18-,21+/m1/s1";"False";"-1";"['12']";"['Vitexin']"
"CHEMBL3741021";"";"";"Small molecule";"";"318.45";"2";"4";"1.70";"44.27";"5";"1";"0";"4";"N";"0.87";"2";"MOL";"-1";"22";"-1.56";"C16H22N4OS";"CN1CCN(CCCn2c(=S)[nH]c3ccccc3c2=O)CC1";"PHUOZIWRHGFIBJ-UHFFFAOYSA-N";"InChI=1S/C16H22N4OS/c1-18-9-11-19(12-10-18)7-4-8-20-15(21)13-5-2-3-6-14(13)17-16(20)22/h2-3,5-6H,4,7-12H2,1H3,(H,17,22)";"False";"-1";"['1p']";"['3-(3-(4-methylpiperazin-1-yl)propyl)-2-thioxo-2,3-dihydroquinazolin-4(1H)-one']"
"CHEMBL4170789";"";"";"Small molecule";"";"343.41";"1";"1";"3.43";"96.10";"6";"2";"0";"6";"N";"0.62";"2";"MOL";"-1";"24";"-0.95";"C17H17N3O3S";"CC(C)CCOc1ccc(-c2cc(C(=O)O)nc(S)n2)cc1C#N";"KZSJIEGSBDRDIR-UHFFFAOYSA-N";"InChI=1S/C17H17N3O3S/c1-10(2)5-6-23-15-4-3-11(7-12(15)9-18)13-8-14(16(21)22)20-17(24)19-13/h3-4,7-8,10H,5-6H2,1-2H3,(H,21,22)(H,19,20,24)";"False";"-1";"['9c']";"['6-(3-cyano-4-(isopentyloxy)phenyl)-2-mercaptopyrimidine-4-carboxylic acid']"
"CHEMBL5174363";"";"";"";"";"356.44";"2";"2";"3.17";"78.90";"6";"0";"0";"10";"N";"0.36";"1";"MOL";"-1";"24";"-0.07";"C17H24O6S";"CCCCS(=O)(=O)Oc1ccc(/C=C/C(=O)OCCC)cc1OC";"QTDRENBPJNKXAZ-CSKARUKUSA-N";"InChI=1S/C17H24O6S/c1-4-6-12-24(19,20)23-15-9-7-14(13-16(15)21-3)8-10-17(18)22-11-5-2/h7-10,13H,4-6,11-12H2,1-3H3/b10-8+";"False";"-1";"['F3']";"['propyl 3-(4-((butylsulfonyl)oxy)-3-methoxyphenyl)acrylate']"
"CHEMBL3127132";"";"";"Small molecule";"";"323.36";"3";"3";"2.26";"114.59";"6";"2";"0";"5";"N";"0.87";"2";"MOL";"-1";"24";"-1.25";"C17H17N5O2";"CNc1nc(-c2ccc(OCC(C)C)c(C#N)c2)c(C#N)c(=O)[nH]1";"UTRSYENRCPXVTP-UHFFFAOYSA-N";"InChI=1S/C17H17N5O2/c1-10(2)9-24-14-5-4-11(6-12(14)7-18)15-13(8-19)16(23)22-17(20-3)21-15/h4-6,10H,9H2,1-3H3,(H2,20,21,22,23)";"False";"-1";"['32']";"['4-(3-cyano-4-isobutoxyphenyl)-2-(methylamino)-6-oxo-1,6-dihydropyrimidine-5-carbonitrile']"
"CHEMBL3740322";"";"";"Small molecule";"";"360.33";"3";"5";"2.49";"110.03";"6";"2";"0";"3";"N";"0.42";"3";"MOL";"-1";"25";"-1.92";"C15H9FN4O4S";"O=C(Nn1c(=S)[nH]c2ccc(F)cc2c1=O)c1ccc([N+](=O)[O-])cc1";"RZWQPDFNGPPMKL-UHFFFAOYSA-N";"InChI=1S/C15H9FN4O4S/c16-9-3-6-12-11(7-9)14(22)19(15(25)17-12)18-13(21)8-1-4-10(5-2-8)20(23)24/h1-7H,(H,17,25)(H,18,21)";"False";"-1";"['2c']";"['N-(6-fluoro-4-oxo-2-thioxo-1,2-dihydroquinazolin-3(4H)-yl)-4-nitrobenzamide']"
"CHEMBL2205494";"";"";"Small molecule";"";"243.31";"1";"1";"2.63";"72.03";"4";"2";"0";"3";"N";"0.87";"2";"MOL";"-1";"18";"-0.64";"C14H17N3O";"CC(C)Cc1ccc(-c2cc(O)nc(N)n2)cc1";"VOBBPLNUDGMOMJ-UHFFFAOYSA-N";"InChI=1S/C14H17N3O/c1-9(2)7-10-3-5-11(6-4-10)12-8-13(18)17-14(15)16-12/h3-6,8-9H,7H2,1-2H3,(H3,15,16,17,18)";"False";"-1";"['3']";"['2-amino-6-(4-isobutylphenyl)pyrimidin-4-ol']"
"CHEMBL4173951";"";"";"Small molecule";"";"349.37";"1";"1";"3.22";"115.45";"7";"2";"0";"6";"N";"0.36";"2";"MOL";"-1";"24";"-1.19";"C15H15N3O5S";"CCC(C)Oc1ccc(-c2cc(C(=O)O)nc(S)n2)cc1[N+](=O)[O-]";"CBGGJNWXDCXUAZ-UHFFFAOYSA-N";"InChI=1S/C15H15N3O5S/c1-3-8(2)23-13-5-4-9(6-12(13)18(21)22)10-7-11(14(19)20)17-15(24)16-10/h4-8H,3H2,1-2H3,(H,19,20)(H,16,17,24)";"False";"-1";"['10e']";"['6-(4-sec-butoxy-3-nitrophenyl)-2-mercaptopyrimidine-4-carboxylic acid']"
"CHEMBL5775842";"";"";"";"";"397.31";"1";"3";"None";"None";"None";"None";"None";"None";"None";"None";"None";"MOL";"-1";"None";"None";"C15H14N2O4SSe";"Cc1nc(-c2ccc(S(=O)(=O)C(C)C)c(C#N)c2)[se]c1C(=O)O";"FRSVGOIIOJDDTO-UHFFFAOYSA-N";"InChI=1S/C15H14N2O4SSe/c1-8(2)22(20,21)12-5-4-10(6-11(12)7-16)14-17-9(3)13(23-14)15(18)19/h4-6,8H,1-3H3,(H,18,19)";"False";"-1";"['BDBM352058']";"['US9802907, Compound 43']"
"CHEMBL5591037";"";"";"";"";"320.39";"1";"1";"1.56";"66.48";"5";"1";"0";"2";"N";"0.84";"1";"MOL";"-1";"19";"-1.95";"C10H9FN2O3S3";"O=C(NS(=O)(=O)c1ccc(F)cc1)N1CCSC1=S";"FTQODFJTDYUYJV-UHFFFAOYSA-N";"InChI=1S/C10H9FN2O3S3/c11-7-1-3-8(4-2-7)19(15,16)12-9(14)13-5-6-18-10(13)17/h1-4H,5-6H2,(H,12,14)";"False";"-1";"['85']";"['N-((4-fluorophenyl)sulfonyl)-2-thioxothiazolidine-3-carboxamide']"
"CHEMBL2205506";"";"";"Small molecule";"";"302.33";"1";"1";"1.57";"124.35";"6";"3";"0";"5";"N";"0.77";"2";"MOL";"-1";"22";"-0.93";"C15H18N4O3";"CC(C)COc1ccc(-c2cc(O)nc(N)n2)cc1C(N)=O";"BZRPEKSFMGHEKP-UHFFFAOYSA-N";"InChI=1S/C15H18N4O3/c1-8(2)7-22-12-4-3-9(5-10(12)14(16)21)11-6-13(20)19-15(17)18-11/h3-6,8H,7H2,1-2H3,(H2,16,21)(H3,17,18,19,20)";"False";"-1";"['7c']";"['5-(2-amino-6-hydroxypyrimidin-4-yl)-2-isobutoxybenzamide']"
"CHEMBL6042564";"";"";"";"";"403.25";"1";"3";"None";"None";"None";"None";"None";"None";"None";"None";"None";"MOL";"-1";"None";"None";"C18H10F2N2O2Se";"Cc1nc(-c2ccc(-c3ccc(F)c(F)c3)c(C#N)c2)[se]c1C(=O)O";"AAUGNNZVJNZLJZ-UHFFFAOYSA-N";"InChI=1S/C18H10F2N2O2Se/c1-9-16(18(23)24)25-17(22-9)11-2-4-13(12(6-11)8-21)10-3-5-14(19)15(20)7-10/h2-7H,1H3,(H,23,24)";"False";"-1";"['BDBM352043']";"['US9802907, Compound 22']"
"CHEMBL5590887";"";"";"";"";"395.45";"1";"1";"4.02";"88.02";"5";"3";"0";"8";"N";"0.40";"3";"MOL";"-1";"29";"0.03";"C23H25NO5";"COc1cc2ccc(C(=O)NCCCCc3ccc(O)c(O)c3)cc2cc1OC";"NGZURBNENGSKAJ-UHFFFAOYSA-N";"InChI=1S/C23H25NO5/c1-28-21-13-16-7-8-17(12-18(16)14-22(21)29-2)23(27)24-10-4-3-5-15-6-9-19(25)20(26)11-15/h6-9,11-14,25-26H,3-5,10H2,1-2H3,(H,24,27)";"False";"-1";"['76']";"['N-(4-(3,4-dihydroxyphenyl)butyl)-6,7-dimethoxy-2-naphthamide']"
"CHEMBL5743531";"";"";"";"";"358.38";"1";"6";"1.54";"136.65";"7";"4";"0";"4";"N";"0.41";"3";"MOL";"-1";"25";"-1.80";"C15H14N6O3S";"CSc1nc(O)c(C(=O)Nc2ccc(-c3nn[nH]c3C)cc2)c(=O)[nH]1";"PHSVJAGRSNJUIL-UHFFFAOYSA-N";"InChI=1S/C15H14N6O3S/c1-7-11(20-21-19-7)8-3-5-9(6-4-8)16-12(22)10-13(23)17-15(25-2)18-14(10)24/h3-6H,1-2H3,(H,16,22)(H,19,20,21)(H2,17,18,23,24)";"False";"-1";"['BDBM499644', 'BDBM524220']";"['US11020397, Compound Formula-(IIff)', 'US11168075, Compound Formula (IIg)']"
"CHEMBL5174368";"";"";"";"";"349.39";"1";"1";"2.89";"103.57";"5";"2";"0";"5";"N";"0.74";"3";"MOL";"-1";"26";"-1.68";"C19H19N5O2";"CC(C)CCn1cc(C#N)c2cc(NC(=O)c3cc(=O)[nH]cn3)ccc21";"XIACQYRJVZOTIK-UHFFFAOYSA-N";"InChI=1S/C19H19N5O2/c1-12(2)5-6-24-10-13(9-20)15-7-14(3-4-17(15)24)23-19(26)16-8-18(25)22-11-21-16/h3-4,7-8,10-12H,5-6H2,1-2H3,(H,23,26)(H,21,22,25)";"False";"-1";"['13e']";"['N-(3-cyano-1-isopentyl-1H-indol-5-yl)-6-oxo-1,6-dihydropyrimidine-4-carboxamide']"
"CHEMBL5567720";"";"";"";"";"336.35";"2";"2";"3.90";"91.68";"5";"3";"0";"5";"N";"0.65";"3";"MOL";"-1";"25";"-0.58";"C19H16N2O4";"COc1ccc(Nc2cncc(-c3ccc(C(=O)O)c(O)c3)c2)cc1";"JYJVULWBZYULAJ-UHFFFAOYSA-N";"InChI=1S/C19H16N2O4/c1-25-16-5-3-14(4-6-16)21-15-8-13(10-20-11-15)12-2-7-17(19(23)24)18(22)9-12/h2-11,21-22H,1H3,(H,23,24)";"False";"-1";"['II14']";"['2-Hydroxy-4-(5-((4-methoxyphenyl)amino)pyridin-3-yl)benzoic acid']"
"CHEMBL5433814";"";"";"";"";"386.38";"1";"1";"2.09";"134.40";"8";"2";"0";"6";"N";"0.52";"4";"MOL";"-1";"29";"-2.34";"C19H14N8O2";"N#Cc1ccccc1COc1ccc(NC(=O)c2c[nH]cn2)cc1-n1cnnn1";"WGSQFIPRXLBJJX-UHFFFAOYSA-N";"InChI=1S/C19H14N8O2/c20-8-13-3-1-2-4-14(13)10-29-18-6-5-15(7-17(18)27-12-23-25-26-27)24-19(28)16-9-21-11-22-16/h1-7,9,11-12H,10H2,(H,21,22)(H,24,28)";"False";"-1";"['20a']";"['N-(4-((2-cyanobenzyl)oxy)-3-(1H-tetrazol-1-yl)phenyl)-1H-imidazole-4-carboxamide']"
"CHEMBL5596244";"";"";"";"";"293.28";"2";"2";"3.68";"94.46";"4";"2";"0";"2";"N";"0.75";"3";"MOL";"-1";"22";"0.06";"C17H11NO4";"Cc1cc2cc(C#N)cc(-c3ccc(C(=O)O)c(O)c3)c2o1";"AOARHEAWEGHBJL-UHFFFAOYSA-N";"InChI=1S/C17H11NO4/c1-9-4-12-5-10(8-18)6-14(16(12)22-9)11-2-3-13(17(20)21)15(19)7-11/h2-7,19H,1H3,(H,20,21)";"False";"-1";"['25']";"['4-(5-Cyano-2-methyl-benzofuran-7-yl)-2-hydroxy-benzoic Acid']"
"CHEMBL460873";"";"";"Small molecule";"";"241.25";"4";"4";"1.41";"78.85";"6";"1";"0";"2";"N";"0.73";"3";"MOL";"-1";"18";"-1.53";"C12H11N5O";"COc1ccc(-n2ncc3c(N)ncnc32)cc1";"TWRVJKDDEYQGIB-UHFFFAOYSA-N";"InChI=1S/C12H11N5O/c1-18-9-4-2-8(3-5-9)17-12-10(6-16-17)11(13)14-7-15-12/h2-7H,1H3,(H2,13,14,15)";"False";"-1";"['5b']";"["(4'-Methoxyphenyl)-1H-pyrazolo[3,4-d]pyrimidin-4-ylamine"]"
"CHEMBL501898";"";"";"Small molecule";"";"696.70";"3";"3";"-1.55";"246.68";"16";"9";"3";"10";"N";"0.13";"2";"MOL";"-1";"49";"1.49";"C33H44O16";"COc1cc(/C=C/c2ccc(O)cc2)cc(O[C@@H]2O[C@H](CO[C@@H]3O[C@@H](C)[C@H](O)[C@@H](O)[C@H]3O)[C@@H](O)[C@H](O)[C@H]2O[C@@H]2O[C@@H](C)[C@H](O)[C@@H](O)[C@H]2O)c1";"WZMOUSIPJJZEEB-KQUDHKOLSA-N";"InChI=1S/C33H44O16/c1-14-22(35)25(38)28(41)31(45-14)44-13-21-24(37)27(40)30(49-32-29(42)26(39)23(36)15(2)46-32)33(48-21)47-20-11-17(10-19(12-20)43-3)5-4-16-6-8-18(34)9-7-16/h4-12,14-15,21-42H,13H2,1-3H3/b5-4+/t14-,15-,21+,22-,23-,24+,25+,26+,27-,28+,29+,30+,31+,32-,33+/m0/s1";"False";"-1";"['1']";"["trans-4',5-dihydroxy-3-methoxystilbene-5-O-{alpha-L-rhamnopyranosyl-(1->2)-[alpha-L-rhamnopyranosyl-(1->6)]-beta-D-glucopyranoside"]"
"CHEMBL85314";"";"";"Small molecule";"";"254.34";"52";"52";"1.51";"63.83";"7";"2";"0";"0";"N";"0.55";"0";"MOL";"-1";"16";"-0.91";"C9H10N4OS2";"CC1CSc2nc3nc(S)nc-3c(O)n2C1";"ZZJOMBYANCNMDV-UHFFFAOYSA-N";"InChI=1S/C9H10N4OS2/c1-4-2-13-7(14)5-6(11-8(15)10-5)12-9(13)16-3-4/h4,14H,2-3H2,1H3,(H,10,15)";"False";"-1";"['4c', 'SID508061']";"['2-Mercapto-7-methyl-7,8-dihydro-3H,6H-5-thia-1,3,4,8a-tetraaza-cyclopenta[b]naphthalen-9-one', 'SID508061']"
"CHEMBL2238356";"3-BROMO-N-METHYLBOLDINE IODIDE";"";"Small molecule";"";"548.22";"2";"5";"3.77";"58.92";"4";"2";"0";"2";"N";"0.73";"2";"MOL";"-1";"26";"2.27";"C20H23BrINO4";"COc1cc2c(cc1O)C[C@H]1c3c(c(Br)c(O)c(OC)c3-2)CC[N+]1(C)C.[I-]";"NWFGVMRZCFMSMX-ZOWNYOTGSA-N";"InChI=1S/C20H22BrNO4.HI/c1-22(2)6-5-11-16-13(22)7-10-8-14(23)15(25-3)9-12(10)17(16)20(26-4)19(24)18(11)21;/h8-9,13H,5-7H2,1-4H3,(H-,23,24);1H/t13-;/m0./s1";"False";"-1";"['4']";"['3-Bromo-N-methylboldine iodide']"
"CHEMBL455678";"";"";"Small molecule";"";"612.49";"2";"2";"-2.72";"289.66";"17";"11";"3";"6";"N";"0.13";"3";"MOL";"-1";"43";"1.93";"C26H28O17";"O=c1c(O)c(-c2ccc(O)cc2)oc2c(OC3O[C@H](CO)[C@@H](O)[C@H](O)[C@H]3O)c(O)c(OC3OC[C@@H](O)[C@H](O)[C@H]3O)c(O)c12";"UJJFYRYLJVOSFO-PLHTTXJUSA-N";"InChI=1S/C26H28O17/c27-5-10-13(31)16(34)19(37)26(40-10)43-24-20(38)23(42-25-18(36)12(30)9(29)6-39-25)15(33)11-14(32)17(35)21(41-22(11)24)7-1-3-8(28)4-2-7/h1-4,9-10,12-13,16,18-19,25-31,33-38H,5-6H2/t9-,10-,12+,13-,16+,18-,19-,25?,26?/m1/s1";"False";"-1";"['20']";"['6-xylosyl-8-glucosylapigenin']"
"CHEMBL75589";"OMBUINE";"";"Small molecule";"";"330.29";"20";"44";"2.59";"109.36";"7";"3";"0";"3";"N";"0.68";"3";"MOL";"-1";"24";"1.28";"C17H14O7";"COc1cc(O)c2c(=O)c(O)c(-c3ccc(OC)c(O)c3)oc2c1";"BWORNNDZQGOKBY-UHFFFAOYSA-N";"InChI=1S/C17H14O7/c1-22-9-6-11(19)14-13(7-9)24-17(16(21)15(14)20)8-3-4-12(23-2)10(18)5-8/h3-7,18-19,21H,1-2H3";"False";"-1";"['34', '38', '17', '24', '25', '17', '35', '5a', 'M11', '2', '129', 'Ombuin', '29']";"['3,5-dihydroxy-2-(3-hydroxy-4-methoxyphenyl)-7-methoxy-4H-chromen-4-one', '3,5-Dihydroxy-2-(3-hydroxy-4-methoxy-phenyl)-7-methoxy-chromen-4-one', "4',7-O-dimethylquercetin", 'Ombuine', '3,5-Dihydroxy-2-(3-hydroxy-4-methoxyphenyl)-7-methoxy-4H-chromen-4-one', 'ombuine', "3,5,3'-trihydroxy-7,4'-dimethoxyflavone", '3,5-dihydroxy-2-(3-hydroxy-4-methoxyphenyl)-7-methoxy-4H-chromen-4-one', '3,5-dihydroxy-2-(3-hydroxy-4-methoxyphenyl)-7-methoxy-4H-chromen-4-one', "quercetin-7,4'-dimethyl ether", "Quercetin-7,4'-dimethylether", 'Ombuin', "4',7-dimethylquercetin"]"
"CHEMBL3127124";"";"";"Small molecule";"";"226.24";"3";"3";"1.20";"95.56";"4";"2";"0";"1";"N";"0.76";"2";"MOL";"-1";"17";"-1.23";"C12H10N4O";"Cc1cc(C#N)cc(-c2cc(=O)[nH]c(N)n2)c1";"UQEHOSOZZKMPOP-UHFFFAOYSA-N";"InChI=1S/C12H10N4O/c1-7-2-8(6-13)4-9(3-7)10-5-11(17)16-12(14)15-10/h2-5H,1H3,(H3,14,15,16,17)";"False";"-1";"['23']";"['3-(2-amino-6-oxo-1,6-dihydropyrimidin-4-yl)-5-methylbenzonitrile']"
"CHEMBL136998";"";"";"Small molecule";"";"155.11";"2";"3";"1.01";"83.60";"4";"2";"0";"1";"N";"0.36";"1";"MOL";"-1";"11";"-0.22";"C6H5NO4";"O=[N+]([O-])c1cc(O)ccc1O";"VIIYYMZOGKODQG-UHFFFAOYSA-N";"InChI=1S/C6H5NO4/c8-4-1-2-6(9)5(3-4)7(10)11/h1-3,8-9H";"False";"-1";"['4']";"['2-Nitro-benzene-1,4-diol']"
"CHEMBL388593";"";"";"Small molecule";"";"135.13";"9";"13";"-0.06";"80.48";"4";"2";"0";"0";"N";"0.53";"2";"MOL";"-1";"10";"-1.50";"C5H5N5";"Nc1ncnc2[nH]ncc12";"LHCPRYRLDOSKHK-UHFFFAOYSA-N";"InChI=1S/C5H5N5/c6-4-3-1-9-10-5(3)8-2-7-4/h1-2H,(H3,6,7,8,9,10)";"False";"-1";"['5', '4', '9', '3', 'Table 1, R10C5']";"['1H-Pyrazolo[3,4-d]pyrimidin-4-ylamine', '4-aminopyrazolo[3,4-d]pyrimidine', '1H-pyrazolo[3,4-d]pyrimidin-4-amine', 'Aminopurinol', '1H-pyrazolo[3,4-d]pyrimidin-4-amine']"
"CHEMBL470950";"HYPERIELLIPTONE HB";"";"Small molecule";"";"460.61";"3";"3";"4.24";"111.90";"6";"3";"0";"5";"N";"0.32";"0";"MOL";"-1";"33";"2.63";"C27H40O6";"CCC(C)C(=O)C1=C(O)[C@]2(C[C@H]3[C@H](CC[C@@]3(C)O)[C@](C)(O)C2)C(=O)[C@](C)(CC=C(C)C)C1=O";"QCZFZWDBZKCYMB-YOSVQTMISA-N";"InChI=1S/C27H40O6/c1-8-16(4)20(28)19-21(29)24(5,11-9-15(2)3)23(31)27(22(19)30)13-18-17(26(7,33)14-27)10-12-25(18,6)32/h9,16-18,30,32-33H,8,10-14H2,1-7H3/t16?,17-,18-,24+,25+,26+,27+/m0/s1";"False";"-1";"['2a']";"['Hyperielliptone HB']"
"CHEMBL2205507";"";"";"Small molecule";"";"289.33";"2";"7";"2.47";"90.49";"6";"2";"0";"5";"N";"0.88";"2";"MOL";"-1";"21";"-0.67";"C15H19N3O3";"COc1cc(-c2cc(O)nc(N)n2)ccc1OCC(C)C";"PQUTWVLTWDAHDC-UHFFFAOYSA-N";"InChI=1S/C15H19N3O3/c1-9(2)8-21-12-5-4-10(6-13(12)20-3)11-7-14(19)18-15(16)17-11/h4-7,9H,8H2,1-3H3,(H3,16,17,18,19)";"False";"-1";"['7d']";"['2-amino-6-(4-isobutoxy-3-methoxyphenyl)pyrimidin-4-ol']"
"CHEMBL96356";"";"";"Small molecule";"";"412.37";"2";"3";"3.55";"116.45";"7";"4";"0";"3";"N";"0.38";"3";"MOL";"-1";"30";"1.13";"C22H17FO7";"O=C(O[C@@H]1Cc2ccc(O)c(O)c2O[C@H]1c1ccc(O)c(O)c1)c1ccc(F)cc1";"UNJDPHHTZSCHND-QUCCMNQESA-N";"InChI=1S/C22H17FO7/c23-14-5-1-11(2-6-14)22(28)29-18-10-13-4-8-16(25)19(27)21(13)30-20(18)12-3-7-15(24)17(26)9-12/h1-9,18,20,24-27H,10H2/t18-,20+/m1/s1";"False";"-1";"['4k']";"['4-Fluoro-benzoic acid (2S,3R)-2-(3,4-dihydroxy-phenyl)-7,8-dihydroxy-chroman-3-yl ester']"
"CHEMBL3601757";"";"";"Small molecule";"";"291.29";"12";"13";"0.21";"107.53";"5";"4";"0";"3";"N";"0.36";"1";"MOL";"-1";"20";"-1.14";"C12H9N3O4S";"O=C1NC(=S)NC(=O)C1=CNc1ccccc1C(=O)O";"UNMBLQZTAKRNCQ-UHFFFAOYSA-N";"InChI=1S/C12H9N3O4S/c16-9-7(10(17)15-12(20)14-9)5-13-8-4-2-1-3-6(8)11(18)19/h1-5,13H,(H,18,19)(H2,14,15,16,17,20)";"False";"-1";"['10', '7h']";"['2-{[(4,6-Dioxo-2-thioxotetrahydropyrimidin-5(2H)-ylidene)methyl]amino}benzoic acid', '2-[[(4,6-Dioxo-2-thioxotetrahydropyrimidin-5(2H)-ylidene)methyl]amino]benzoic acid']"
"CHEMBL4078844";"";"";"Small molecule";"";"383.36";"3";"9";"2.82";"140.23";"6";"5";"0";"5";"N";"0.34";"3";"MOL";"-1";"28";"0.70";"C20H17NO7";"C[C@H](NC(=O)/C=C/c1ccc(O)c2oc(-c3ccc(O)c(O)c3)cc12)C(=O)O";"PLOXCJNRUKJVPD-QBBOHKLWSA-N";"InChI=1S/C20H17NO7/c1-10(20(26)27)21-18(25)7-4-11-2-6-15(23)19-13(11)9-17(28-19)12-3-5-14(22)16(24)8-12/h2-10,22-24H,1H3,(H,21,25)(H,26,27)/b7-4+/t10-/m0/s1";"False";"-1";"['6c', 'BDBM50233807']";"['(E)-(3-(2-(3,4-dihydroxyphenyl)-7-hydroxybenzofuran-4-yl)acryloyl)-L-alanine', 'CHEMBL4078844::US11021454, Compound 6c']"
"CHEMBL5557108";"";"";"";"";"341.75";"2";"2";"4.60";"79.65";"4";"2";"0";"4";"N";"0.72";"3";"MOL";"-1";"24";"-0.56";"C18H12ClNO4";"O=C(O)c1ccc(-c2cncc(Oc3ccc(Cl)cc3)c2)cc1O";"LJRHVDQOJZMFTI-UHFFFAOYSA-N";"InChI=1S/C18H12ClNO4/c19-13-2-4-14(5-3-13)24-15-7-12(9-20-10-15)11-1-6-16(18(22)23)17(21)8-11/h1-10,21H,(H,22,23)";"False";"-1";"['II3']";"['4-(5-(4-Chlorophenoxy)pyridin-3-yl)-2-hydroxybenzoic acid']"
"CHEMBL3274332";"";"";"Small molecule";"";"264.12";"4";"7";"3.93";"41.57";"2";"1";"0";"1";"N";"0.72";"3";"MOL";"-1";"17";"-1.35";"C12H7Cl2N3";"Clc1cc2nc(-c3ccncc3)[nH]c2cc1Cl";"IWEYZOZHECWNRI-UHFFFAOYSA-N";"InChI=1S/C12H7Cl2N3/c13-8-5-10-11(6-9(8)14)17-12(16-10)7-1-3-15-4-2-7/h1-6H,(H,16,17)";"False";"-1";"['26', '57', 'BDBM554909']";"['5,6-dichloro-2-(pyridin-4-yl)-1H-benzo[d]imidazole', '5,6-dichloro-2-(pyridin-4-yl)-1H-benzo[d]imidazole', 'US11339144, Compound I-378']"
"CHEMBL1585880";"";"";"Small molecule";"";"277.39";"6";"8";"2.40";"41.03";"4";"1";"0";"5";"N";"0.85";"2";"MOL";"-1";"19";"-1.69";"C14H19N3OS";"CCN(CC)CCn1c(=S)[nH]c2ccccc2c1=O";"DJBWRHHTYXHWGF-UHFFFAOYSA-N";"InChI=1S/C14H19N3OS/c1-3-16(4-2)9-10-17-13(18)11-7-5-6-8-12(11)15-14(17)19/h5-8H,3-4,9-10H2,1-2H3,(H,15,19)";"False";"-1";"['SID7975445', '1k']";"['SID7975445', '3-(2-(diethylamino)ethyl)-2-thioxo-2,3-dihydroquinazolin-4(1H)-one']"
"CHEMBL73933";"4'-HYDROXY-FLAVANONE";"";"Small molecule";"";"240.26";"38";"60";"3.10";"46.53";"3";"1";"0";"1";"N";"0.83";"2";"MOL";"-1";"18";"1.04";"C15H12O3";"O=C1CC(c2ccc(O)cc2)Oc2ccccc21";"ZLHVIYHWWQYJID-UHFFFAOYSA-N";"InChI=1S/C15H12O3/c16-11-7-5-10(6-8-11)15-9-13(17)12-3-1-2-4-14(12)18-15/h1-8,15-16H,9H2";"False";"-1";"['13b', "4'-Hydroxyflavanone", '36', '9', '5', 'SID57261303', '4c', '32', 'SID26749914', 'Table 4, 3', '10', "4'-Hydroxyflavanone", '21', '4', '33']";"['2-(4-Hydroxy-phenyl)-chroman-4-one', '2-(4-Hydroxy-phenyl)-chroman-4-one', '2-(4-hydroxyphenyl)-2,3-dihydrochromen-4-one', "4'-hydroxyflavaone", "4'-hydroxyflavanone", 'SID57261303', '2-(4-Hydroxyphenyl)chroman-4-one', '2-(4-Hydroxy-phenyl)-chroman-4-one', 'SID26749914', "4'-hydroxyflavanone", "4'-hydroxy-flavanone", "4'-Hydroxyflavanone", "4'-hydroxyflavanone", "4'-hydroxyflavanone", "4'-Hydroxyflavanone"]"
"CHEMBL4159866";"";"";"Small molecule";"";"349.37";"1";"1";"3.22";"115.45";"7";"2";"0";"7";"N";"0.26";"2";"MOL";"-1";"24";"-1.10";"C15H15N3O5S";"CCCCOc1ccc(-c2cc(C(=O)O)nc(S)n2)cc1[N+](=O)[O-]";"PSUZAVWQNLLERQ-UHFFFAOYSA-N";"InChI=1S/C15H15N3O5S/c1-2-3-6-23-13-5-4-9(7-12(13)18(21)22)10-8-11(14(19)20)17-15(24)16-10/h4-5,7-8H,2-3,6H2,1H3,(H,19,20)(H,16,17,24)";"False";"-1";"['10d']";"['6-(4-butoxy-3-nitrophenyl)-2-mercaptopyrimidine-4-carboxylic acid']"
"CHEMBL64616";"";"";"Small molecule";"";"235.29";"3";"4";"2.05";"86.72";"5";"3";"0";"6";"N";"0.67";"2";"MOL";"-1";"17";"-0.72";"C11H17N5O";"CCCCCCNc1nc(O)c2[nH]cnc2n1";"GKSZXMSYBGLUJH-UHFFFAOYSA-N";"InChI=1S/C11H17N5O/c1-2-3-4-5-6-12-11-15-9-8(10(17)16-11)13-7-14-9/h7H,2-6H2,1H3,(H3,12,13,14,15,16,17)";"False";"-1";"['24', '7f']";"['2-Hexylamino-9H-purin-6-ol', '2-Hexylamino-1,9-dihydro-purin-6-one']"
"CHEMBL1430018";"";"";"Small molecule";"";"260.25";"21";"29";"0.24";"99.33";"5";"4";"0";"3";"N";"0.35";"1";"MOL";"-1";"19";"-0.87";"C12H12N4O3";"CC(NNc1ccccc1)=C1C(=O)NC(=O)NC1=O";"VSKCQLGNXUVIEE-UHFFFAOYSA-N";"InChI=1S/C12H12N4O3/c1-7(15-16-8-5-3-2-4-6-8)9-10(17)13-12(19)14-11(9)18/h2-6,15-16H,1H3,(H2,13,14,17,18,19)";"False";"-1";"['SID26725997', '6d']";"['SID26725997', '5-(1-(2-Phenylhydrazinyl)ethylidene)pyrimidine-2,4,6(1H,3H,5H)-trione']"
"CHEMBL5946818";"";"";"";"";"347.31";"2";"9";"0.73";"156.87";"7";"5";"0";"3";"N";"0.44";"3";"MOL";"-1";"24";"-1.64";"C13H9N5O5S";"O=C(Nc1ccc(-c2noc(=O)[nH]2)cc1)c1c(O)[nH]c(=S)[nH]c1=O";"XPCIURBMYXHSLB-UHFFFAOYSA-N";"InChI=1S/C13H9N5O5S/c19-9(7-10(20)16-12(24)17-11(7)21)14-6-3-1-5(2-4-6)8-15-13(22)23-18-8/h1-4H,(H,14,19)(H,15,18,22)(H3,16,17,20,21,24)";"False";"-1";"['BDBM289118']";"['6-Hydroxy-4-oxo-N-(4-(5-oxo-4,5-dihydro-1,2,4-oxadiazol-3-yl)phenyl)-2-thioxo-1,2,3,4-tetrahydropyrimidine-5-carboxamide::US10093658, Compound Formula (Ig)']"
"CHEMBL482234";"";"";"Small molecule";"";"390.39";"3";"5";"2.41";"92.68";"8";"1";"0";"6";"N";"0.80";"2";"MOL";"-1";"28";"1.42";"C20H22O8";"COc1ccc([C@@H]2Oc3cc(OC)c(OC)c(OC)c3C(=O)[C@@H]2O)cc1OC";"ZSTDIJUTEZNPGU-ROUUACIJSA-N";"InChI=1S/C20H22O8/c1-23-11-7-6-10(8-12(11)24-2)18-17(22)16(21)15-13(28-18)9-14(25-3)19(26-4)20(15)27-5/h6-9,17-18,22H,1-5H3/t17-,18-/m0/s1";"False";"-1";"['(+/-)-4d']";"['(+/-)-cis-2,3-Dihydro-3-hydroxy-5,6,7-trimethoxy-2-(3,4-dimethoxyphenyl)-4H-1-benzopyran-4-one']"
"CHEMBL3127122";"";"";"Small molecule";"";"271.20";"3";"3";"1.92";"81.00";"4";"2";"0";"2";"N";"0.87";"2";"MOL";"-1";"19";"-1.08";"C11H8F3N3O2";"Nc1nc(-c2cccc(OC(F)(F)F)c2)cc(=O)[nH]1";"XPRMWNJSRFZDPS-UHFFFAOYSA-N";"InChI=1S/C11H8F3N3O2/c12-11(13,14)19-7-3-1-2-6(4-7)8-5-9(18)17-10(15)16-8/h1-5H,(H3,15,16,17,18)";"False";"-1";"['21']";"['2-amino-6-(3-(trifluoromethoxy)phenyl)pyrimidin-4(3H)-one']"
"CHEMBL4105259";"";"";"Small molecule";"";"286.68";"1";"2";"1.61";"91.73";"5";"2";"0";"1";"N";"0.56";"4";"MOL";"-1";"20";"-1.85";"C12H7ClN6O";"O=c1[nH]c2[nH]ncc2c2nc(-c3ccccc3Cl)nn12";"CTYVBUQAEICXOF-UHFFFAOYSA-N";"InChI=1S/C12H7ClN6O/c13-8-4-2-1-3-6(8)10-15-11-7-5-14-17-9(7)16-12(20)19(11)18-10/h1-5H,(H2,14,16,17,20)";"False";"-1";"['229']";"['2-(2-chlorophenyl)-6,7-dihydro-5H-pyrazolo[4,3-e][1,2,4]triazolo[1,5-c]pyrimidin-5-one']"
"CHEMBL4088050";"";"";"Small molecule";"";"299.25";"1";"2";"1.00";"141.96";"7";"3";"0";"4";"N";"0.37";"3";"MOL";"-1";"22";"-1.89";"C12H9N7O3";"O=c1nc(N/N=C/c2ccc([N+](=O)[O-])cc2)c2cn[nH]c2[nH]1";"XVZOTNUEZFJLOS-WLRTZDKTSA-N";"InChI=1S/C12H9N7O3/c20-12-15-10(9-6-14-18-11(9)16-12)17-13-5-7-1-3-8(4-2-7)19(21)22/h1-6H,(H3,14,15,16,17,18,20)/b13-5+";"False";"-1";"['179']";"['4-(2-(4-nitrobenzylidene)hydrazinyl)-1H-pyrazolo[3,4-d]pyrimidin-6(7H)-one']"
"CHEMBL86132";"";"";"Small molecule";"";"270.36";"1";"1";"2.01";"101.13";"6";"3";"0";"8";"N";"0.29";"1";"MOL";"-1";"18";"-0.92";"C11H18N4O2S";"CCCCCCSc1nc(N)c(NC=O)c(O)n1";"VILKNUJQRFKFOC-UHFFFAOYSA-N";"InChI=1S/C11H18N4O2S/c1-2-3-4-5-6-18-11-14-9(12)8(13-7-16)10(17)15-11/h7H,2-6H2,1H3,(H,13,16)(H3,12,14,15,17)";"False";"-1";"['2f']";"['N-(4-Amino-2-hexylsulfanyl-6-oxo-1,6-dihydro-pyrimidin-5-yl)-formamide']"
"CHEMBL4225990";"";"";"Small molecule";"";"349.16";"1";"1";"4.15";"58.62";"4";"1";"0";"3";"N";"0.44";"3";"MOL";"-1";"21";"-1.31";"C15H10BrFN2O2";"O/N=C(\Cc1ccc(F)cc1)c1nc2ccc(Br)cc2o1";"SCKNOQIVSFNYES-CPNJWEJPSA-N";"InChI=1S/C15H10BrFN2O2/c16-10-3-6-12-14(8-10)21-15(18-12)13(19-20)7-9-1-4-11(17)5-2-9/h1-6,8,20H,7H2/b19-13+";"False";"-1";"['5m']";"['(E)-1-(6-Bromobenzo[d]oxazol-2-yl)-2-(4-fluorophenyl)ethanone oxime']"
"CHEMBL164921";"";"";"Small molecule";"";"163.14";"14";"16";"1.47";"71.82";"3";"1";"0";"1";"N";"0.51";"2";"MOL";"-1";"12";"-1.95";"C7H5N3O2";"O=[N+]([O-])c1ccc2[nH]cnc2c1";"XPAZGLFMMUODDK-UHFFFAOYSA-N";"InChI=1S/C7H5N3O2/c11-10(12)5-1-2-6-7(3-5)9-4-8-6/h1-4H,(H,8,9)";"False";"-1";"['9', 'SID144213145', '25', 'SID17389792', 'SID144208882', '24', '5', '34', 'SID89852888', '115; CHEMBL164921', '8']";"['5-Nitro-1H-benzoimidazole', 'SID144213145', '5-Nitro-1H-benzoimidazole', 'SID17389792', 'SID144208882', '5-nitro-1H-benzo[d]imidazole', '5-nitrobenzimidazole', '6-nitrobenzimidazole', 'SID89852888', '6-nitro-1H-benzo[d]imidazole', '5-nitro-1H-benzo[d]imidazole']"
"CHEMBL86056";"";"";"Small molecule";"";"252.34";"2";"4";"2.73";"74.69";"5";"2";"0";"6";"N";"0.47";"2";"MOL";"-1";"17";"-1.00";"C11H16N4OS";"CCCCCCSc1nc(O)c2[nH]cnc2n1";"CVGMBRRCDSMLRS-UHFFFAOYSA-N";"InChI=1S/C11H16N4OS/c1-2-3-4-5-6-17-11-14-9-8(10(16)15-11)12-7-13-9/h7H,2-6H2,1H3,(H2,12,13,14,15,16)";"False";"-1";"['161', '3c']";"['2-(hexylthio)-1H-purin-6(9H)-one', '2-Hexylsulfanyl-1,9-dihydro-purin-6-one']"
"CHEMBL157729";"";"";"Small molecule";"";"132.17";"9";"11";"1.87";"28.68";"1";"1";"0";"0";"Y";"0.58";"2";"MOL";"-1";"10";"-1.47";"C8H8N2";"Cc1ccc2nc[nH]c2c1";"RWXZXCZBMQPOBF-UHFFFAOYSA-N";"InChI=1S/C8H8N2/c1-6-2-3-7-8(4-6)10-5-9-7/h2-5H,1H3,(H,9,10)";"False";"-1";"['14', '44', '1c', '11', '9']";"['5-Methyl-1H-benzoimidazole', '5-Methyl-1H-benzoimidazole', '6-methyl-1H-benzo[d]imidazole', '5-methylbenzimidazole', '5-methyl-1H-benzo[d]imidazole']"
"CHEMBL5559876";"";"";"";"";"320.35";"2";"2";"4.20";"82.45";"4";"3";"0";"4";"N";"0.67";"3";"MOL";"-1";"24";"-0.86";"C19H16N2O3";"Cc1cccc(Nc2cncc(-c3ccc(C(=O)O)c(O)c3)c2)c1";"XIGBZAJRPVBHKS-UHFFFAOYSA-N";"InChI=1S/C19H16N2O3/c1-12-3-2-4-15(7-12)21-16-8-14(10-20-11-16)13-5-6-17(19(23)24)18(22)9-13/h2-11,21-22H,1H3,(H,23,24)";"False";"-1";"['II16']";"['2-Hydroxy-4-(5-(m-tolylamino)pyridin-3-yl)benzoic acid']"
"CHEMBL76447";"NOBILETIN";"";"Small molecule";"";"402.40";"122";"205";"3.51";"85.59";"8";"0";"0";"7";"N";"0.59";"3";"MOL";"-1";"29";"0.84";"C21H22O8";"COc1ccc(-c2cc(=O)c3c(OC)c(OC)c(OC)c(OC)c3o2)cc1OC";"MRIAQLRQZPPODS-UHFFFAOYSA-N";"InChI=1S/C21H22O8/c1-23-13-8-7-11(9-15(13)24-2)14-10-12(22)16-17(25-3)19(26-4)21(28-6)20(27-5)18(16)29-14/h7-10H,1-6H3";"False";"-1";"['58', 'Nobiletin', '1, Nobiletin', 'NOBILETIN', '16', 'SID117869', 'Nobiletin', '13', 'NSC-76751', 'Nobiletin-(I)', '31', 'Nobiletin', 'SID26749718', 'I', 'SID26719701', '11, nobiletin', 'nobiletin', 'Nobiletin', 'SAM001246662', '20', '1', 'Nobiletin', 'NOB, nobiletin', 'Nobiletin', '4, Nobiletin', '1', '4, nobiletin', 'Nobiletin', '1', 'SID22405484', 'Nobiletin', 'SID26725105', 'nobiletin', 'Nobiletin', '21', 'Nobiletin', 'Nobiletin (Hexamethoxyflavone)', '48', 'Nobiletin (Hexamethoxyflavone)', 'Nobiletin (Hexamethoxyflavone)', 'NOBILETIN (HEXAMETHOXYFLAVONE)', '44']";"['2-(3,4-Dimethoxy-phenyl)-5,6,7,8-tetramethoxy-chromen-4-one', 'Nobiletin', "3',4',5,6,7,8-hexamethoxyflavone", 'NOBILETIN', 'Nobiletin', 'SID117869', 'Nobiletin', 'Nobiletin', '2-(3,4-dimethoxyphenyl)-5,6,7,8-tetramethoxy-4H-chromen-4-one', '2-(3,4-dimethoxyphenyl)-5,6,7,8-tetramethoxy-4H-chromen-4-one', 'nobiletin', "5,6,7,8,3',4'-hexamethoxyflavone", 'SID26749718', 'nobiletin', 'SID26719701', "5,6,7,8,3',4'-hexamethoxyflavone", 'nobiletin', 'Nobiletin', 'C0164908', 'Nobiletin', 'nobiletin', "5,6,7,8,3',4'-hexamethoxyflavone", '2-(3,4-dimethoxyphenyl)-5,6,7,8-tetramethoxy-4H-chromen-4-one', 'Nobiletin', '2-(3,4-dimethoxyphenyl)-5,6,7,8-tetramethoxy-4H-chromen-4-one', 'Nobiletin', "5,6,7,8,3',4'-hexamethoxyflavone", 'Nobiletin', 'Nobiletin', 'SID22405484', 'Nobiletin', 'SID26725105', 'nobiletin', 'Nobiletin', 'Nobiletin', 'Nobiletin', 'Nobiletin (Hexamethoxyflavone)', 'Nobiletin', 'Nobiletin (Hexamethoxyflavone)', 'Nobiletin (Hexamethoxyflavone)', 'NOBILETIN (HEXAMETHOXYFLAVONE)', 'Nobiletin']"
"CHEMBL3823032";"";"";"Small molecule";"";"371.37";"5";"11";"3.79";"87.90";"6";"0";"0";"9";"N";"0.16";"1";"MOL";"-1";"25";"-0.25";"C17H26NO6P";"CCOC(=O)c1ccc(/C=[N+](\[O-])C(C)(C)P(=O)(OCC)OCC)cc1";"QAQKAIFQMLOENU-AQTBWJFISA-N";"InChI=1S/C17H26NO6P/c1-6-22-16(19)15-11-9-14(10-12-15)13-18(20)17(4,5)25(21,23-7-2)24-8-3/h9-13H,6-8H2,1-5H3/b18-13-";"False";"-1";"['4o']";"['2-(Diethoxyphosphoryl)-N-(4-ethoxycarbonylbenzylidene)propan-2-amine oxide']"
"CHEMBL5597960";"";"";"";"";"281.27";"2";"8";"2.56";"90.55";"4";"2";"0";"2";"N";"0.88";"2";"MOL";"-1";"21";"-0.10";"C16H11NO4";"N#Cc1cc2c(c(-c3ccc(C(=O)O)c(O)c3)c1)OCC2";"WZNKNNAXHWUUNN-UHFFFAOYSA-N";"InChI=1S/C16H11NO4/c17-8-9-5-11-3-4-21-15(11)13(6-9)10-1-2-12(16(19)20)14(18)7-10/h1-2,5-7,18H,3-4H2,(H,19,20)";"False";"-1";"['18', 'BDBM377692']";"['4-(5-Cyano-2,3-dihydrobenzofuran-7-yl)-2-hydroxybenzoic Acid', 'US10266496, Example 4']"
"CHEMBL5979764";"";"";"";"";"279.25";"2";"6";"2.28";"98.62";"5";"2";"0";"2";"N";"0.75";"3";"MOL";"-1";"21";"-0.76";"C15H9N3O3";"N#Cc1cc(-c2ccc(C(=O)O)c(O)c2)c2nccn2c1";"MNQASPCCBGXSTA-UHFFFAOYSA-N";"InChI=1S/C15H9N3O3/c16-7-9-5-12(14-17-3-4-18(14)8-9)10-1-2-11(15(20)21)13(19)6-10/h1-6,8,19H,(H,20,21)";"False";"-1";"['BDBM377693']";"['US10266496, Example 5']"
"CHEMBL3248017";"";"";"Small molecule";"";"187.18";"2";"3";"-1.21";"113.23";"4";"3";"0";"0";"N";"0.47";"1";"MOL";"-1";"12";"-0.92";"C4H5N5O2S";"NC1=NS(=O)(=O)Nc2[nH]cnc21";"XHUJLOYABCEGKW-UHFFFAOYSA-N";"InChI=1S/C4H5N5O2S/c5-3-2-4(7-1-6-2)9-12(10,11)8-3/h1,9H,(H2,5,8)(H,6,7)";"False";"-1";"['6']";"['2,2-Dioxo-2,7-dihydro-1H-2lambda[6]-imidazo[4,5-c][1,2,6]thiadiazin-4-ylamine']"
"CHEMBL503182";"";"";"Small molecule";"";"642.52";"2";"2";"-3.01";"309.89";"18";"12";"3";"7";"N";"0.11";"3";"MOL";"-1";"45";"1.81";"C27H30O18";"O=c1c(O)c(-c2cc(O)c(O)c(O)c2)oc2cc(O[C@@H]3O[C@H](CO[C@@H]4O[C@H](CO)[C@@H](O)[C@H](O)[C@H]4O)[C@@H](O)[C@H](O)[C@H]3O)cc(O)c12";"OTKPDMUTDKZZOL-JZKFIENUSA-N";"InChI=1S/C27H30O18/c28-5-13-17(33)20(36)23(39)26(44-13)41-6-14-18(34)21(37)24(40)27(45-14)42-8-3-9(29)15-12(4-8)43-25(22(38)19(15)35)7-1-10(30)16(32)11(31)2-7/h1-4,13-14,17-18,20-21,23-24,26-34,36-40H,5-6H2/t13-,14-,17-,18-,20+,21+,23-,24-,26-,27-/m1/s1";"False";"-1";"['1']";"['myricetin 7-O-beta-D-glucopyranosyl-(1->6)-beta-D-glucopyranoside']"
"CHEMBL3823574";"";"";"Small molecule";"";"345.33";"5";"19";"3.33";"91.06";"6";"1";"0";"8";"N";"0.26";"1";"MOL";"-1";"23";"0.23";"C15H24NO6P";"CCOP(=O)(OCC)C(C)(C)/[N+]([O-])=C/c1ccc(O)c(OC)c1";"SIXFUPOGRIPKDE-WJDWOHSUSA-N";"InChI=1S/C15H24NO6P/c1-6-21-23(19,22-7-2)15(3,4)16(18)11-12-8-9-13(17)14(10-12)20-5/h8-11,17H,6-7H2,1-5H3/b16-11-";"False";"-1";"['4h']";"['2-(Diethoxyphosphoryl)-N-(4-hydroxy-3-methoxybenzylidene)propan-2-amineoxide']"
"CHEMBL508899";"";"";"Small molecule";"";"585.53";"4";"4";"1.01";"207.36";"15";"2";"2";"9";"N";"0.27";"3";"MOL";"-1";"42";"-0.05";"C26H27N5O11";"CC(=O)OC[C@H]1O[C@@H](Nc2ncnc3c2cnn3-c2ccc(C(=O)O)cc2)[C@H](OC(C)=O)[C@@H](OC(C)=O)[C@@H]1OC(C)=O";"UIOMIHJAKXIPAX-YPHVFAKOSA-N";"InChI=1S/C26H27N5O11/c1-12(32)38-10-19-20(39-13(2)33)21(40-14(3)34)22(41-15(4)35)25(42-19)30-23-18-9-29-31(24(18)28-11-27-23)17-7-5-16(6-8-17)26(36)37/h5-9,11,19-22,25H,10H2,1-4H3,(H,36,37)(H,27,28,30)/t19-,20-,21+,22-,25-/m1/s1";"False";"-1";"['7']";"["N-(4''-Carboxyphenyl)-N-(2',3',4',6'-tetra-O-acetyl-beta-D-glucopyranosyl)pyrazolo[3,4-d] pyrimidine"]"
"CHEMBL390320";"ISOSCOPOLETIN";"";"Small molecule";"";"192.17";"20";"33";"1.51";"59.67";"4";"1";"0";"1";"N";"0.70";"2";"MOL";"-1";"14";"1.04";"C10H8O4";"COc1cc2oc(=O)ccc2cc1O";"SYTYLPHCLSSCOJ-UHFFFAOYSA-N";"InChI=1S/C10H8O4/c1-13-9-5-8-6(4-7(9)11)2-3-10(12)14-8/h2-5,11H,1H3";"False";"-1";"['8', '9', '13', '20', '20', '2', '106', 'SID26756958', '38', 'Isoscopoletine', '17', '17']";"['isoscopoletin', '6-Hydroxy-7-methoxycoumarin', 'isoscopoletin', '6-hydroxy-7-methoxy-2H-chromen-2-one', '6-hydroxy-7-methoxy-2H-chromen-2-one', 'isoscopoletin', 'Aesculetin-7-methyl ether', 'SID26756958', 'Isoscopoletin', 'Isoscopoletine', 'Isoscopoletin', '6-hydroxy-7-methoxycoumarin']"
"CHEMBL3247906";"";"";"Small molecule";"";"296.12";"2";"2";"2.41";"89.85";"6";"2";"0";"1";"N";"0.72";"3";"MOL";"-1";"19";"-1.46";"C11H7Cl2N5O";"Nc1nc(O)c2ncn(-c3ccc(Cl)c(Cl)c3)c2n1";"WGKXECLNRFMIPE-UHFFFAOYSA-N";"InChI=1S/C11H7Cl2N5O/c12-6-2-1-5(3-7(6)13)18-4-15-8-9(18)16-11(14)17-10(8)19/h1-4H,(H3,14,16,17,19)";"False";"-1";"['Table VIII R1C1']";"['2-amino-9-(3,4-dichlorophenyl)-9H-purin-6-ol']"
"CHEMBL3904813";"";"";"Small molecule";"";"381.48";"2";"2";"3.05";"61.88";"5";"1";"0";"7";"N";"0.75";"2";"MOL";"-1";"28";"-1.61";"C22H27N3O3";"CCOc1ccc(N2CCN(C(=O)CNc3ccc(C(C)=O)cc3)CC2)cc1";"QEVGJQAKVJPHSF-UHFFFAOYSA-N";"InChI=1S/C22H27N3O3/c1-3-28-21-10-8-20(9-11-21)24-12-14-25(15-13-24)22(27)16-23-19-6-4-18(5-7-19)17(2)26/h4-11,23H,3,12-16H2,1-2H3";"False";"-1";"['BDBM244057']";"['US9428478, TG6-153']"
"CHEMBL5197267";"";"";"";"";"293.29";"1";"1";"1.39";"103.57";"5";"2";"0";"2";"N";"0.74";"3";"MOL";"-1";"22";"-1.63";"C15H11N5O2";"Cn1cc(C#N)c2cc(NC(=O)c3cc(=O)[nH]cn3)ccc21";"SAJWCJUMROQNKZ-UHFFFAOYSA-N";"InChI=1S/C15H11N5O2/c1-20-7-9(6-16)11-4-10(2-3-13(11)20)19-15(22)12-5-14(21)18-8-17-12/h2-5,7-8H,1H3,(H,19,22)(H,17,18,21)";"False";"-1";"['13b']";"['N-(3-cyano-1-methyl-1H-indol-5-yl)-6-oxo-1,6-dihydropyrimidine-4-carboxamide']"
"CHEMBL5199210";"";"";"";"";"375.90";"1";"1";"4.84";"38.66";"3";"1";"0";"4";"N";"0.61";"2";"MOL";"-1";"24";"-1.15";"C18H14ClNO2S2";"COc1cc(/C=C2/SC(S)=NC2=O)ccc1Cc1ccccc1Cl";"AYTTYKPAADBLTE-CXUHLZMHSA-N";"InChI=1S/C18H14ClNO2S2/c1-22-15-8-11(9-16-17(21)20-18(23)24-16)6-7-13(15)10-12-4-2-3-5-14(12)19/h2-9H,10H2,1H3,(H,20,21,23)/b16-9+";"False";"-1";"['XO-37']";"['(E)-5-(4-(2-chlorobenzyl)-3-methoxybenzylidene)-2-mercaptothiazol-4(5H)-one']"
"CHEMBL388596";"2,6-DIAMINOPURINE";"";"Small molecule";"";"150.15";"24";"36";"-0.48";"106.50";"5";"3";"0";"0";"N";"0.47";"2";"MOL";"-1";"11";"-0.40";"C5H6N6";"Nc1nc(N)c2nc[nH]c2n1";"MSSXOMSJDRHRMC-UHFFFAOYSA-N";"InChI=1S/C5H6N6/c6-3-2-4(9-1-8-2)11-5(7)10-3/h1H,(H5,6,7,8,9,10,11)";"False";"-1";"['2', '13', '12', 'DAP', '4', 'SID47193875', '2,6-Diaminopurine', '7', 'R5', '2,6-diaminopurine']";"['9H-Purine-2,6-diamine', '9H-purine-2,6-diamine', '2,6-diaminopurine', '2,6-diaminopurine', '7H-purine-2,6-diamine', 'SID47193875', '2,6-Diaminopurine', '2,6-Diaminopurine', '2,6-Diaminopurine', '2,6-diaminopurine']"
"CHEMBL4067588";"";"";"Small molecule";"";"284.28";"1";"2";"1.10";"108.05";"6";"3";"0";"4";"N";"0.49";"3";"MOL";"-1";"21";"-1.51";"C13H12N6O2";"COc1ccc(/C=N/Nc2nc(=O)[nH]c3[nH]ncc23)cc1";"XDKSKWKHJWWVOT-MKMNVTDBSA-N";"InChI=1S/C13H12N6O2/c1-21-9-4-2-8(3-5-9)6-14-18-11-10-7-15-19-12(10)17-13(20)16-11/h2-7H,1H3,(H3,15,16,17,18,19,20)/b14-6+";"False";"-1";"['175']";"['4-(2-(4-methoxybenzylidene)hydrazinyl)-1H-pyrazolo[3,4-d]pyrimidin-6(7H)-one']"
"CHEMBL5190168";"";"";"";"";"333.35";"1";"1";"2.26";"103.57";"5";"2";"0";"4";"N";"0.76";"3";"MOL";"-1";"25";"-1.70";"C18H15N5O2";"N#Cc1cn(CC2CC2)c2ccc(NC(=O)c3cc(=O)[nH]cn3)cc12";"BSXYOAABUMJNIO-UHFFFAOYSA-N";"InChI=1S/C18H15N5O2/c19-7-12-9-23(8-11-1-2-11)16-4-3-13(5-14(12)16)22-18(25)15-6-17(24)21-10-20-15/h3-6,9-11H,1-2,8H2,(H,22,25)(H,20,21,24)";"False";"-1";"['13f']";"['N-(3-cyano-1-cyclopropylmethyl-1H-indol-5-yl)-6-oxo-1,6-dihydropyrimidine-4-carboxamide']"
"CHEMBL5199348";"";"";"";"";"389.47";"2";"2";"3.86";"81.70";"5";"1";"0";"9";"N";"0.52";"2";"MOL";"-1";"27";"-0.63";"C20H23NO5S";"CCCCS(=O)(=O)Oc1ccc(/C=C/C(=O)Nc2ccccc2)cc1OC";"NWTFDDWITQGJFI-ACCUITESSA-N";"InChI=1S/C20H23NO5S/c1-3-4-14-27(23,24)26-18-12-10-16(15-19(18)25-2)11-13-20(22)21-17-8-6-5-7-9-17/h5-13,15H,3-4,14H2,1-2H3,(H,21,22)/b13-11+";"False";"-1";"['F11']";"['2-methoxy-4-(3-oxo-3-(phenylamino)prop-1-en-1-yl)phenyl butane-1-sulfonate']"
"CHEMBL512212";"";"";"Small molecule";"";"256.23";"4";"4";"1.31";"112.76";"7";"1";"0";"2";"N";"0.55";"3";"MOL";"-1";"19";"-1.98";"C11H8N6O2";"Nc1ncnc2c1cnn2-c1ccc([N+](=O)[O-])cc1";"NFVAFEQWWNNKLX-UHFFFAOYSA-N";"InChI=1S/C11H8N6O2/c12-10-9-5-15-16(11(9)14-6-13-10)7-1-3-8(4-2-7)17(18)19/h1-6H,(H2,12,13,14)";"False";"-1";"['5e']";"["1-(4'-Nitrophenyl)-1H-pyrazolo[3,4-d]pyrimidin-4-ylamine"]"
"CHEMBL5568149";"";"";"";"";"334.38";"2";"2";"4.51";"82.45";"4";"3";"0";"4";"N";"0.65";"3";"MOL";"-1";"25";"-0.86";"C20H18N2O3";"Cc1ccc(Nc2cncc(-c3ccc(C(=O)O)c(O)c3)c2)cc1C";"CQKQWWHEDKNMHH-UHFFFAOYSA-N";"InChI=1S/C20H18N2O3/c1-12-3-5-16(7-13(12)2)22-17-8-15(10-21-11-17)14-4-6-18(20(24)25)19(23)9-14/h3-11,22-23H,1-2H3,(H,24,25)";"False";"-1";"['II19']";"['4-(5-((3,4-Dimethylphenyl)amino)pyridin-3-yl)-2-hydroxybenzoic acid']"
"CHEMBL5423239";"";"";"";"";"278.36";"1";"1";"3.83";"54.46";"3";"1";"0";"2";"N";"0.77";"3";"MOL";"-1";"21";"-1.41";"C17H18N4";"CC(C)(C)c1ccc(-c2ccc(-c3nnn[nH]3)cc2)cc1";"SLVWXSWUTDGJBB-UHFFFAOYSA-N";"InChI=1S/C17H18N4/c1-17(2,3)15-10-8-13(9-11-15)12-4-6-14(7-5-12)16-18-20-21-19-16/h4-11H,1-3H3,(H,18,19,20,21)";"False";"-1";"['IIa']";"["5-(4'-(tert-butyl)-[1,1'-biphenyl]-4-yl)-1H-tetrazole"]"
"CHEMBL5398917";"";"";"";"";"295.30";"1";"1";"2.13";"92.79";"5";"2";"0";"4";"N";"0.77";"3";"MOL";"-1";"22";"-1.84";"C15H13N5O2";"COc1ccc(NC(=O)c2ccc(-c3nnn[nH]3)cc2)cc1";"LHQHDDRYLYGCFN-UHFFFAOYSA-N";"InChI=1S/C15H13N5O2/c1-22-13-8-6-12(7-9-13)16-15(21)11-4-2-10(3-5-11)14-17-19-20-18-14/h2-9H,1H3,(H,16,21)(H,17,18,19,20)";"False";"-1";"['IIIb']";"['N-(4-methoxyphenyl)-4-(1H-tetrazol-5-yl)benzamide']"
"CHEMBL4170515";"";"";"Small molecule";"";"363.40";"1";"1";"3.46";"115.45";"7";"2";"0";"7";"N";"0.33";"2";"MOL";"-1";"25";"-1.01";"C16H17N3O5S";"CC(C)CCOc1ccc(-c2cc(C(=O)O)nc(S)n2)cc1[N+](=O)[O-]";"YBPIJHUWESUBMW-UHFFFAOYSA-N";"InChI=1S/C16H17N3O5S/c1-9(2)5-6-24-14-4-3-10(7-13(14)19(22)23)11-8-12(15(20)21)18-16(25)17-11/h3-4,7-9H,5-6H2,1-2H3,(H,20,21)(H,17,18,25)";"False";"-1";"['10c']";"['6-(4-(isopentyloxy)-3-nitrophenyl)-2-mercaptopyrimidine-4-carboxylic acid']"
"CHEMBL471069";"BOLETININ J";"";"Small molecule";"";"432.56";"3";"5";"5.77";"100.90";"4";"2";"1";"14";"N";"0.21";"0";"MOL";"-1";"31";"1.57";"C25H36O6";"C/C(=C\CC/C(C)=C/COC(=O)/C(C)=C/C(=O)O)CC/C=C(\C)CC/C=C(\C)C(=O)O";"RGDGFPUBWJTQHJ-HGJUBKMSSA-N";"InChI=1S/C25H36O6/c1-18(9-6-10-19(2)13-8-14-21(4)24(28)29)11-7-12-20(3)15-16-31-25(30)22(5)17-23(26)27/h10-11,14-15,17H,6-9,12-13,16H2,1-5H3,(H,26,27)(H,28,29)/b18-11+,19-10+,20-15+,21-14+,22-17+";"False";"-1";"['12']";"['Boletinin J']"
"CHEMBL5189353";"";"";"";"";"283.29";"2";"5";"2.50";"96.10";"5";"1";"0";"4";"N";"0.93";"2";"MOL";"-1";"21";"-1.31";"C15H13N3O3";"CC(C)Oc1ccc(-c2ncc(C(=O)O)cn2)cc1C#N";"MWTQXEAIRBISCL-UHFFFAOYSA-N";"InChI=1S/C15H13N3O3/c1-9(2)21-13-4-3-10(5-11(13)6-16)14-17-7-12(8-18-14)15(19)20/h3-5,7-9H,1-2H3,(H,19,20)";"False";"-1";"['11a']";"['2-(3-cyano-4-isopropoxy)phenylpyrimidine-5-carboxylic acid']"
"CHEMBL516849";"";"";"Small molecule";"";"480.47";"2";"2";"-1.19";"170.83";"11";"6";"2";"7";"N";"0.20";"1";"MOL";"-1";"34";"2.97";"C23H28O11";"OC[C@H]1O[C@@H](O[C@@H]2OC=C[C@H]3[C@H](O/C=C/c4ccc(O)cc4)[C@@H]4O[C@@]4(CO)[C@@H]23)[C@H](O)[C@@H](O)[C@@H]1O";"AWKRVVGAVDYMNU-XKVKTCGNSA-N";"InChI=1S/C23H28O11/c24-9-14-16(27)17(28)18(29)22(32-14)33-21-15-13(6-8-31-21)19(20-23(15,10-25)34-20)30-7-5-11-1-3-12(26)4-2-11/h1-8,13-22,24-29H,9-10H2/b7-5+/t13-,14-,15-,16-,17+,18-,19+,20+,21+,22+,23+/m1/s1";"False";"-1";"['7']";"['(-)-specioside']"
"CHEMBL5183350";"";"";"";"";"347.38";"1";"1";"2.81";"103.57";"5";"2";"0";"4";"N";"0.71";"3";"MOL";"-1";"26";"-1.09";"C19H17N5O2";"CC(C)=CCn1cc(C#N)c2ccc(NC(=O)c3cc(=O)[nH]cn3)cc21";"YADORMJPXGLBJD-UHFFFAOYSA-N";"InChI=1S/C19H17N5O2/c1-12(2)5-6-24-10-13(9-20)15-4-3-14(7-17(15)24)23-19(26)16-8-18(25)22-11-21-16/h3-5,7-8,10-11H,6H2,1-2H3,(H,23,26)(H,21,22,25)";"False";"-1";"['14k']";"['N-(3-cyano-1-(3-methylbut-2-en-1-yl)-1H-indol-6-yl)-6-oxo-1,6-dihydropyrimidine-4-carboxamide']"
"CHEMBL5179275";"";"";"";"";"292.34";"1";"1";"3.56";"63.73";"5";"0";"0";"3";"N";"0.74";"3";"MOL";"-1";"22";"-1.66";"C17H16N4O";"COc1ccnc(-c2ccc3c(c2)c(C#N)cn3C(C)C)n1";"QUQJWLNCLBLEFD-UHFFFAOYSA-N";"InChI=1S/C17H16N4O/c1-11(2)21-10-13(9-18)14-8-12(4-5-15(14)21)17-19-7-6-16(20-17)22-3/h4-8,10-11H,1-3H3";"False";"-1";"['24c']";"['1-isopropyl-5-(4-methoxypyrimidin-2-yl)-1H-indole-3-carbonitrile']"
"CHEMBL3956175";"";"";"Small molecule";"";"405.38";"2";"2";"3.73";"68.80";"4";"2";"0";"3";"N";"0.70";"3";"MOL";"-1";"29";"-1.18";"C20H18F3N3O3";"O=C(c1cc2cc(O)ccc2[nH]1)N1CCN(c2ccc(OC(F)(F)F)cc2)CC1";"DZTLMHZPDFJUAT-UHFFFAOYSA-N";"InChI=1S/C20H18F3N3O3/c21-20(22,23)29-16-4-1-14(2-5-16)25-7-9-26(10-8-25)19(28)18-12-13-11-15(27)3-6-17(13)24-18/h1-6,11-12,24,27H,7-10H2";"False";"-1";"['BDBM244079']";"['US9428478, TG6-205-2']"
"CHEMBL5193204";"";"";"";"";"403.83";"1";"1";"3.55";"103.57";"5";"2";"0";"4";"N";"0.54";"4";"MOL";"-1";"29";"-2.05";"C21H14ClN5O2";"N#Cc1cn(Cc2cccc(Cl)c2)c2ccc(NC(=O)c3cc(=O)[nH]cn3)cc12";"RNHDYZYATCEWMB-UHFFFAOYSA-N";"InChI=1S/C21H14ClN5O2/c22-15-3-1-2-13(6-15)10-27-11-14(9-23)17-7-16(4-5-19(17)27)26-21(29)18-8-20(28)25-12-24-18/h1-8,11-12H,10H2,(H,26,29)(H,24,25,28)";"False";"-1";"['13q']";"['N-(3-cyano-1-(3-chlorobenzyl)-1H-indol-5-yl)-6-oxo-1,6-dihydropyrimidine-4-carboxamide']"
"CHEMBL5208786";"";"";"";"";"448.28";"1";"1";"3.66";"103.57";"5";"2";"0";"4";"N";"0.50";"4";"MOL";"-1";"29";"-1.76";"C21H14BrN5O2";"N#Cc1cn(Cc2ccc(Br)cc2)c2ccc(NC(=O)c3cc(=O)[nH]cn3)cc12";"FZGSOLJGDAITGB-UHFFFAOYSA-N";"InChI=1S/C21H14BrN5O2/c22-15-3-1-13(2-4-15)10-27-11-14(9-23)17-7-16(5-6-19(17)27)26-21(29)18-8-20(28)25-12-24-18/h1-8,11-12H,10H2,(H,26,29)(H,24,25,28)";"False";"-1";"['13t']";"['N-(3-cyano-1-(4-bromobenzyl)-1H-indol-5-yl]-6-oxo-1,6-dihydropyrimidine-4-carboxamide']"
"CHEMBL5405319";"";"";"";"";"222.20";"1";"1";"1.52";"79.90";"5";"2";"0";"1";"N";"0.76";"2";"MOL";"-1";"16";"1.04";"C11H10O5";"COc1cc(O)cc2c(=O)oc(O)c(C)c12";"RYBINLXQKVLDPK-UHFFFAOYSA-N";"InChI=1S/C11H10O5/c1-5-9-7(11(14)16-10(5)13)3-6(12)4-8(9)15-2/h3-4,12-13H,1-2H3";"False";"-1";"['33a']";"['3,7-dihydroxy-5-methoxy-4-methyl-1H-isochromen-1-one']"
"CHEMBL2205504";"";"";"Small molecule";"";"343.30";"1";"1";"3.36";"90.49";"6";"2";"0";"5";"N";"0.86";"2";"MOL";"-1";"24";"-0.91";"C15H16F3N3O3";"CC(C)COc1ccc(-c2cc(O)nc(N)n2)cc1OC(F)(F)F";"WCUHDDBDCXTCPV-UHFFFAOYSA-N";"InChI=1S/C15H16F3N3O3/c1-8(2)7-23-11-4-3-9(5-12(11)24-15(16,17)18)10-6-13(22)21-14(19)20-10/h3-6,8H,7H2,1-2H3,(H3,19,20,21,22)";"False";"-1";"['7a']";"['2-amino-6-(4-isobutoxy-3-(trifluoromethoxy)phenyl)pyrimidin-4-ol']"
"CHEMBL5590136";"";"";"";"";"322.24";"2";"2";"4.52";"70.67";"3";"2";"0";"2";"N";"0.73";"3";"MOL";"-1";"23";"0.10";"C16H9F3O4";"O=C(O)c1ccc(-c2cc(C(F)(F)F)cc3ccoc23)cc1O";"MDPUTMAHZLBSLP-UHFFFAOYSA-N";"InChI=1S/C16H9F3O4/c17-16(18,19)10-5-9-3-4-23-14(9)12(7-10)8-1-2-11(15(21)22)13(20)6-8/h1-7,20H,(H,21,22)";"False";"-1";"['22']";"['2-Hydroxy-4-(5-(trifluoromethyl)benzofuran-7-yl)benzoic Acid']"
"CHEMBL5184152";"";"";"";"";"335.37";"1";"1";"2.50";"103.57";"5";"2";"0";"4";"N";"0.76";"3";"MOL";"-1";"25";"-1.78";"C18H17N5O2";"CC(C)Cn1cc(C#N)c2cc(NC(=O)c3cc(=O)[nH]cn3)ccc21";"FPFNDWVXUASQLC-UHFFFAOYSA-N";"InChI=1S/C18H17N5O2/c1-11(2)8-23-9-12(7-19)14-5-13(3-4-16(14)23)22-18(25)15-6-17(24)21-10-20-15/h3-6,9-11H,8H2,1-2H3,(H,22,25)(H,20,21,24)";"False";"-1";"['13d']";"['N-(3-cyano-1-isobutyl-1H-indol-5-yl)-6-oxo-1,6-dihydropyrimidine-4-carboxamide']"
"CHEMBL5185442";"";"";"";"";"369.36";"1";"2";"2.74";"124.89";"7";"1";"0";"4";"N";"0.29";"2";"MOL";"-1";"26";"-1.24";"C17H11N3O5S";"NC1=NC(=O)/C(=C\c2ccc(OC(=O)c3ccc([N+](=O)[O-])cc3)cc2)S1";"VCKGGZXYDWORFB-NTEUORMPSA-N";"InChI=1S/C17H11N3O5S/c18-17-19-15(21)14(26-17)9-10-1-7-13(8-2-10)25-16(22)11-3-5-12(6-4-11)20(23)24/h1-9H,(H2,18,19,21)/b14-9+";"False";"-1";"['XO-34']";"['(E)-4-((2-amino-4-oxothiazol-5(4H)-ylidene)methyl)phenyl 4-nitrobenzoate']"
"CHEMBL5561539";"";"";"";"";"375.21";"2";"2";"5.20";"82.45";"4";"3";"1";"4";"N";"0.58";"3";"MOL";"-1";"25";"-0.95";"C18H12Cl2N2O3";"O=C(O)c1ccc(-c2cncc(Nc3ccc(Cl)c(Cl)c3)c2)cc1O";"XCYJOCADISKZJA-UHFFFAOYSA-N";"InChI=1S/C18H12Cl2N2O3/c19-15-4-2-12(7-16(15)20)22-13-5-11(8-21-9-13)10-1-3-14(18(24)25)17(23)6-10/h1-9,22-23H,(H,24,25)";"False";"-1";"['II18']";"['4-(5-((3,4-Dichlorophenyl)amino)pyridin-3-yl)-2-hydroxybenzoic acid']"
"CHEMBL86021";"";"";"Small molecule";"";"238.32";"2";"4";"2.34";"74.69";"5";"2";"0";"5";"N";"0.47";"2";"MOL";"-1";"16";"-1.13";"C10H14N4OS";"CCCCCSc1nc(O)c2[nH]cnc2n1";"HRVGOCBPYAWHNA-UHFFFAOYSA-N";"InChI=1S/C10H14N4OS/c1-2-3-4-5-16-10-13-8-7(9(15)14-10)11-6-12-8/h6H,2-5H2,1H3,(H2,11,12,13,14,15)";"False";"-1";"['3b', '160']";"['2-Pentylsulfanyl-1,9-dihydro-purin-6-one', '2-(pentylthio)-1H-purin-6(9H)-one']"
"CHEMBL4647947";"";"";"Unknown";"";"394.25";"1";"1";"3.29";"84.56";"5";"1";"0";"4";"N";"0.54";"3";"MOL";"-1";"23";"-1.45";"C15H12BrN3O3S";"C/C(=N\NS(=O)(=O)c1ccc(Br)cc1)c1nc2ccccc2o1";"BDSQRLWVDWUCBA-VCHYOVAHSA-N";"InChI=1S/C15H12BrN3O3S/c1-10(15-17-13-4-2-3-5-14(13)22-15)18-19-23(20,21)12-8-6-11(16)7-9-12/h2-9,19H,1H3/b18-10+";"False";"-1";"['9d']";"['N-[1-(1,3-benzoxazol-2-yl)ethylideneamino]-4-bromo-benzenesulfonamide']"
"CHEMBL4636620";"";"";"Unknown";"";"314.37";"1";"1";"2.27";"87.21";"4";"2";"0";"4";"N";"0.57";"3";"MOL";"-1";"22";"-1.37";"C15H14N4O2S";"C/C(=N\NS(=O)(=O)c1ccccc1)c1nc2ccccc2[nH]1";"YPILXUDUKWSLRQ-WOJGMQOQSA-N";"InChI=1S/C15H14N4O2S/c1-11(15-16-13-9-5-6-10-14(13)17-15)18-19-22(20,21)12-7-3-2-4-8-12/h2-10,19H,1H3,(H,16,17)/b18-11+";"False";"-1";"['9r']";"['N-[1-(1H-benzimidazol-2-yl)ethylideneamino]benzenesulfonamide']"
"CHEMBL5428787";"";"";"";"";"314.26";"2";"10";"0.22";"156.88";"7";"5";"0";"3";"N";"0.46";"3";"MOL";"-1";"23";"-1.41";"C13H10N6O4";"O=C(Nc1ccc(-c2cnn[nH]2)cc1)c1c(O)nc(O)[nH]c1=O";"KPHGWHMITGBXPO-UHFFFAOYSA-N";"InChI=1S/C13H10N6O4/c20-10(9-11(21)16-13(23)17-12(9)22)15-7-3-1-6(2-4-7)8-5-14-19-18-8/h1-5H,(H,15,20)(H,14,18,19)(H3,16,17,21,22,23)";"False";"-1";"['BDBM289117', '112']";"['N-(4-(1H-1,2,3-triazol-5-yl)phenyl)-6-hydroxy-2,4-dioxo-1,2,3,4-tetrahydropyrimidine-5-carboxamide::US10093658, Compound Formula (IIe)', 'N-(4-(1H-1,2,3-triazol-5-yl)phenyl)-2,4-dihydroxy-6-oxo-1,6-dihydropyrimidine-5-carboxamide']"
"CHEMBL4071536";"";"";"Small molecule";"";"313.23";"1";"2";"0.57";"155.10";"8";"3";"0";"2";"N";"0.36";"4";"MOL";"-1";"23";"-1.66";"C12H7N7O4";"O=c1[nH]c2[nH]ncc2c2nc(-c3ccc(O)c([N+](=O)[O-])c3)nn12";"IICFLZJHJLBBQT-UHFFFAOYSA-N";"InChI=1S/C12H7N7O4/c20-8-2-1-5(3-7(8)19(22)23)9-14-11-6-4-13-16-10(6)15-12(21)18(11)17-9/h1-4,20H,(H2,13,15,16,21)";"False";"-1";"['238']";"['2-(4-hydroxy-3-nitrophenyl)-6,7-dihydro-5H-pyrazolo[4,3-e][1,2,4]triazolo[1,5-c]pyrimidin-5-one']"
"CHEMBL5400912";"";"";"";"";"331.32";"2";"8";"0.57";"152.44";"7";"5";"0";"3";"N";"0.44";"3";"MOL";"-1";"23";"-2.01";"C12H9N7O3S";"O=C(Nc1ccc(-c2nnn[nH]2)cc1)c1c(O)[nH]c(=S)[nH]c1=O";"CRXIDCXAIWSZSG-UHFFFAOYSA-N";"InChI=1S/C12H9N7O3S/c20-9(7-10(21)14-12(23)15-11(7)22)13-6-3-1-5(2-4-6)8-16-18-19-17-8/h1-4H,(H,13,20)(H,16,17,18,19)(H3,14,15,21,22,23)";"False";"-1";"['111', 'BDBM289113']";"['N-(4-(1H-tetrazol-5-yl)phenyl)-6-hydroxy-4-oxo-2-thioxo-1,2,3,4-tetrahydropyrimidine-5-carboxamide', 'N-(4-(2H-tetrazol-5-yl)phenyl)-6-hydroxy-4-oxo-2-thioxo-1,2,3,4-tetrahydropyrimidine-5-carboxamide::US10093658, Compound Formula (IIb)']"
"CHEMBL85153";"";"";"Small molecule";"";"199.28";"1";"1";"1.66";"72.03";"5";"2";"0";"4";"N";"0.44";"1";"MOL";"-1";"13";"-1.39";"C8H13N3OS";"CCCCSc1nc(N)cc(O)n1";"BYKCMDUPGDVVKB-UHFFFAOYSA-N";"InChI=1S/C8H13N3OS/c1-2-3-4-13-8-10-6(9)5-7(12)11-8/h5H,2-4H2,1H3,(H3,9,10,11,12)";"False";"-1";"['2a']";"['6-Amino-2-butylsulfanyl-3H-pyrimidin-4-one']"
"CHEMBL5984466";"";"";"";"";"467.33";"1";"3";"None";"None";"None";"None";"None";"None";"None";"None";"None";"MOL";"-1";"None";"None";"C19H11F3N2O2SSe";"Cc1nc(-c2ccc(Sc3cccc(C(F)(F)F)c3)c(C#N)c2)[se]c1C(=O)O";"SFJGEBNJMFJGLT-UHFFFAOYSA-N";"InChI=1S/C19H11F3N2O2SSe/c1-10-16(18(25)26)28-17(24-10)11-5-6-15(12(7-11)9-23)27-14-4-2-3-13(8-14)19(20,21)22/h2-8H,1H3,(H,25,26)";"False";"-1";"['BDBM352055']";"['US9802907, Compound 40']"
"CHEMBL5775400";"";"";"";"";"297.24";"2";"6";"3.51";"94.46";"4";"2";"0";"2";"N";"0.75";"3";"MOL";"-1";"22";"-0.31";"C16H8FNO4";"N#Cc1cc(-c2ccc(C(=O)O)c(O)c2)c2cc(F)oc2c1";"LHNJIXAIACSTMS-UHFFFAOYSA-N";"InChI=1S/C16H8FNO4/c17-15-6-12-11(3-8(7-18)4-14(12)22-15)9-1-2-10(16(20)21)13(19)5-9/h1-6,19H,(H,20,21)";"False";"-1";"['BDBM377701']";"['US10266496, Example 28']"
"CHEMBL3247908";"";"";"Small molecule";"";"241.25";"2";"2";"1.41";"89.85";"6";"2";"0";"1";"N";"0.67";"3";"MOL";"-1";"18";"-1.10";"C12H11N5O";"Cc1ccc(-n2cnc3c(O)nc(N)nc32)cc1";"VEPWSVYJQDZEGD-UHFFFAOYSA-N";"InChI=1S/C12H11N5O/c1-7-2-4-8(5-3-7)17-6-14-9-10(17)15-12(13)16-11(9)18/h2-6H,1H3,(H3,13,15,16,18)";"False";"-1";"['Table VIII R3C1']";"['2-amino-9-p-tolyl-9H-purin-6-ol']"
"CHEMBL32749";"FERULATE";"Ferulic acid";"Small molecule";"-1.0";"194.19";"276";"1148";"1.50";"66.76";"3";"2";"0";"3";"N";"0.72";"1";"MOL";"0";"14";"0.93";"C10H10O4";"COc1cc(/C=C/C(=O)O)ccc1O";"KSEBMYQBYZTDHS-HWKANZROSA-N";"InChI=1S/C10H10O4/c1-14-9-6-7(2-4-8(9)11)3-5-10(12)13/h2-6,11H,1H3,(H,12,13)/b5-3+";"False";"0";"['FA', '1; FA', 'Ferulic acid', 'Ferulic acid', '33', 'Table 2, R3C1', '11', '42', 'Ferulic acid', 'Ferulic acid', '26', '6', 'FA', 'Ferulic acid', 'Ferulic acid', 'Ferulic acid', 'ferulic acid', 'Ferulic acid', '1c', 'ferulic acid', '3', '23, 3-methoxycaffeic acid', 'Ferulic acid', '27, Ferulic acid', 'Ferulic_acid (sodium)', 'FA; d2', '12', 'SID26748470', 'Ferulic acid', 'FA', 'Ferulic acid', 'FA', 'Ferulic acid', 'FER', 'Ferulic acid', 'FERULIC ACID', '4', 'Feru', 'FERULIC ACID', 'Ferulic acid', 'Ferulic acid', '2; FA', '13', '9', 'ferulic acid', 'Ferulic acid', 'PHE1', '6a', 'FA', 'ferulic acid', 'III-28', 'FA', 'SID47193700', '69', '43', 'ferulic acid', '7', '44', '21', 'ferulic acid', 'ferulic acid', 'Ferulic acid', 'Ferulic acid', 'ferulic acid', '3', '15', 'ferulic acid', '40, ferulic', '16', 'Ferulic acid', 'Ferulic acid', 'Ferulic acid', 'ferulic acid', 'SID69416', 'Ferulic Acid', 'FA, ferulic acid', 'FERULIC ACID', '32', '5', 'ferulic acid', '5a', 'Ferulic acid', 'Ferulic acid', '1', 'Ferulic acid', '2', '8', 'Ferulic acid', '3', '9', '9', 'F.C.', 'Ferulic acid', 'Ferulic acid', 'FA', 'trans-ferulic acid', '7', '4', 'NP-7', 'ferulic acid', 'Ferulic_acid (sodium)', 'Ferulic acid', '1c', 'Ferulic acid', '5', '2', 'ferulic acid', 'COVC-3362350358', '6', 'Ferulic acid', 'FA', 'Ferulic acid', 'Ferulic acid', 'FA', 'FERULIC ACID (SODIUM)', 'Ferulic acid', '10', 'Ferulic acid', '1; FA', 'FA', 'Table 1, R34C1', 'Ferulic acid', 'Ferulic acid', '6; FA', '0', 'Ferulic acid', 'Ferulic_acid (sodium)', 'Ferulic acid', '13', '79', 'Ferulic_acid', '7', 'Ferulic_acid', 'FerA', 'Ferulic acid', 'Ferulic acid', '29b', 'ferulic acid', '36', '27', 'Ferulic acid', 'Ferulic acid']";"['Ferulic acid', 'Ferulic acid', 'Ferulic acid', 'Ferulic acid', '(E)-3-(4-hydroxy-3-methoxyphenyl)acrylic acid', '(E)-3-(4-hydroxy-3-methoxyphenyl)acrylic acid', '(E)-3-(4-Hydroxy-3-methoxy-phenyl)-acrylic acid', 'trans-3-(4-hydroxy-3-methoxyphenyl)acrylic acid', 'Ferulic acid', 'Ferulic acid', 'trans-ferulic acid', 'ferulic acid', 'Ferulic acid', 'Ferulic acid', 'Ferulic acid', 'Ferulic acid', 'ferulic acid', 'Ferulic acid', 'Ferulic acid', '3-(4-hydroxy-3-methoxyphenyl)acrylic acid', 'ferulic acid', 'Ferulic acid', 'Ferulic acid', '4-hydroxy-3-methoxycinnamic acid', 'Ferulic_acid (sodium)', 'Ferulic acid', 'ferulic acid', 'SID26748470', 'Ferulic acid', 'Ferulic acid', 'Ferulic acid', 'Ferulic acid', 'Ferulic acid', 'FER', 'Ferulic acid', 'FERULIC ACID', 'Ferulic acid', 'Ferulic acid', 'Ferulic acid', 'Ferulic acid', 'Ferulic acid', 'ferulic acid', '3-(4-hydroxy-3-methoxyphenyl)acrylic acid', 'Ferulic acid', '3-(4-hydroxy-3-methoxyphenyl)acrylic acid', 'Ferulic acid', 'Ferulic acid', '(E)-3-(4-Hydroxy-3-methoxy-phenyl)-acrylic acid', '(E)-3-(4-hydroxy-3-methoxyphenyl)acrylic acid', '3-(4-hydroxy-3-methoxyphenyl)acrylic acid', '(E)-3-(4-hydroxy-3-methoxyphenyl)acrylic acid', 'Ferulic acid', 'SID47193700', '3-(4-hydroxy-3-methoxyphenyl)acrylic acid', 'trans-ferulic acid', '3-(4-hydroxy-3-methoxyphenyl)acrylic acid', 'Ferulic Acid', 'ferulic acid', 'ferulic acid', 'ferulic acid', 'ferulic acid', '4-Hydroxy-3-methoxycinnamic acid', 'Ferulic acid', 'ferulic acid', 'Ferulic acid', 'Ferulic acid', '3-(4-hydroxy-3-methoxyphenyl)acrylic acid', '(E)-3-(4-hydroxy-3-methoxyphenyl)acrylic acid', '(E)-Ferulic acid', 'Ferulic acid', '(E)-3-(4-hydroxy-3-methoxyphenyl)acrylic acid', 'Ferulic acid', 'ferulic acid', 'SID69416', 'Ferulic Acid', '3-methoxy-4-hydroxy-cinnamic acid', 'FERULIC ACID', '(E)-ferulic acid', 'ferulic acid', 'ferulic acid', '3-(4-hydroxy-3-methoxyphenyl)acrylic acid', 'Ferulic acid', 'Ferulic acid', 'Ferulic acid', 'Ferulic acid', 'Ferulic acid', '(E)-ferulic acid', 'Ferulic acid', 'Ferulic acid', 'trans-ferulic acid; (E)-3-(4-hydroxy-3-methoxyphenyl)-2-propenoic acid', 'ferulic acid', 'Ferulic acid', 'Ferulic acid', 'Ferulic acid', 'Ferulic acid', 'trans-ferulic acid', 'trans-Ferulic acid', 'Ferulic acid', '(E)-3-(4-hydroxy-3-methoxyphenyl)acrylic acid', 'ferulic acid', 'Ferulic_acid (sodium)', 'Ferulic acid', '(E)-ferulic acid', 'Ferulic acid', '(E)-3-(4-hydroxy-3-methoxyphenyl)acrylic acid', 'Ferulic Acid', 'ferulic acid', 'FERULIC-ACID', 'Ferulic acid', 'Ferulic acid', 'Ferulic Acid', 'Ferulic acid', 'Ferulic acid', 'Ferulic acid', 'FERULIC ACID (SODIUM)', 'Ferulic acid', 'Ferulic acid', 'Ferulic acid', 'Ferulic acid', 'Ferulic acid', '3-methoxy-4-hydroxycinnamic acid', 'Ferulic acid', 'Ferulic acid', 'Ferulic acid', 'Ferulic Acid', 'Ferulic acid', 'Ferulic_acid (sodium)', 'Ferulic acid', '(E)-Ferulic acid', 'Ferulic acid', 'Ferulic_acid', 'Ferulic acid', 'Ferulic_acid', '(E)-3-(4-hydroxy-3-methoxyphenyl)acrylic acid', 'Ferulic acid', 'Ferulic acid', 'Ferulic acid', 'ferulic acid', 'Ferulic acid', '3-(4-hydroxy-3-methoxyphenyl)acrylic acid', 'Ferulic acid', 'Ferulic acid']"
"CHEMBL2238354";"2-BROMOSECOBOLDINE";"";"Small molecule";"";"406.28";"2";"5";"3.95";"70.95";"5";"3";"0";"5";"N";"0.56";"3";"MOL";"-1";"25";"1.27";"C19H20BrNO4";"CNCCc1c(Br)c(O)c(OC)c2c1ccc1cc(O)c(OC)cc12";"PFWPUFBKEGTGHR-UHFFFAOYSA-N";"InChI=1S/C19H20BrNO4/c1-21-7-6-12-11-5-4-10-8-14(22)15(24-2)9-13(10)16(11)19(25-3)18(23)17(12)20/h4-5,8-9,21-23H,6-7H2,1-3H3";"False";"-1";"['2']";"['2-Bromosecoboldine']"
"CHEMBL5205761";"";"";"";"";"349.39";"1";"1";"3.14";"107.45";"5";"2";"0";"4";"N";"0.75";"3";"MOL";"-1";"26";"-1.15";"C19H19N5O2";"N#Cc1cc(-c2ncc3c(=O)[nH][nH]c3n2)ccc1OCC1CCCCC1";"RGDYQVIELSOMJA-UHFFFAOYSA-N";"InChI=1S/C19H19N5O2/c20-9-14-8-13(17-21-10-15-18(22-17)23-24-19(15)25)6-7-16(14)26-11-12-4-2-1-3-5-12/h6-8,10,12H,1-5,11H2,(H2,21,22,23,24,25)";"False";"-1";"['19d']";"['6-(3-cyano-4-(cyclohexylmethoxy)phenyl)-1,2-dihydro-3H-pyrazolo[3,4-d]pyrimidin-3-one']"
"CHEMBL4169719";"";"";"Small molecule";"";"335.34";"1";"1";"2.83";"115.45";"7";"2";"0";"5";"N";"0.37";"2";"MOL";"-1";"23";"-1.22";"C14H13N3O5S";"CC(C)Oc1ccc(-c2cc(C(=O)O)nc(S)n2)cc1[N+](=O)[O-]";"BBLPZAGINNLZHE-UHFFFAOYSA-N";"InChI=1S/C14H13N3O5S/c1-7(2)22-12-4-3-8(5-11(12)17(20)21)9-6-10(13(18)19)16-14(23)15-9/h3-7H,1-2H3,(H,18,19)(H,15,16,23)";"False";"-1";"['10a']";"['6-(4-isopropoxy-3-nitrophenyl)-2-mercaptopyrimidine-4-carboxylic acid']"
"CHEMBL5593003";"";"";"";"";"361.22";"1";"1";"5.15";"56.03";"4";"0";"1";"3";"N";"0.48";"3";"MOL";"-1";"21";"-1.53";"C15H9BrN2O2S";"O=[N+]([O-])c1ccc(-c2cnc(-c3ccc(Br)cc3)s2)cc1";"IDOBUQHLAUPZSL-UHFFFAOYSA-N";"InChI=1S/C15H9BrN2O2S/c16-12-5-1-11(2-6-12)15-17-9-14(21-15)10-3-7-13(8-4-10)18(19)20/h1-9H";"False";"-1";"['100']";"['2-(4-bromophenyl)-5-(4-nitrophenyl)thiazole']"
"CHEMBL5542244";"";"";"";"";"340.77";"2";"2";"4.55";"82.45";"4";"3";"0";"4";"N";"0.65";"3";"MOL";"-1";"24";"-0.95";"C18H13ClN2O3";"O=C(O)c1ccc(-c2cncc(Nc3cccc(Cl)c3)c2)cc1O";"KITCGABOPRSTRW-UHFFFAOYSA-N";"InChI=1S/C18H13ClN2O3/c19-13-2-1-3-14(8-13)21-15-6-12(9-20-10-15)11-4-5-16(18(23)24)17(22)7-11/h1-10,21-22H,(H,23,24)";"False";"-1";"['II15']";"['4-(5-((3-Chlorophenyl)amino)pyridin-3-yl)-2-hydroxybenzoic acid']"
"CHEMBL3127143";"";"";"Small molecule";"";"277.33";"1";"1";"3.05";"57.78";"3";"2";"0";"4";"N";"0.77";"3";"MOL";"-1";"21";"-1.15";"C17H15N3O";"O=c1cc(-c2ccccc2)nc(NCc2ccccc2)[nH]1";"VUGHSKNAAGOYPL-UHFFFAOYSA-N";"InChI=1S/C17H15N3O/c21-16-11-15(14-9-5-2-6-10-14)19-17(20-16)18-12-13-7-3-1-4-8-13/h1-11H,12H2,(H2,18,19,20,21)";"False";"-1";"['8']";"['2-(benzylamino)-6-phenylpyrimidin-4(3H)-one']"
"CHEMBL4172291";"";"";"Small molecule";"";"350.25";"11";"12";"0.06";"185.61";"9";"4";"0";"5";"N";"0.25";"1";"MOL";"-1";"25";"-1.29";"C12H10N6O7";"CC(NNc1ccc([N+](=O)[O-])cc1[N+](=O)[O-])=C1C(=O)NC(=O)NC1=O";"ILVROMKHQNBDAS-UHFFFAOYSA-N";"InChI=1S/C12H10N6O7/c1-5(9-10(19)13-12(21)14-11(9)20)15-16-7-3-2-6(17(22)23)4-8(7)18(24)25/h2-4,15-16H,1H3,(H2,13,14,19,20,21)";"False";"-1";"['6g']";"['5-(1-(2-(2,4-Dinitrophenyl)hydrazinyl)ethylidene)pyrimidine-2,4,6(1H,3H,5H)-trione']"
"CHEMBL5400208";"";"";"";"";"252.28";"1";"1";"2.54";"63.69";"4";"1";"0";"3";"N";"0.78";"3";"MOL";"-1";"19";"-1.42";"C14H12N4O";"COc1cccc(-c2ccc(-c3nnn[nH]3)cc2)c1";"MOHQCTXFEJKQNF-UHFFFAOYSA-N";"InChI=1S/C14H12N4O/c1-19-13-4-2-3-12(9-13)10-5-7-11(8-6-10)14-15-17-18-16-14/h2-9H,1H3,(H,15,16,17,18)";"False";"-1";"['IIc']";"["5-(3'-(methoxy)-[1,1'-biphenyl]-4-yl)-1H-tetrazole"]"
"CHEMBL5404770";"";"";"";"";"323.36";"1";"1";"2.20";"92.79";"5";"2";"0";"6";"N";"0.73";"3";"MOL";"-1";"24";"-1.88";"C17H17N5O2";"CCOc1ccc(CNC(=O)c2ccc(-c3nnn[nH]3)cc2)cc1";"BFENYHBRFBDYQY-UHFFFAOYSA-N";"InChI=1S/C17H17N5O2/c1-2-24-15-9-3-12(4-10-15)11-18-17(23)14-7-5-13(6-8-14)16-19-21-22-20-16/h3-10H,2,11H2,1H3,(H,18,23)(H,19,20,21,22)";"False";"-1";"['IIIf']";"['N-(4-ethoxybenzyl)-4-(1H-tetrazol-5-yl)benzamide']"
"CHEMBL508226";"";"";"Small molecule";"";"539.80";"6";"15";"7.20";"72.47";"4";"1";"2";"6";"N";"0.29";"0";"MOL";"-1";"39";"2.23";"C34H53NO4";"C=C(C)[C@@H]1CC[C@]2(C)[C@H](C(=O)C=C3[C@@H]4C[C@@](C)(C(=O)NC(C)C)CC[C@]4(C)CC[C@]32C)[C@@]1(C)CCC(=O)OC";"GZCYSCZPYQMZPN-VFQUAAKFSA-N";"InChI=1S/C34H53NO4/c1-21(2)23-11-14-34(9)28(32(23,7)13-12-27(37)39-10)26(36)19-24-25-20-31(6,29(38)35-22(3)4)16-15-30(25,5)17-18-33(24,34)8/h19,22-23,25,28H,1,11-18,20H2,2-10H3,(H,35,38)/t23-,25-,28+,30+,31-,32-,33+,34+/m0/s1";"False";"-1";"['14', '20']";"['Methyl 30-isopropylcarbamoyl-11-oxo-18beta-3,4-secoolean-4(23),12-dien-3-oate', 'methyl-3-((1S,4aR,4bS,6aS,9S,10aR,12aR)-9-(isopropylcarbamoyl)-1,4a,4b,6a,9-pentamethyl-12-oxo-2-(prop-1-en-2-yl)-1,2,3,4,4a,4b,5,6,6a,7,8,9,10,10a,12,12a-hexadecahydrochrysen-1-yl)propanoate']"
"CHEMBL84620";"";"";"Small molecule";"";"164.17";"5";"16";"0.62";"74.69";"4";"2";"0";"1";"N";"0.65";"2";"MOL";"-1";"12";"-1.84";"C7H8N4O";"CCc1nc(O)c2c[nH]nc2n1";"GECPKVWDUUIBPL-UHFFFAOYSA-N";"InChI=1S/C7H8N4O/c1-2-5-9-6-4(3-8-11-6)7(12)10-5/h3H,2H2,1H3,(H2,8,9,10,11,12)";"False";"-1";"['8a', '2b']";"['6-Ethyl-1,5-dihydro-pyrazolo[3,4-d]pyrimidin-4-one', '6-Ethyl-1,5-dihydro-4H-pyrazolo[3,4-d]pyrimidin-4-one']"
"CHEMBL448746";"BOLETININ B";"";"Small molecule";"";"322.49";"3";"6";"4.07";"60.69";"3";"3";"0";"12";"N";"0.47";"0";"MOL";"-1";"23";"2.62";"C20H34O3";"C=C(CC/C=C(\C)CC/C=C(\C)CO)C(O)CC/C(C)=C/CO";"QBSXZZOSIOENJV-RVIGLEPGSA-N";"InChI=1S/C20H34O3/c1-16(7-5-9-18(3)15-22)8-6-10-19(4)20(23)12-11-17(2)13-14-21/h8-9,13,20-23H,4-7,10-12,14-15H2,1-3H3/b16-8+,17-13+,18-9+";"False";"-1";"['4']";"['boletinin B']"
"CHEMBL463912";"";"";"Small molecule";"";"510.49";"2";"2";"-1.18";"180.06";"12";"6";"3";"8";"N";"0.18";"1";"MOL";"-1";"36";"2.88";"C24H30O12";"COc1cc(/C=C/O[C@H]2[C@@H]3C=CO[C@@H](O[C@@H]4O[C@H](CO)[C@@H](O)[C@H](O)[C@H]4O)[C@@H]3[C@]3(CO)O[C@@H]23)ccc1O";"PZQJSFUXSDAPFA-KXANSVNUSA-N";"InChI=1S/C24H30O12/c1-31-14-8-11(2-3-13(14)27)4-6-32-20-12-5-7-33-22(16(12)24(10-26)21(20)36-24)35-23-19(30)18(29)17(28)15(9-25)34-23/h2-8,12,15-23,25-30H,9-10H2,1H3/b6-4+/t12-,15-,16-,17-,18+,19-,20+,21+,22+,23+,24+/m1/s1";"False";"-1";"['6']";"['(-)-6-feruloyl-catalpol']"
"CHEMBL5590746";"";"";"";"";"296.31";"2";"2";"3.24";"94.21";"5";"2";"0";"2";"N";"0.76";"3";"MOL";"-1";"21";"-0.49";"C15H8N2O3S";"N#Cc1cc(-c2ccc(C(=O)O)c(O)c2)c2ncsc2c1";"CDZYJHRBAVIMAQ-UHFFFAOYSA-N";"InChI=1S/C15H8N2O3S/c16-6-8-3-11(14-13(4-8)21-7-17-14)9-1-2-10(15(19)20)12(18)5-9/h1-5,7,18H,(H,19,20)";"False";"-1";"['11']";"['4-(6-Cyanobenzo[d]thiazol-4-yl)-2-hydroxybenzoic Acid']"
"CHEMBL518487";"";"";"Small molecule";"";"558.50";"4";"4";"0.94";"205.37";"14";"2";"2";"9";"N";"0.32";"2";"MOL";"-1";"40";"0.01";"C25H26N4O11";"CC(=O)OC[C@H]1O[C@@H](Nc2c(C#N)cnn2-c2ccc(C(=O)O)cc2)[C@H](OC(C)=O)[C@@H](OC(C)=O)[C@@H]1OC(C)=O";"LQTVGCPGCMMYRC-WKKMNAASSA-N";"InChI=1S/C25H26N4O11/c1-12(30)36-11-19-20(37-13(2)31)21(38-14(3)32)22(39-15(4)33)24(40-19)28-23-17(9-26)10-27-29(23)18-7-5-16(6-8-18)25(34)35/h5-8,10,19-22,24,28H,11H2,1-4H3,(H,34,35)/t19-,20-,21+,22-,24-/m1/s1";"False";"-1";"['6']";"["N-(2'',3'',4'',6''-Tetra-O-acetyl-b-D-glucopyranosyl)-5-amino-1-(4'-carboxyphenyl)-1H-pyrazole-4-carbonitrile"]"
"CHEMBL5560367";"";"";"";"";"300.31";"2";"2";"2.29";"99.52";"4";"3";"0";"4";"N";"0.80";"2";"MOL";"-1";"22";"-0.78";"C16H16N2O4";"CC(C)NC(=O)c1cncc(-c2ccc(O)c(C(=O)O)c2)c1";"YXVQCFHSEWFLMH-UHFFFAOYSA-N";"InChI=1S/C16H16N2O4/c1-9(2)18-15(20)12-5-11(7-17-8-12)10-3-4-14(19)13(6-10)16(21)22/h3-9,19H,1-2H3,(H,18,20)(H,21,22)";"False";"-1";"['I1']";"['2-Hydroxy-5-(5-(isopropylcarbamoyl)pyridin-3-yl)benzoic acid']"
"CHEMBL508463";"";"";"Small molecule";"";"228.21";"4";"8";"1.02";"104.93";"5";"2";"0";"2";"N";"0.80";"2";"MOL";"-1";"17";"-1.97";"C11H8N4O2";"N#Cc1cnn(-c2ccc(C(=O)O)cc2)c1N";"KAQCYGLIMDDYKW-UHFFFAOYSA-N";"InChI=1S/C11H8N4O2/c12-5-8-6-14-15(10(8)13)9-3-1-7(2-4-9)11(16)17/h1-4,6H,13H2,(H,16,17)";"False";"-1";"['3c']";"["5-Amino-1-(4'-carboxyphenyl)-1H-pyrazole-4-carbonitrile"]"
"CHEMBL4103606";"";"";"Small molecule";"";"505.48";"3";"12";"3.54";"169.69";"9";"6";"2";"7";"N";"0.12";"4";"MOL";"-1";"37";"0.67";"C27H23NO9";"COC(=O)[C@@H](Cc1ccc(O)c(O)c1)NC(=O)/C=C/c1ccc(O)c2oc(-c3ccc(O)c(O)c3)cc12";"YNVSTZBKEPBGBH-QKYXPGDISA-N";"InChI=1S/C27H23NO9/c1-36-27(35)18(10-14-2-6-19(29)22(32)11-14)28-25(34)9-5-15-3-8-21(31)26-17(15)13-24(37-26)16-4-7-20(30)23(33)12-16/h2-9,11-13,18,29-33H,10H2,1H3,(H,28,34)/b9-5+/t18-/m1/s1";"False";"-1";"['5b', '114', 'BDBM50233803']";"['Methyl (R,E)-3-(3,4-dihydroxyphenyl)-2-(3-(2-(3,4-dihydroxyphenyl)-7-hydroxybenzofuran-4-yl)acrylamido)propanoate', 'methyl (R)-3-(3,4-dihydroxyphenyl)-2-(3-(2-(3,4-dihydroxyphenyl)-7-hydroxybenzofuran-4-yl)acrylamido)propanoate', 'CHEMBL4103606::US11021454, Compound 5b']"
"CHEMBL1761215";"";"";"Small molecule";"";"325.36";"2";"4";"3.17";"71.70";"5";"2";"0";"6";"N";"0.54";"3";"MOL";"-1";"24";"0.14";"C19H19NO4";"O=c1c2ccc(O)cc2oc2cc(OCCCNC3CC3)ccc12";"WMTWKARCZPGLMP-UHFFFAOYSA-N";"InChI=1S/C19H19NO4/c21-13-4-6-15-17(10-13)24-18-11-14(5-7-16(18)19(15)22)23-9-1-8-20-12-2-3-12/h4-7,10-12,20-21H,1-3,8-9H2";"False";"-1";"['10']";"['3-[3-(Cyclopropylamino)-propoxy]-6-hydroxyxanthone']"
"CHEMBL459843";"";"";"Small molecule";"";"326.32";"4";"8";"0.30";"125.02";"8";"2";"0";"4";"N";"0.66";"3";"MOL";"-1";"24";"-1.59";"C15H14N6O3";"COC(=O)CNC(=O)c1ccc(-n2ncc3c(N)ncnc32)cc1";"LUYFJZMXYPTBJD-UHFFFAOYSA-N";"InChI=1S/C15H14N6O3/c1-24-12(22)7-17-15(23)9-2-4-10(5-3-9)21-14-11(6-20-21)13(16)18-8-19-14/h2-6,8H,7H2,1H3,(H,17,23)(H2,16,18,19)";"False";"-1";"['5h']";"["[4'-(4''-Aminopyrazolo[3,4-d]pyrimidin-100-yl)-benzoylamino]-acetic acid methyl ester"]"
"CHEMBL1761216";"";"";"Small molecule";"";"367.45";"2";"4";"4.34";"71.70";"5";"2";"0";"6";"N";"0.50";"3";"MOL";"-1";"27";"0.13";"C22H25NO4";"O=c1c2ccc(O)cc2oc2cc(OCCCNC3CCCCC3)ccc12";"STODZTWLSUOBSX-UHFFFAOYSA-N";"InChI=1S/C22H25NO4/c24-16-7-9-18-20(13-16)27-21-14-17(8-10-19(21)22(18)25)26-12-4-11-23-15-5-2-1-3-6-15/h7-10,13-15,23-24H,1-6,11-12H2";"False";"-1";"['11']";"['3-[3-(Cyclohexylamino)-propoxy]-6-hydroxyxanthone']"
"CHEMBL4074420";"";"";"Small molecule";"";"512.52";"2";"8";"4.61";"145.02";"7";"5";"1";"7";"N";"0.12";"5";"MOL";"-1";"38";"0.55";"C29H24N2O7";"COC(=O)[C@@H](Cc1c[nH]c2ccccc12)NC(=O)/C=C/c1ccc(O)c2oc(-c3ccc(O)c(O)c3)cc12";"CTUBAJVIHHHAGU-YVWYTEFXSA-N";"InChI=1S/C29H24N2O7/c1-37-29(36)22(12-18-15-30-21-5-3-2-4-19(18)21)31-27(35)11-8-16-6-10-24(33)28-20(16)14-26(38-28)17-7-9-23(32)25(34)13-17/h2-11,13-15,22,30,32-34H,12H2,1H3,(H,31,35)/b11-8+/t22-/m1/s1";"False";"-1";"['5f', 'BDBM50233800']";"['Methyl (E)-(3-(2-(3,4-dihydroxyphenyl)-7-hydroxybenzofuran-4-yl)acryloyl)-l-tryptophanate', 'CHEMBL4074420::US11021454, Compound 5f']"
"CHEMBL5423467";"";"";"";"";"212.22";"1";"1";"1.26";"83.14";"4";"2";"0";"2";"N";"0.67";"3";"MOL";"-1";"16";"-2.29";"C10H8N6";"c1cc(-c2ccc(-c3nnn[nH]3)cc2)n[nH]1";"YSJBVLAQIONZOQ-UHFFFAOYSA-N";"InChI=1S/C10H8N6/c1-3-8(10-13-15-16-14-10)4-2-7(1)9-5-6-11-12-9/h1-6H,(H,11,12)(H,13,14,15,16)";"False";"-1";"['IIn']";"['5-(4-(1H-pyrazol-3-yl)phenyl)-1H-tetrazole']"
"CHEMBL4225870";"";"";"Small molecule";"";"252.27";"1";"1";"3.25";"58.62";"4";"1";"0";"3";"N";"0.44";"3";"MOL";"-1";"19";"-0.80";"C15H12N2O2";"O/N=C(\Cc1ccccc1)c1nc2ccccc2o1";"YUEBCWFFLBAFJX-GHRIWEEISA-N";"InChI=1S/C15H12N2O2/c18-17-13(10-11-6-2-1-3-7-11)15-16-12-8-4-5-9-14(12)19-15/h1-9,18H,10H2/b17-13+";"False";"-1";"['5a']";"['(E)-1-(Benzo[d]oxazol-2-yl)-2-phenylethanone oxime']"
"CHEMBL3823592";"";"";"Small molecule";"";"344.30";"5";"14";"3.53";"104.74";"6";"0";"0";"8";"N";"0.18";"1";"MOL";"-1";"23";"-0.61";"C14H21N2O6P";"CCOP(=O)(OCC)C(C)(C)/[N+]([O-])=C/c1ccccc1[N+](=O)[O-]";"UTLJZNOYNFTWEJ-PTNGSMBKSA-N";"InChI=1S/C14H21N2O6P/c1-5-21-23(20,22-6-2)14(3,4)15(17)11-12-9-7-8-10-13(12)16(18)19/h7-11H,5-6H2,1-4H3/b15-11-";"False";"-1";"['4j']";"['2-(Diethoxyphosphoryl)-N-(2-nitrobenzylidene)propan-2-amine oxide']"
"CHEMBL1462057";"";"";"Small molecule";"";"249.34";"12";"16";"1.62";"41.03";"4";"1";"0";"3";"N";"0.84";"2";"MOL";"-1";"17";"-1.64";"C12H15N3OS";"CN(C)CCn1c(=S)[nH]c2ccccc2c1=O";"GQCRCQLETCLZLO-UHFFFAOYSA-N";"InChI=1S/C12H15N3OS/c1-14(2)7-8-15-11(16)9-5-3-4-6-10(9)13-12(15)17/h3-6H,7-8H2,1-2H3,(H,13,17)";"False";"-1";"['1m', 'SID14744803', '5']";"['3-(2-(dimethylamino)ethyl)-2-thioxo-2,3-dihydroquinazolin-4(1H)-one', 'SID14744803', '3-(2-(dimethylamino)ethyl)-2-thioxo-2,3-dihydroquinazolin-4(1H)-one']"
"CHEMBL4176562";"";"";"Small molecule";"";"430.27";"1";"1";"3.77";"72.31";"5";"2";"0";"5";"N";"0.43";"2";"MOL";"-1";"22";"-0.77";"C15H15IN2O3S";"CC(C)COc1ccc(-c2cc(C(=O)O)nc(S)n2)cc1I";"GIUNSGAZFBTGTB-UHFFFAOYSA-N";"InChI=1S/C15H15IN2O3S/c1-8(2)7-21-13-4-3-9(5-10(13)16)11-6-12(14(19)20)18-15(22)17-11/h3-6,8H,7H2,1-2H3,(H,19,20)(H,17,18,22)";"False";"-1";"['8b']";"['6-(3-iodo-4-isobutoxyphenyl)-2-mercaptopyrimidine-4-carboxylic acid']"
"CHEMBL3740464";"";"";"Small molecule";"";"412.49";"3";"6";"3.57";"70.13";"5";"2";"0";"4";"N";"0.64";"3";"MOL";"-1";"29";"-1.72";"C21H21FN4O2S";"O=C(Nn1c(=S)[nH]c2ccc(F)cc2c1=O)c1ccc(CN2CCCCC2)cc1";"OTQPDOXMYJHPAA-UHFFFAOYSA-N";"InChI=1S/C21H21FN4O2S/c22-16-8-9-18-17(12-16)20(28)26(21(29)23-18)24-19(27)15-6-4-14(5-7-15)13-25-10-2-1-3-11-25/h4-9,12H,1-3,10-11,13H2,(H,23,29)(H,24,27)";"False";"-1";"['2i']";"['N-(6-fluoro-4-oxo-2-thioxo-1,2-dihydroquinazolin-3(4H)-yl)-4-(piperidin-1-ylmethyl)benzamide']"
"CHEMBL3746019";"";"";"Small molecule";"";"288.69";"3";"3";"1.72";"104.63";"4";"3";"0";"2";"N";"0.62";"3";"MOL";"-1";"20";"-0.64";"C13H9ClN4O2";"Nc1nc2c(C(=O)c3ccc(Cl)cc3)c[nH]c2c(=O)[nH]1";"BTYCSAHKDXEZLW-UHFFFAOYSA-N";"InChI=1S/C13H9ClN4O2/c14-7-3-1-6(2-4-7)11(19)8-5-16-10-9(8)17-13(15)18-12(10)20/h1-5,16H,(H3,15,17,18,20)";"False";"-1";"['LSPN442']";"['2-Amino-3H,5H-7-(4-chlorobenzoyl)pyrrolo[3,2-d]pyrimidin-4-one']"
"CHEMBL5421553";"";"";"";"";"334.28";"1";"1";"1.19";"136.68";"8";"5";"0";"2";"N";"0.55";"2";"MOL";"-1";"24";"2.23";"C16H14O8";"COc1c(O)cc([C@H]2Oc3cc(O)cc(O)c3C(=O)[C@@H]2O)cc1O";"NKPORGOKKIBGPG-LSDHHAIUSA-N";"InChI=1S/C16H14O8/c1-23-16-9(19)2-6(3-10(16)20)15-14(22)13(21)12-8(18)4-7(17)5-11(12)24-15/h2-5,14-15,17-20,22H,1H3/t14-,15+/m0/s1";"False";"-1";"['103']";"['(2R,3R)-2-(3,5-dihydroxy-4-methoxyphenyl)-3,5,7-trihydroxychroman-4-one']"
"CHEMBL5773933";"";"";"";"";"";"1";"3";"";"";"";"";"";"";"";"";"";"NONE";"-1";"";"";"";"";"";"";"False";"-1";"['BDBM458101']";"['US10752613, Compound Formula (Id)']"
"CHEMBL2205499";"";"";"Small molecule";"";"261.28";"1";"1";"1.19";"101.49";"6";"3";"0";"5";"N";"0.70";"2";"MOL";"-1";"19";"-0.59";"C13H15N3O3";"Nc1nc(O)cc(-c2ccc(OCCCO)cc2)n1";"DJYPTPNBOPXPSP-UHFFFAOYSA-N";"InChI=1S/C13H15N3O3/c14-13-15-11(8-12(18)16-13)9-2-4-10(5-3-9)19-7-1-6-17/h2-5,8,17H,1,6-7H2,(H3,14,15,16,18)";"False";"-1";"['8']";"['2-amino-6-(4-(3-hydroxypropoxy)phenyl)pyrimidin-4-ol']"
"CHEMBL432733";"";"";"Small molecule";"";"201.23";"5";"6";"1.74";"72.03";"4";"2";"0";"1";"N";"0.74";"2";"MOL";"-1";"15";"-0.72";"C11H11N3O";"Cc1c(O)nc(N)nc1-c1ccccc1";"RTJLTGPOGBPZFC-UHFFFAOYSA-N";"InChI=1S/C11H11N3O/c1-7-9(8-5-3-2-4-6-8)13-11(12)14-10(7)15/h2-6H,1H3,(H3,12,13,14,15)";"False";"-1";"['6', '652', '16']";"['2-Amino-5-methyl-6-phenyl-3H-pyrimidin-4-one', None, '2-amino-5-methyl-6-phenylpyrimidin-4(3H)-one']"
"CHEMBL5965506";"";"";"";"";"280.24";"2";"6";"2.77";"107.35";"5";"2";"0";"2";"N";"0.75";"3";"MOL";"-1";"21";"-0.23";"C15H8N2O4";"N#Cc1cc(-c2ccc(C(=O)O)c(O)c2)c2ncoc2c1";"YIAQTPIRWGZHFN-UHFFFAOYSA-N";"InChI=1S/C15H8N2O4/c16-6-8-3-11(14-13(4-8)21-7-17-14)9-1-2-10(15(19)20)12(18)5-9/h1-5,7,18H,(H,19,20)";"False";"-1";"['BDBM377696']";"['US10266496, Example 17']"
"CHEMBL169526";"";"";"Small molecule";"";"299.33";"6";"39";"2.87";"88.14";"5";"1";"0";"4";"N";"0.94";"2";"MOL";"-1";"22";"-1.76";"C16H17N3O3";"CC(C)(C)COc1ccc(-n2cc(C(=O)O)cn2)cc1C#N";"AETHRPHBGJAIBT-UHFFFAOYSA-N";"InChI=1S/C16H17N3O3/c1-16(2,3)10-22-14-5-4-13(6-11(14)7-17)19-9-12(8-18-19)15(20)21/h4-6,8-9H,10H2,1-3H3,(H,20,21)";"False";"-1";"['Y-700', '4079', '7d; Y-700', '5e', '20', 'Y-700', 'SID137275979', '10']";"['1-(3-cyano-4-(neopentyloxy)phenyl)-1H-pyrazole-4-carboxylic acid', None, "1-(3'-cyano-4'-neopentyloxy-phenyl)-pyrazol-4-carboxylic acid", '1-[3-Cyano-4-(2,2-dimethyl-propoxy)-phenyl]-1H-pyrazole-4-carboxylic acid', '1-(3-cyano-4-(neopentyloxy)phenyl)-1H-pyrazole-4-carboxylic acid', '1-(3-cyano-4-(neopentyloxy)phenyl)-1H-pyrazole-4-carboxylic acid', 'SID137275979', '1-(3-cyano-4-(neopentyloxy)phenyl)-1H-pyrazole-4-carboxylic acid']"
"CHEMBL454228";"";"";"Small molecule";"";"724.67";"1";"1";"3.99";"222.65";"14";"6";"3";"10";"N";"0.09";"5";"MOL";"-1";"53";"1.37";"C39H32O14";"O=C(/C=C/c1ccc(O)cc1)OC[C@@H]1O[C@H](Oc2ccc(-c3cc(=O)c4c(O)cc(O)cc4o3)cc2)[C@@H](OC(=O)/C=C/c2ccc(O)cc2)[C@H](O)[C@H]1O";"CGRSWPSYXURRMV-LJFOHRRRSA-N";"InChI=1S/C39H32O14/c40-24-9-1-21(2-10-24)5-15-33(45)49-20-32-36(47)37(48)38(53-34(46)16-6-22-3-11-25(41)12-4-22)39(52-32)50-27-13-7-23(8-14-27)30-19-29(44)35-28(43)17-26(42)18-31(35)51-30/h1-19,32,36-43,47-48H,20H2/b15-5+,16-6+/t32-,36-,37+,38-,39-/m0/s1";"False";"-1";"['3']";"["apigenin-4'-O-(2'',6''-di-O-p-coumaroyl)-beta-D-glucopyranoside"]"
"CHEMBL5885491";"";"";"";"";"344.36";"1";"3";"0.82";"128.87";"7";"4";"0";"4";"N";"0.48";"2";"MOL";"-1";"24";"-0.96";"C14H12N6O3S";"CSC(Nc1ccc(-c2cnn[nH]2)cc1)=C1C(=O)NC(=O)NC1=O";"GYGVWYDVKXNBRR-UHFFFAOYSA-N";"InChI=1S/C14H12N6O3S/c1-24-13(10-11(21)17-14(23)18-12(10)22)16-8-4-2-7(3-5-8)9-6-15-20-19-9/h2-6,16H,1H3,(H,15,19,20)(H2,17,18,21,22,23)";"False";"-1";"['BDBM524195']";"['US11168075, Compound Formula (Ib)']"
"CHEMBL5765233";"";"";"";"";"413.34";"2";"6";"1.65";"149.54";"8";"4";"0";"4";"N";"0.37";"3";"MOL";"-1";"28";"-1.69";"C14H10F3N7O3S";"CSc1nc(O)c(C(=O)Nc2ncc(-c3c[nH]nn3)cc2C(F)(F)F)c(=O)[nH]1";"WOPZJLRZFASLOU-UHFFFAOYSA-N";"InChI=1S/C14H10F3N7O3S/c1-28-13-21-11(26)8(12(27)22-13)10(25)20-9-6(14(15,16)17)2-5(3-18-9)7-4-19-24-23-7/h2-4H,1H3,(H,18,20,25)(H,19,23,24)(H2,21,22,26,27)";"False";"-1";"['BDBM499684']";"['US11020397, Compound Formula-(II8)']"
"CHEMBL5919922";"";"";"";"";"410.36";"2";"6";"1.84";"145.88";"8";"4";"0";"6";"N";"0.36";"3";"MOL";"-1";"28";"-2.01";"C15H12F2N6O4S";"CSc1nc(O)c(C(=O)Nc2ccc(-c3c[nH]nn3)cc2OC(F)F)c(=O)[nH]1";"SGQPVFMQOQNLQE-UHFFFAOYSA-N";"InChI=1S/C15H12F2N6O4S/c1-28-15-20-12(25)10(13(26)21-15)11(24)19-7-3-2-6(8-5-18-23-22-8)4-9(7)27-14(16)17/h2-5,14H,1H3,(H,19,24)(H,18,22,23)(H2,20,21,25,26)";"False";"-1";"['BDBM499680']";"['US11020397, Compound Formula-(II4)']"
"CHEMBL5904653";"";"";"";"";"547.56";"1";"6";"4.45";"136.69";"9";"3";"1";"10";"N";"0.15";"4";"MOL";"-1";"40";"0.46";"C30H29NO9";"COC(=O)[C@H](Cc1ccc(O)c(O)c1)NC(=O)/C=C/c1ccc(OC)c2oc(-c3ccc(OC)c(OC)c3)cc12";"HRNBIHVCAQTNEY-HSRJRILOSA-N";"InChI=1S/C30H29NO9/c1-36-24-10-7-19(15-27(24)38-3)26-16-20-18(6-11-25(37-2)29(20)40-26)8-12-28(34)31-21(30(35)39-4)13-17-5-9-22(32)23(33)14-17/h5-12,14-16,21,32-33H,13H2,1-4H3,(H,31,34)/b12-8+/t21-/m0/s1";"False";"-1";"['BDBM500007']";"['US11021454, Compound 9a']"
"CHEMBL5770563";"";"";"";"";"342.32";"1";"3";"0.31";"156.88";"7";"5";"0";"4";"N";"0.46";"3";"MOL";"-1";"25";"-1.41";"C15H14N6O4";"Cc1[nH]nnc1-c1ccc(NC(=O)c2c(O)nc(CO)[nH]c2=O)cc1";"YBURXMDYOQHNNN-UHFFFAOYSA-N";"InChI=1S/C15H14N6O4/c1-7-12(20-21-19-7)8-2-4-9(5-3-8)16-13(23)11-14(24)17-10(6-22)18-15(11)25/h2-5,22H,6H2,1H3,(H,16,23)(H,19,20,21)(H2,17,18,24,25)";"False";"-1";"['BDBM524221']";"['US11168075, Compound Formula (IIh)']"
"CHEMBL448135";"";"";"Small molecule";"";"360.36";"2";"4";"2.40";"83.45";"7";"1";"0";"5";"N";"0.88";"2";"MOL";"-1";"26";"1.43";"C19H20O7";"COc1ccc([C@@H]2Oc3cc(OC)c(OC)c(OC)c3C(=O)[C@@H]2O)cc1";"UXFGHIGFMWSYIA-IRXDYDNUSA-N";"InChI=1S/C19H20O7/c1-22-11-7-5-10(6-8-11)17-16(21)15(20)14-12(26-17)9-13(23-2)18(24-3)19(14)25-4/h5-9,16-17,21H,1-4H3/t16-,17-/m0/s1";"False";"-1";"['(+/-)-4b']";"['(+/-)-cis-2,3-Dihydro-3-hydroxy-5,6,7-trimethoxy-2-(4-methoxyphenyl)-4H-1-benzopyran-4-one']"
"CHEMBL4086701";"";"";"Small molecule";"";"475.45";"3";"12";"3.75";"160.46";"7";"6";"1";"7";"N";"0.17";"4";"MOL";"-1";"35";"0.76";"C26H21NO8";"O=C(/C=C/c1ccc(O)c2oc(-c3ccc(O)c(O)c3)cc12)N[C@@H](Cc1ccc(O)cc1)C(=O)O";"QAUZVAOGKLECFY-GSXXRBPTSA-N";"InChI=1S/C26H21NO8/c28-17-6-1-14(2-7-17)11-19(26(33)34)27-24(32)10-5-15-3-9-21(30)25-18(15)13-23(35-25)16-4-8-20(29)22(31)12-16/h1-10,12-13,19,28-31H,11H2,(H,27,32)(H,33,34)/b10-5+/t19-/m0/s1";"False";"-1";"['6e', 'BDBM50233808']";"['(E)-(3-(2-(3,4-dihydroxyphenyl)-7-hydroxybenzofuran-4-yl)acryloyl)-L-tyrosine', 'CHEMBL4086701::US11021454, Compound 6e']"
"CHEMBL1087939";"METHYL DIHYDROMELILOTOSIDE";"";"Small molecule";"";"342.34";"2";"3";"-1.03";"125.68";"8";"4";"0";"6";"N";"0.48";"1";"MOL";"-1";"24";"1.36";"C16H22O8";"COC(=O)CCc1ccccc1O[C@@H]1O[C@H](CO)[C@@H](O)[C@H](O)[C@H]1O";"UYKGMAOEQCYKNA-YMILTQATSA-N";"InChI=1S/C16H22O8/c1-22-12(18)7-6-9-4-2-3-5-10(9)23-16-15(21)14(20)13(19)11(8-17)24-16/h2-5,11,13-17,19-21H,6-8H2,1H3/t11-,13-,14+,15-,16-/m1/s1";"False";"-1";"['12', '9']";"['methyl dihydromelilotoside', 'Methyl dihydromelilotoside']"
"CHEMBL211670";"";"";"Small molecule";"";"197.19";"45";"109";"0.05";"103.78";"4";"4";"0";"3";"N";"0.51";"1";"MOL";"-1";"14";"1.19";"C9H11NO4";"N[C@H](Cc1ccc(O)c(O)c1)C(=O)O";"WTDRDQBEARUVNC-ZCFIWIBFSA-N";"InChI=1S/C9H11NO4/c10-6(9(13)14)3-5-1-2-7(11)8(12)4-5/h1-2,4,6,11-12H,3,10H2,(H,13,14)/t6-/m1/s1";"False";"-1";"['6, D-DOPA', '6', 'SID50106235', '6; D-DOPA', '6, D-DOPA', '6', '6', 'SID124881996', '6', 'SID50106236', '6', '6', '6, D-DOPA', 'SID26753565', '6, D-DOPA', '6', '6, D-DOPA', '6, D-DOPA', '6, D-DOPA', '6, D-DOPA', '6', 'SID85231333', 'D-DOPA', 'BDBM500011']";"['(R)-2-amino-3-(3,4-dihydroxyphenyl)propanoic acid', '(R)-2-amino-3-(3,4-dihydroxyphenyl)propanoic acid', 'SID50106235', '(R)-2-amino-3-(3,4-dihydroxyphenyl)propanoic acid', '(R)-2-amino-3-(3,4-dihydroxyphenyl)propanoic acid', 'D-DOPA', '(R)-2-amino-3-(3,4-dihydroxyphenyl)propanoic acid', 'SID124881996', '(R)-2-amino-3-(3,4-dihydroxyphenyl)propanoic acid', 'SID50106236', 'D-dopa', '(R)-2-amino-3-(3,4-dihydroxyphenyl)propanoic acid', '(R)-2-amino-3-(3,4-dihydroxyphenyl)propanoic acid', 'SID26753565', '(R)-2-amino-3-(3,4-dihydroxyphenyl)propanoic acid', '(R)-2-amino-3-(3,4-dihydroxyphenyl)propanoic acid', '(R)-2-amino-3-(3,4-dihydroxyphenyl)propanoic acid', '(R)-2-amino-3-(3,4-dihydroxyphenyl)propanoic acid', '(R)-2-amino-3-(3,4-dihydroxyphenyl)propanoic acid', '(R)-2-amino-3-(3,4-dihydroxyphenyl)propanoic acid', 'D-DOPA', 'SID85231333', '(R)-2-amino-3-(3,4-dihydroxyphenyl)propanoic acid', 'US11021454, Compound D-dopa']"
"CHEMBL5970628";"";"";"";"";"345.34";"2";"6";"0.63";"149.54";"8";"4";"0";"4";"N";"0.40";"3";"MOL";"-1";"24";"-1.99";"C13H11N7O3S";"CSc1nc(O)c(C(=O)Nc2ccc(-c3c[nH]nn3)nc2)c(=O)[nH]1";"PMXDENUWARWPTE-UHFFFAOYSA-N";"InChI=1S/C13H11N7O3S/c1-24-13-17-11(22)9(12(23)18-13)10(21)16-6-2-3-7(14-4-6)8-5-15-20-19-8/h2-5H,1H3,(H,16,21)(H,15,19,20)(H2,17,18,22,23)";"False";"-1";"['BDBM499649']";"['US11020397, Compound Formula-(IIii)']"
"CHEMBL5979514";"";"";"";"";"355.36";"1";"3";"0.97";"139.89";"7";"4";"0";"5";"N";"0.53";"3";"MOL";"-1";"26";"-1.50";"C16H17N7O3";"CCN(C)c1nc(O)c(C(=O)Nc2ccc(-c3c[nH]nn3)cc2)c(=O)[nH]1";"WFNVRFDGMBLYRO-UHFFFAOYSA-N";"InChI=1S/C16H17N7O3/c1-3-23(2)16-19-14(25)12(15(26)20-16)13(24)18-10-6-4-9(5-7-10)11-8-17-22-21-11/h4-8H,3H2,1-2H3,(H,18,24)(H,17,21,22)(H2,19,20,25,26)";"False";"-1";"['BDBM499661']";"['US11020397, Compound Formula-(IImm)']"
"CHEMBL3979974";"";"";"Small molecule";"";"626.52";"2";"6";"-2.71";"289.66";"17";"11";"3";"7";"N";"0.12";"3";"MOL";"-1";"44";"1.93";"C27H30O17";"O=c1c(O[C@@H]2O[C@H](CO)[C@@H](O)[C@H](O)[C@H]2O[C@@H]2O[C@H](CO)[C@@H](O)[C@H](O)[C@H]2O)c(-c2ccc(O)c(O)c2)oc2cc(O)cc(O)c12";"RDUAJIJVNHKTQC-UJECXLDQSA-N";"InChI=1S/C27H30O17/c28-6-14-17(34)20(37)22(39)26(41-14)44-25-21(38)18(35)15(7-29)42-27(25)43-24-19(36)16-12(33)4-9(30)5-13(16)40-23(24)8-1-2-10(31)11(32)3-8/h1-5,14-15,17-18,20-22,25-35,37-39H,6-7H2/t14-,15-,17-,18-,20+,21+,22-,25-,26+,27+/m1/s1";"False";"-1";"['8', '9']";"['Quercetin 3-O-sophoroside', 'Quercetin-3-O-sophoroside']"
"CHEMBL5767721";"";"";"";"";"340.32";"1";"3";"-0.61";"161.22";"6";"5";"0";"4";"N";"0.50";"2";"MOL";"-1";"23";"-1.39";"C12H12N4O6S";"CS(=O)(=O)Nc1ccc(NC(=O)c2c(O)[nH]c(=O)[nH]c2=O)cc1";"FNTZTMJCIAWYAQ-UHFFFAOYSA-N";"InChI=1S/C12H12N4O6S/c1-23(21,22)16-7-4-2-6(3-5-7)13-9(17)8-10(18)14-12(20)15-11(8)19/h2-5,16H,1H3,(H,13,17)(H3,14,15,18,19,20)";"False";"-1";"['BDBM289092']";"['6-hydroxy-N-(4-(methylsulfonamido)phenyl)-2,4-dioxo-1,2,3,4-tetrahydropyrimidine-5-carboxamide::US10093658, Compound Formula (Ib)']"
"CHEMBL5949882";"";"";"";"";"315.25";"2";"6";"-0.80";"169.51";"7";"5";"0";"3";"N";"0.42";"3";"MOL";"-1";"23";"-1.79";"C12H9N7O4";"O=C(Nc1ccc(-c2nnn[nH]2)cc1)c1c(O)[nH]c(=O)[nH]c1=O";"NMLBBWYWOIBCIY-UHFFFAOYSA-N";"InChI=1S/C12H9N7O4/c20-9(7-10(21)14-12(23)15-11(7)22)13-6-3-1-5(2-4-6)8-16-18-19-17-8/h1-4H,(H,13,20)(H,16,17,18,19)(H3,14,15,21,22,23)";"False";"-1";"['BDBM289112']";"['N-(4-(2H-tetrazol-5-yl)phenyl)-6-hydroxy-2,4-dioxo-1,2,3,4-tetrahydropyrimidine-5-carboxamide::US10093658, Compound Formula (IIa)']"
"CHEMBL4165945";"";"";"Small molecule";"";"416.24";"1";"1";"3.52";"72.31";"5";"2";"0";"4";"N";"0.45";"2";"MOL";"-1";"21";"-0.86";"C14H13IN2O3S";"CC(C)Oc1ccc(-c2cc(C(=O)O)nc(S)n2)cc1I";"PAPJRDLRHQRHJM-UHFFFAOYSA-N";"InChI=1S/C14H13IN2O3S/c1-7(2)20-12-4-3-8(5-9(12)15)10-6-11(13(18)19)17-14(21)16-10/h3-7H,1-2H3,(H,18,19)(H,16,17,21)";"False";"-1";"['8a']";"['6-(3-iodo-4-isopropoxyphenyl)-2-mercaptopyrimidine-4-carboxylic acid']"
"CHEMBL5973542";"";"";"";"";"394.29";"1";"3";"0.28";"161.22";"6";"5";"0";"4";"N";"0.50";"2";"MOL";"-1";"26";"-1.17";"C12H9F3N4O6S";"O=C(Nc1ccc(NS(=O)(=O)C(F)(F)F)cc1)c1c(O)[nH]c(=O)[nH]c1=O";"QLLAJLXIWXBPAY-UHFFFAOYSA-N";"InChI=1S/C12H9F3N4O6S/c13-12(14,15)26(24,25)19-6-3-1-5(2-4-6)16-8(20)7-9(21)17-11(23)18-10(7)22/h1-4,19H,(H,16,20)(H3,17,18,21,22,23)";"False";"-1";"['BDBM289093']";"['6-hydroxy-2,4-dioxo-N-(4-(trifluoromethylsulfonamido)phenyl)-1,2,3,4-tetrahydropyrimidine-5-carboxamide::US10093658, Compound Formula (Ic)']"
"CHEMBL5761311";"";"";"";"";"293.24";"2";"6";"-0.78";"155.51";"6";"6";"1";"3";"N";"0.41";"2";"MOL";"-1";"21";"-0.58";"C12H11N3O6";"O=C(Nc1ccc(O)c(CO)c1)c1c(O)[nH]c(=O)[nH]c1=O";"UTWCEUOSVRKGGG-UHFFFAOYSA-N";"InChI=1S/C12H11N3O6/c16-4-5-3-6(1-2-7(5)17)13-9(18)8-10(19)14-12(21)15-11(8)20/h1-3,16-17H,4H2,(H,13,18)(H3,14,15,19,20,21)";"False";"-1";"['BDBM289094']";"['6-hydroxy-N-(4-hydroxy-3-(hydroxymethyl)phenyl)-2,4-dioxo-1,2,3,4-tetrahydropyrimidine-5-carboxamide::US10093658, Compound Formula (Id)']"
"CHEMBL3823026";"";"";"Small molecule";"";"344.30";"5";"13";"3.53";"104.74";"6";"0";"0";"8";"N";"0.18";"1";"MOL";"-1";"23";"-0.47";"C14H21N2O6P";"CCOP(=O)(OCC)C(C)(C)/[N+]([O-])=C/c1ccc([N+](=O)[O-])cc1";"HLBUWWRKCSZPRX-PTNGSMBKSA-N";"InChI=1S/C14H21N2O6P/c1-5-21-23(20,22-6-2)14(3,4)15(17)11-12-7-9-13(10-8-12)16(18)19/h7-11H,5-6H2,1-4H3/b15-11-";"False";"-1";"['4l']";"['2-(Diethoxyphosphoryl)-N-(4-nitrobenzylidene)propan-2-amine oxide']"
"CHEMBL3823937";"";"";"Small molecule";"";"315.31";"5";"17";"3.32";"81.83";"5";"1";"0";"7";"N";"0.27";"1";"MOL";"-1";"21";"0.09";"C14H22NO5P";"CCOP(=O)(OCC)C(C)(C)/[N+]([O-])=C/c1cccc(O)c1";"DUZIHNUIQYDNAM-PTNGSMBKSA-N";"InChI=1S/C14H22NO5P/c1-5-19-21(18,20-6-2)14(3,4)15(17)11-12-8-7-9-13(16)10-12/h7-11,16H,5-6H2,1-4H3/b15-11-";"False";"-1";"['4b']";"['2-(Diethoxyphosphoryl)-N-(3-hydroxybenzylidene)propan-2-amine oxide']"
"CHEMBL5183261";"";"";"";"";"317.31";"1";"1";"1.48";"103.57";"5";"2";"0";"3";"N";"0.71";"3";"MOL";"-1";"24";"-1.92";"C17H11N5O2";"C#CCn1cc(C#N)c2cc(NC(=O)c3cc(=O)[nH]cn3)ccc21";"YBJMFEIOLJPAEW-UHFFFAOYSA-N";"InChI=1S/C17H11N5O2/c1-2-5-22-9-11(8-18)13-6-12(3-4-15(13)22)21-17(24)14-7-16(23)20-10-19-14/h1,3-4,6-7,9-10H,5H2,(H,21,24)(H,19,20,23)";"False";"-1";"['13l']";"['N-(3-cyano-1-propynyl-1H-indol-5-yl)-6-oxo-1,6-dihydropyrimidine-4-carboxamide']"
"CHEMBL4100064";"";"";"Small molecule";"";"542.50";"1";"2";"5.00";"173.98";"10";"6";"3";"3";"N";"0.21";"4";"MOL";"-1";"40";"1.38";"C30H22O10";"O=C1CC(c2ccc(O)c(-c3c(O)cc(O)c4c3OC(c3ccc(O)cc3)CC4=O)c2)Oc2cc(O)cc(O)c21";"ULTQJSQDLWNWTR-UHFFFAOYSA-N";"InChI=1S/C30H22O10/c31-15-4-1-13(2-5-15)24-12-23(38)29-21(36)10-20(35)27(30(29)40-24)17-7-14(3-6-18(17)33)25-11-22(37)28-19(34)8-16(32)9-26(28)39-25/h1-10,24-25,31-36H,11-12H2";"False";"-1";"['145']";"['8-(5-(5,7-dihydroxy-4-oxochroman-2-yl)-2-hydroxyphenyl)-5,7-dihydroxy-2-(4-hydroxyphenyl)chroman-4-one']"
"CHEMBL4640347";"";"";"Unknown";"";"293.33";"1";"1";"3.07";"67.34";"4";"1";"0";"4";"N";"0.46";"3";"MOL";"-1";"22";"-0.86";"C17H15N3O2";"C/C(=N\OC(=O)Cc1ccccc1)c1nc2ccccc2[nH]1";"GLRKTMBTARJWDW-UDWIEESQSA-N";"InChI=1S/C17H15N3O2/c1-12(17-18-14-9-5-6-10-15(14)19-17)20-22-16(21)11-13-7-3-2-4-8-13/h2-10H,11H2,1H3,(H,18,19)/b20-12+";"False";"-1";"['5c']";"['[1-(1H-benzimidazol-2-yl)ethylideneamino]-2-phenylacetate']"
"CHEMBL4647405";"";"";"Unknown";"";"360.35";"1";"1";"2.44";"127.70";"7";"1";"0";"5";"N";"0.42";"3";"MOL";"-1";"25";"-1.82";"C15H12N4O5S";"C/C(=N\NS(=O)(=O)c1cccc([N+](=O)[O-])c1)c1nc2ccccc2o1";"VWRJVNQMQSICGG-LICLKQGHSA-N";"InChI=1S/C15H12N4O5S/c1-10(15-16-13-7-2-3-8-14(13)24-15)17-18-25(22,23)12-6-4-5-11(9-12)19(20)21/h2-9,18H,1H3/b17-10+";"False";"-1";"['9l']";"['N-[1-(1,3-benzoxazol-2-yl)ethylideneamino]-3-nitro-benzenesulfonamide']"
"CHEMBL5173532";"";"";"";"";"279.26";"1";"1";"1.38";"114.43";"4";"3";"0";"2";"N";"0.66";"3";"MOL";"-1";"21";"-1.43";"C14H9N5O2";"N#Cc1c[nH]c2ccc(NC(=O)c3cc(=O)[nH]cn3)cc12";"LAZPGTOMBDJACQ-UHFFFAOYSA-N";"InChI=1S/C14H9N5O2/c15-5-8-6-16-11-2-1-9(3-10(8)11)19-14(21)12-4-13(20)18-7-17-12/h1-4,6-7,16H,(H,19,21)(H,17,18,20)";"False";"-1";"['13a']";"['N-(3-cyano-1H-indol-5-yl)-6-oxo-1,6-dihydropyrimidine-4-carboxamide']"
"CHEMBL5418706";"";"";"";"";"359.38";"1";"2";"1.22";"103.54";"8";"1";"0";"4";"N";"0.82";"2";"MOL";"-1";"26";"-0.33";"C18H21N3O5";"COC(=O)[C@H]1C[C@@H](n2cc(-c3ccccc3)nn2)[C@H](O)C[C@H]1C(=O)OC";"RRBXBCJYBHJDOF-SJXGUFTOSA-N";"InChI=1S/C18H21N3O5/c1-25-17(23)12-8-15(16(22)9-13(12)18(24)26-2)21-10-14(19-20-21)11-6-4-3-5-7-11/h3-7,10,12-13,15-16,22H,8-9H2,1-2H3/t12-,13+,15+,16+/m0/s1";"False";"-1";"['47', '7']";"['dimethyl (1S,2R,4R,5R)-4-hydroxy-5-(4-phenyl-1H-1,2,3-triazol-1-yl)cyclohexane-1,2-dicarboxylate', 'Dimethyl (1S,2R,4R,5R)-4-hydroxy-5-(4-phenyl-1H-1,2,3-triazol-1-yl)cyclohexane-1,2-dicarboxylate']"
"CHEMBL3127127";"";"";"Small molecule";"";"273.34";"3";"3";"2.44";"81.00";"4";"2";"0";"3";"N";"0.90";"2";"MOL";"-1";"20";"-0.80";"C15H19N3O2";"CC(C)(C)COc1ccc(-c2cc(=O)[nH]c(N)n2)cc1";"CBULDJGSJJMBFT-UHFFFAOYSA-N";"InChI=1S/C15H19N3O2/c1-15(2,3)9-20-11-6-4-10(5-7-11)12-8-13(19)18-14(16)17-12/h4-8H,9H2,1-3H3,(H3,16,17,18,19)";"False";"-1";"['27']";"['2-amino-6-(4-(neopentyloxy)phenyl)pyrimidin-4(3H)-one']"
"CHEMBL4102185";"";"";"Small molecule";"";"491.45";"2";"8";"3.45";"180.69";"8";"7";"1";"7";"N";"0.15";"4";"MOL";"-1";"36";"0.71";"C26H21NO9";"O=C(/C=C/c1ccc(O)c2oc(-c3ccc(O)c(O)c3)cc12)N[C@@H](Cc1ccc(O)c(O)c1)C(=O)O";"XPOIVNVEXHJMNH-AUNFYEFLSA-N";"InChI=1S/C26H21NO9/c28-18-5-1-13(10-21(18)31)9-17(26(34)35)27-24(33)8-4-14-2-7-20(30)25-16(14)12-23(36-25)15-3-6-19(29)22(32)11-15/h1-8,10-12,17,28-32H,9H2,(H,27,33)(H,34,35)/b8-4+/t17-/m0/s1";"False";"-1";"['6a', 'BDBM50233806']";"['(S,E)-3-(3,4-dihydroxyphenyl)-2-(3-(2-(3,4-dihydroxyphenyl)-7-hydroxybenzofuran-4-yl)acrylamido)propanoicacid', 'CHEMBL4102185::US11021454, Compound 6a']"
"CHEMBL4649008";"";"";"Unknown";"";"279.30";"1";"1";"3.14";"67.34";"4";"1";"0";"3";"N";"0.45";"3";"MOL";"-1";"21";"-0.93";"C16H13N3O2";"C/C(=N\OC(=O)c1ccccc1)c1nc2ccccc2[nH]1";"GZNPXQMYBRCBNV-YBFXNURJSA-N";"InChI=1S/C16H13N3O2/c1-11(15-17-13-9-5-6-10-14(13)18-15)19-21-16(20)12-7-3-2-4-8-12/h2-10H,1H3,(H,17,18)/b19-11+";"False";"-1";"['5a']";"['[1-(1H-benzimidazol-2-yl)ethylideneamino]benzoate']"
"CHEMBL4635799";"";"";"Unknown";"";"315.35";"1";"1";"2.53";"84.56";"5";"1";"0";"4";"N";"0.59";"3";"MOL";"-1";"22";"-1.38";"C15H13N3O3S";"C/C(=N\NS(=O)(=O)c1ccccc1)c1nc2ccccc2o1";"UTHWDMXSXZADCF-GZTJUZNOSA-N";"InChI=1S/C15H13N3O3S/c1-11(15-16-13-9-5-6-10-14(13)21-15)17-18-22(19,20)12-7-3-2-4-8-12/h2-10,18H,1H3/b17-11+";"False";"-1";"['9e']";"['N-[1-(1,3-benzoxazol-2-yl)ethylideneamino]benzenesulfonamide']"
"CHEMBL4648131";"";"";"Unknown";"";"345.38";"5";"32";"2.54";"93.79";"6";"1";"0";"5";"N";"0.57";"3";"MOL";"-1";"24";"-1.28";"C16H15N3O4S";"COc1ccc(S(=O)(=O)N/N=C(\C)c2nc3ccccc3o2)cc1";"RAUJPGKGICVRNV-WOJGMQOQSA-N";"InChI=1S/C16H15N3O4S/c1-11(16-17-14-5-3-4-6-15(14)23-16)18-19-24(20,21)13-9-7-12(22-2)8-10-13/h3-10,19H,1-2H3/b18-11+";"False";"-1";"['9b']";"['N-[1-(1,3-benzoxazol-2-yl)ethylideneamino]-4-methoxy-benzenesulfonamide']"
"CHEMBL5402126";"";"";"";"";"297.27";"1";"1";"3.38";"82.58";"5";"0";"0";"3";"N";"0.42";"3";"MOL";"-1";"22";"-0.75";"C16H11NO5";"COc1ccc(-c2cc3cc([N+](=O)[O-])ccc3oc2=O)cc1";"XBBKUDGSXITMSM-UHFFFAOYSA-N";"InChI=1S/C16H11NO5/c1-21-13-5-2-10(3-6-13)14-9-11-8-12(17(19)20)4-7-15(11)22-16(14)18/h2-9H,1H3";"False";"-1";"['24']";"['3-(4-methoxyphenyl)-6-nitro-2H-chromen-2-one']"
"CHEMBL5400293";"";"";"";"";"267.28";"1";"1";"3.75";"51.32";"3";"1";"0";"3";"N";"0.74";"3";"MOL";"-1";"20";"-0.80";"C16H13NO3";"COC(=O)c1cc2cc(Oc3ccccc3)ccc2[nH]1";"MZMLWVPGAQICHX-UHFFFAOYSA-N";"InChI=1S/C16H13NO3/c1-19-16(18)15-10-11-9-13(7-8-14(11)17-15)20-12-5-3-2-4-6-12/h2-10,17H,1H3";"False";"-1";"['75']";"['methyl 5-phenoxy-1H-indole-2-carboxylate']"
"CHEMBL5952032";"";"";"";"";"403.34";"1";"3";"None";"None";"None";"None";"None";"None";"None";"None";"None";"MOL";"-1";"None";"None";"C19H20N2O3Se";"Cc1nc(-c2ccc(OCC3CCCCC3)c(C#N)c2)[se]c1C(=O)O";"UGFYBXZHOBOTIB-UHFFFAOYSA-N";"InChI=1S/C19H20N2O3Se/c1-12-17(19(22)23)25-18(21-12)14-7-8-16(15(9-14)10-20)24-11-13-5-3-2-4-6-13/h7-9,13H,2-6,11H2,1H3,(H,22,23)";"False";"-1";"['BDBM352032']";"['US9802907, Compound 10']"
"CHEMBL3941517";"";"";"Small molecule";"";"354.83";"4";"4";"5.19";"35.53";"3";"0";"1";"4";"N";"0.71";"2";"MOL";"-1";"25";"-0.63";"C21H19ClO3";"COc1cc(/C=C2\CC/C(=C\c3ccccc3Cl)C2=O)cc(OC)c1";"HWVXCHCQQPGQMD-OILUWJOSSA-N";"InChI=1S/C21H19ClO3/c1-24-18-10-14(11-19(13-18)25-2)9-16-7-8-17(21(16)23)12-15-5-3-4-6-20(15)22/h3-6,9-13H,7-8H2,1-2H3/b16-9+,17-12+";"False";"-1";"['7b']";"['(2E,5E)-2-(2-Chlorobenzylidene)-5-(3,5-dimethoxybenzylidene)cyclopentanone']"
"CHEMBL5935428";"";"";"";"";"427.32";"1";"3";"None";"None";"None";"None";"None";"None";"None";"None";"None";"MOL";"-1";"None";"None";"C20H16N2O4Se";"COc1ccc(-c2ccc(-c3nc(C)c(C(=O)O)[se]3)cc2C#N)cc1OC";"ANPIKECPJBIJSM-UHFFFAOYSA-N";"InChI=1S/C20H16N2O4Se/c1-11-18(20(23)24)27-19(22-11)13-4-6-15(14(8-13)10-21)12-5-7-16(25-2)17(9-12)26-3/h4-9H,1-3H3,(H,23,24)";"False";"-1";"['BDBM352036']";"['US9802907, Compound 15']"
"CHEMBL5778342";"";"";"";"";"413.36";"1";"3";"None";"None";"None";"None";"None";"None";"None";"None";"None";"MOL";"-1";"None";"None";"C19H14N2O2SSe";"Cc1nc(-c2ccc(SCc3ccccc3)c(C#N)c2)[se]c1C(=O)O";"ISFYDGWZVFOSLF-UHFFFAOYSA-N";"InChI=1S/C19H14N2O2SSe/c1-12-17(19(22)23)25-18(21-12)14-7-8-16(15(9-14)10-20)24-11-13-5-3-2-4-6-13/h2-9H,11H2,1H3,(H,22,23)";"False";"-1";"['BDBM352057']";"['US9802907, Compound 42']"
"CHEMBL5199905";"";"";"";"";"403.83";"1";"1";"3.55";"103.57";"5";"2";"0";"4";"N";"0.54";"4";"MOL";"-1";"29";"-1.85";"C21H14ClN5O2";"N#Cc1cn(Cc2ccc(Cl)cc2)c2ccc(NC(=O)c3cc(=O)[nH]cn3)cc12";"IDDFWVVVUTZKFY-UHFFFAOYSA-N";"InChI=1S/C21H14ClN5O2/c22-15-3-1-13(2-4-15)10-27-11-14(9-23)17-7-16(5-6-19(17)27)26-21(29)18-8-20(28)25-12-24-18/h1-8,11-12H,10H2,(H,26,29)(H,24,25,28)";"False";"-1";"['13s']";"['N-(3-cyano-1-(4-chlorobenzyl)-1H-indol-5-yl)-6-oxo-1,6-dihydropyrimidine-4-carboxamide']"
"CHEMBL5597097";"";"";"";"";"347.25";"2";"2";"4.39";"94.46";"4";"2";"0";"2";"N";"0.72";"3";"MOL";"-1";"25";"-0.11";"C17H8F3NO4";"N#Cc1cc(-c2ccc(C(=O)O)c(O)c2)c2oc(C(F)(F)F)cc2c1";"PAGZTJGKUKDRDE-UHFFFAOYSA-N";"InChI=1S/C17H8F3NO4/c18-17(19,20)14-6-10-3-8(7-21)4-12(15(10)25-14)9-1-2-11(16(23)24)13(22)5-9/h1-6,22H,(H,23,24)";"False";"-1";"['24']";"['4-(5-Cyano-2-(trifluoromethyl)benzofuran-7-yl)-2-hydroxybenzoic Acid']"
"CHEMBL3402699";"";"";"Small molecule";"";"341.39";"3";"3";"3.20";"99.14";"6";"2";"0";"4";"N";"0.76";"3";"MOL";"-1";"24";"-1.51";"C17H15N3O3S";"Cc1nc(-c2ccc3c(c2)c(C#N)cn3C(C)CO)sc1C(=O)O";"GZCXTXCKOUAFPB-UHFFFAOYSA-N";"InChI=1S/C17H15N3O3S/c1-9(8-21)20-7-12(6-18)13-5-11(3-4-14(13)20)16-19-10(2)15(24-16)17(22)23/h3-5,7,9,21H,8H2,1-2H3,(H,22,23)";"False";"-1";"['6n', '66']";"['2-(3-cyano-1-(1-hydroxypropan-2-yl)-1H-indol-5-yl)-4-methylthiazole-5-carboxylic acid', '2-(3-cyano-1-(1-hydroxypropan-2-yl)-1H-indol-5-yl)-4-methylthiazole-5-carboxylic acid']"
"CHEMBL4077922";"";"";"Small molecule";"";"492.44";"9";"20";"3.88";"177.89";"9";"6";"1";"7";"N";"0.13";"4";"MOL";"-1";"36";"1.16";"C26H20O10";"O=C(/C=C/c1ccc(O)c2oc(-c3ccc(O)c(O)c3)cc12)O[C@H](Cc1ccc(O)c(O)c1)C(=O)O";"GCJWPRRNLSHTRY-VURDRKPISA-N";"InChI=1S/C26H20O10/c27-17-5-1-13(9-20(17)30)10-23(26(33)34)35-24(32)8-4-14-2-7-19(29)25-16(14)12-22(36-25)15-3-6-18(28)21(31)11-15/h1-9,11-12,23,27-31H,10H2,(H,33,34)/b8-4+/t23-/m1/s1";"False";"-1";"['1; SAC', '1', 'Sal-C', 'Sal-C', 'Sal-C', '1; Sal-C', 'BDBM50233805']";"['Salvianolic acid C', 'Salvianolic acid C', 'Salvianolic acid C', 'Salvianolic acid C', 'Salvianolic acid C', '(R)-3-(3,4-dihydroxyphenyl)-2-((3-(2-(3,4-dihydroxyphenyl)-7-hydroxybenzofuran-4-yl)acryloyl)oxy)propanoic acid', 'CHEMBL4077922::US11021454, Compound Salvianolic acid C']"
"CHEMBL469857";"CAVIPETIN B";"";"Small molecule";"";"502.60";"3";"5";"5.48";"127.20";"6";"2";"2";"17";"N";"0.15";"0";"MOL";"-1";"36";"0.99";"C28H38O8";"C/C(=C\CC/C(C)=C/COC(=O)/C=C/C(=O)O)CC/C=C(\C)CC/C=C(\C)COC(=O)/C=C/C(=O)O";"AHOSPPOAEYRVLQ-WQNLBOQCSA-N";"InChI=1S/C28H38O8/c1-21(10-6-12-23(3)18-19-35-27(33)16-14-25(29)30)8-5-9-22(2)11-7-13-24(4)20-36-28(34)17-15-26(31)32/h9-10,13-18H,5-8,11-12,19-20H2,1-4H3,(H,29,30)(H,31,32)/b16-14+,17-15+,21-10+,22-9+,23-18+,24-13+";"False";"-1";"['2']";"['cavipetin B']"
"CHEMBL3600992";"";"";"Small molecule";"";"413.41";"1";"2";"3.32";"129.56";"9";"3";"0";"3";"N";"0.56";"3";"MOL";"-1";"29";"0.72";"C20H15NO7S";"CCOC(=O)C1=Nc2c(O)ccc(-c3cc(=O)c4c(O)cc(O)cc4o3)c2SC1";"JOAGNNZVNNCYAE-UHFFFAOYSA-N";"InChI=1S/C20H15NO7S/c1-2-27-20(26)11-8-29-19-10(3-4-12(23)18(19)21-11)15-7-14(25)17-13(24)5-9(22)6-16(17)28-15/h3-7,22-24H,2,8H2,1H3";"False";"-1";"['2']";"['ethyl 8-(5,7-dihydroxy-4-oxo-4H-chromen-2-yl)-5-hydroxy-2H-benzo[b][1,4]thiazine-3-carboxylate']"
"CHEMBL3897456";"";"";"Small molecule";"";"599.78";"2";"2";"4.33";"68.80";"7";"0";"1";"10";"N";"0.34";"3";"MOL";"-1";"44";"-0.87";"C35H45N5O4";"COc1ccc(N2CCN(C(=O)CN(CC(=O)N3CCN(c4ccc(OC)cc4)CC3)c3ccc(C(C)C)cc3)CC2)cc1";"ZRYUZMFOVQVFGZ-UHFFFAOYSA-N";"InChI=1S/C35H45N5O4/c1-27(2)28-5-7-31(8-6-28)40(25-34(41)38-21-17-36(18-22-38)29-9-13-32(43-3)14-10-29)26-35(42)39-23-19-37(20-24-39)30-11-15-33(44-4)16-12-30/h5-16,27H,17-26H2,1-4H3";"False";"-1";"['BDBM244060']";"['US9428478, TG6-143-2']"
"CHEMBL503232";"";"";"Small molecule";"";"578.53";"1";"1";"2.02";"196.35";"12";"6";"3";"7";"N";"0.14";"4";"MOL";"-1";"42";"1.54";"C30H26O12";"O=C(/C=C/c1ccc(O)cc1)OC[C@@H]1O[C@H](Oc2ccc(-c3cc(=O)c4c(O)cc(O)cc4o3)cc2)[C@@H](O)[C@H](O)[C@H]1O";"HIVMDOSHUCWOJU-CMAQPADGSA-N";"InChI=1S/C30H26O12/c31-17-6-1-15(2-7-17)3-10-25(35)39-14-24-27(36)28(37)29(38)30(42-24)40-19-8-4-16(5-9-19)22-13-21(34)26-20(33)11-18(32)12-23(26)41-22/h1-13,24,27-33,36-38H,14H2/b10-3+/t24-,27-,28+,29-,30-/m0/s1";"False";"-1";"['2']";"["apigenin-4'-O-(6''-O-p-coumaroyl)-beta-D-glucopyranoside"]"
"CHEMBL4091776";"";"";"Small molecule";"";"586.54";"1";"1";"-0.79";"223.29";"15";"7";"3";"12";"N";"0.15";"2";"MOL";"-1";"41";"1.21";"C26H34O15";"COc1cc(C(=O)OC[C@H]2O[C@@H](OC(CO)C(O)c3cc(OC)c(O)c(OC)c3)[C@H](O)[C@@H](O)[C@@H]2O)cc(OC)c1O";"VZOSURXRMRVRIJ-BHOBIMLDSA-N";"InChI=1S/C26H34O15/c1-35-13-5-11(6-14(36-2)20(13)29)19(28)17(9-27)40-26-24(33)23(32)22(31)18(41-26)10-39-25(34)12-7-15(37-3)21(30)16(8-12)38-4/h5-8,17-19,22-24,26-33H,9-10H2,1-4H3/t17?,18-,19?,22-,23+,24-,26-/m1/s1";"False";"-1";"['7']";"['Brachyanin F']"
"CHEMBL244743";"ESCULETIN";"";"Small molecule";"";"178.14";"143";"253";"1.20";"70.67";"4";"2";"0";"0";"N";"0.47";"2";"MOL";"-1";"13";"1.03";"C9H6O4";"O=c1ccc2cc(O)c(O)cc2o1";"ILEDWLMCKZNDJK-UHFFFAOYSA-N";"InChI=1S/C9H6O4/c10-6-3-5-1-2-9(12)13-8(5)4-7(6)11/h1-4,10-11H";"False";"-1";"['Esculetin', '11', 'SID855593', '3', 'aesculetin', 'Esculetin', 'esculetin', '8', '3', '18', '12', 'SID26748438', 'SM1, Esculetin', '25', '6', '1', 'Aesculetin', '2, aesculetin', '2', '3, Esculetin', 'ESCULETIN', 'SID11112320', '6, esculetol', '105', '2', '11', '7', 'SID87294', '6, esculetin', 'SID124882249', 'Esculetin', 'D7', 'Aesculetin', '30', '10; Esc', '4', 'Esculetin', '93', 'Esculetin', '45', '1', '32a', '16']";"['Esculetin', 'Esculetin', 'SID855593', '6,7-Dihydroxynaphthalen-2(1H)-one', '6,7-dihydroxycoumarin', 'Esculetin', 'esculetin', 'esculetin', 'esculetin', '6,7-dihydroxy-2H-chromen-2-one', '6,7-dihydroxycoumarin', 'SID26748438', '6,7-dihydroxycoumarin', '6,7-dihydroxy-2H-chromen-2-one', '6,7-Dihydroxycoumarin', '6,7-dihydroxycoumarin', 'Aesculetin', '6,7-dihydroxycoumarin', '6,7-dihydroxy-2H-chromen-2-one', '6,7-dihydroxycoumarin', 'ESCULETIN', 'SID11112320', '6,7-dihydroxycoumarin', 'Aesculetin', 'Esculetin', '6,7-dihydroxycoumarin', '6,7-Dihydroxycoumarin', 'SID87294', '6,7-dihydroxycoumarin', 'SID124882249', 'Esculetin', 'Esculetin', 'Aesculetin', 'Esculetin', 'Esculetin', 'Aesculetin', 'Esculetin', 'Aesculetin', 'Esculetin', 'Esculetin', 'Esculetin', 'Esculetin', 'Esculetin']"
"CHEMBL478458";"";"";"Small molecule";"";"316.42";"7";"8";"4.75";"35.53";"4";"0";"0";"7";"N";"0.55";"2";"MOL";"-1";"22";"-1.34";"C18H20O3S";"CCOc1ccc(OCC)c(C(=O)/C=C/c2ccc(C)s2)c1";"IXEKBUPTHCHTPJ-MDZDMXLPSA-N";"InChI=1S/C18H20O3S/c1-4-20-14-7-11-18(21-5-2)16(12-14)17(19)10-9-15-8-6-13(3)22-15/h6-12H,4-5H2,1-3H3/b10-9+";"False";"-1";"['3']";"["2',5'-Diethoxy-2-(5-methylthienyl)chalcone"]"
"CHEMBL3940571";"";"";"Small molecule";"";"392.46";"2";"2";"2.50";"77.67";"4";"2";"0";"4";"N";"0.72";"3";"MOL";"-1";"29";"-1.45";"C22H24N4O3";"CNC(=O)c1ccc2[nH]c(C(=O)N3CCN(c4ccc(OC)cc4)CC3)cc2c1";"ABPCHYCHOQKJJE-UHFFFAOYSA-N";"InChI=1S/C22H24N4O3/c1-23-21(27)15-3-8-19-16(13-15)14-20(24-19)22(28)26-11-9-25(10-12-26)17-4-6-18(29-2)7-5-17/h3-8,13-14,24H,9-12H2,1-2H3,(H,23,27)";"False";"-1";"['BDBM244082']";"['US9428478, TG6-223']"
"CHEMBL2420116";"";"";"Small molecule";"";"360.76";"2";"3";"1.83";"122.03";"7";"3";"0";"6";"N";"0.57";"3";"MOL";"-1";"25";"-1.86";"C15H13ClN6O3";"O=C(O)Cn1ncc2c(Nc3ccc(NC(=O)CCl)cc3)ncnc21";"JUMJSEKJAZCMRD-UHFFFAOYSA-N";"InChI=1S/C15H13ClN6O3/c16-5-12(23)20-9-1-3-10(4-2-9)21-14-11-6-19-22(7-13(24)25)15(11)18-8-17-14/h1-4,6,8H,5,7H2,(H,20,23)(H,24,25)(H,17,18,21)";"False";"-1";"['6e']";"['2-(4-((4-(2-Chloroacetamido)phenyl)amino)-1H-pyrazolo[3,4-d]pyrimidin-1-yl)acetic acid']"
"CHEMBL3902230";"";"";"Small molecule";"";"352.44";"2";"2";"2.23";"78.67";"5";"2";"0";"5";"N";"0.64";"2";"MOL";"-1";"26";"-1.39";"C20H24N4O2";"CC(=O)c1ccc(NCC(=O)N2CCN(c3ccccc3N)CC2)cc1";"XBLCBNURXYAPJG-UHFFFAOYSA-N";"InChI=1S/C20H24N4O2/c1-15(25)16-6-8-17(9-7-16)22-14-20(26)24-12-10-23(11-13-24)19-5-3-2-4-18(19)21/h2-9,22H,10-14,21H2,1H3";"False";"-1";"['BDBM244066']";"['US9428478, TG2-181-1']"
"CHEMBL319287";"";"";"Small molecule";"";"332.31";"2";"4";"2.12";"116.45";"7";"4";"0";"2";"N";"0.49";"2";"MOL";"-1";"24";"2.05";"C17H16O7";"CC(=O)O[C@@H]1Cc2ccc(O)c(O)c2O[C@H]1c1ccc(O)c(O)c1";"KIZOXLKDAVLXEX-ZBFHGGJFSA-N";"InChI=1S/C17H16O7/c1-8(18)23-14-7-10-3-5-12(20)15(22)17(10)24-16(14)9-2-4-11(19)13(21)6-9/h2-6,14,16,19-22H,7H2,1H3/t14-,16+/m1/s1";"False";"-1";"['4a']";"['Acetic acid (2S,3R)-2-(3,4-dihydroxy-phenyl)-7,8-dihydroxy-chroman-3-yl ester']"
"CHEMBL5412360";"";"";"";"";"322.35";"1";"2";"3.07";"89.25";"6";"1";"0";"1";"N";"0.70";"3";"MOL";"-1";"23";"-1.24";"C17H10N2O3S";"N#CC1=C(N)Oc2c(c(=O)oc3ccccc23)C1c1cccs1";"XQLJKVUBWFWJHH-UHFFFAOYSA-N";"InChI=1S/C17H10N2O3S/c18-8-10-13(12-6-3-7-23-12)14-15(22-16(10)19)9-4-1-2-5-11(9)21-17(14)20/h1-7,13H,19H2";"False";"-1";"['Fig 5, Cpd 3', '34a']";"['2-amino-5-oxo-4-(thiophen-2-yl)-4H,5H-pyrano[3,2-c]chromene-3-carbonitrile', '2-amino-5-oxo-4-(thiophen-2-yl)-4H,5H-pyrano[3,2-c]chromene-3-carbonitrile']"
"CHEMBL5287946";"";"";"";"";"465.62";"1";"1";"5.35";"83.29";"6";"0";"1";"13";"N";"0.37";"2";"MOL";"-1";"33";"-0.79";"C26H31N3O3S";"CCc1ccc(CCOc2ccc(CC3SC(=O)N(CCCCCCC#N)C3=O)cc2)nc1";"CZGPXOYLPJLKSG-UHFFFAOYSA-N";"InChI=1S/C26H31N3O3S/c1-2-20-8-11-22(28-19-20)14-17-32-23-12-9-21(10-13-23)18-24-25(30)29(26(31)33-24)16-7-5-3-4-6-15-27/h8-13,19,24H,2-7,14,16-18H2,1H3";"False";"-1";"['78']";"['7-(5-(4-(2-(5-ethylpyridin-2-yl)ethoxy)benzyl)-2,4-dioxothiazolidin-3-yl)heptanenitrile']"
"CHEMBL3127146";"";"";"Small molecule";"";"201.23";"1";"1";"1.03";"60.91";"4";"1";"0";"1";"N";"0.75";"2";"MOL";"-1";"15";"-0.83";"C11H11N3O";"Cn1c(N)nc(-c2ccccc2)cc1=O";"YSIQOXUHLACNPW-UHFFFAOYSA-N";"InChI=1S/C11H11N3O/c1-14-10(15)7-9(13-11(14)12)8-5-3-2-4-6-8/h2-7H,1H3,(H2,12,13)";"False";"-1";"['11']";"['2-amino-3-methyl-6-phenylpyrimidin-4(3H)-one']"
"CHEMBL4161671";"";"";"Small molecule";"";"612.54";"1";"1";"-2.49";"265.52";"16";"10";"3";"7";"N";"0.14";"2";"MOL";"-1";"43";"2.06";"C27H32O16";"O=C1C[C@H](c2ccc(O)c(O)c2)Oc2cc(O)cc(O[C@@H]3O[C@H](CO)[C@@H](O)[C@H](O)[C@H]3O[C@@H]3O[C@H](CO)[C@@H](O)[C@H](O)[C@H]3O)c21";"RSPXJSUIKSGPQA-FXINVYLVSA-N";"InChI=1S/C27H32O16/c28-7-17-20(34)22(36)24(38)26(41-17)43-25-23(37)21(35)18(8-29)42-27(25)40-16-5-10(30)4-15-19(16)13(33)6-14(39-15)9-1-2-11(31)12(32)3-9/h1-5,14,17-18,20-32,34-38H,6-8H2/t14-,17-,18-,20-,21-,22+,23+,24-,25-,26+,27-/m1/s1";"False";"-1";"['5']";"['(2R)-Eriodictyol 5-O-sophoroside']"
"CHEMBL5395909";"";"";"";"";"287.30";"1";"2";"2.63";"90.55";"5";"2";"0";"2";"N";"0.89";"2";"MOL";"-1";"20";"-0.17";"C14H9NO4S";"N#Cc1sc(-c2ccc(C(=O)O)c(O)c2)c2c1OCC2";"LXIYQNKIZWYBSD-UHFFFAOYSA-N";"InChI=1S/C14H9NO4S/c15-6-11-12-9(3-4-19-12)13(20-11)7-1-2-8(14(17)18)10(16)5-7/h1-2,5,16H,3-4H2,(H,17,18)";"False";"-1";"['124']";"['4-(6-cyano-2,3-dihydrothieno[3,4-b]furan-4-yl)-2-hydroxybenzoic acid']"
"CHEMBL313244";"4-METHYLESCULETIN";"NSC-688807";"Small molecule";"";"192.17";"19";"37";"1.51";"70.67";"4";"2";"0";"0";"N";"0.49";"2";"MOL";"-1";"14";"0.62";"C10H8O4";"Cc1cc(=O)oc2cc(O)c(O)cc12";"KVOJTUXGYQVLAJ-UHFFFAOYSA-N";"InChI=1S/C10H8O4/c1-5-2-10(13)14-9-4-8(12)7(11)3-6(5)9/h2-4,11-12H,1H3";"False";"-1";"['4-METHYLESCULETIN', '49, NSC688807', '2', '4', '21', '6', '22', '13', 'SID26749640', '2', 'COVC-0141507304']";"['4-METHYLESCULETIN', '6,7-dihydroxy-4-methyl-2H-chromen-2-one', '6,7-Dihydroxy-4-methyl-2H-chromen-2-one', '6,7-dihydroxy-4-methylcoumarin', '6,7-dihydroxy-4-methyl-2H-chromen-2-one', '6,7-Dihydroxy-4-methyl-chromen-2-one', '6,7-dihydroxy-4-methyl-2H-chromen-2-one', '6,7-Dihydroxy-4-methylcoumarin', 'SID26749640', '6,7-dihydroxy-4-methyl-2H-chromen-2-one', '4-METHYLESCULETIN']"
"CHEMBL5425263";"";"";"";"";"299.19";"2";"8";"0.00";"135.28";"5";"5";"0";"2";"N";"0.50";"2";"MOL";"-1";"21";"-1.22";"C11H7F2N3O5";"O=C(Nc1cc(F)c(O)c(F)c1)c1c(O)[nH]c(=O)[nH]c1=O";"DFUCKWJYLHPGKA-UHFFFAOYSA-N";"InChI=1S/C11H7F2N3O5/c12-4-1-3(2-5(13)7(4)17)14-8(18)6-9(19)15-11(21)16-10(6)20/h1-2,17H,(H,14,18)(H3,15,16,19,20,21)";"False";"-1";"['BDBM37947', '110']";"['US10093631, Compound Formula (Ig)', 'N-(3,5-difluoro-4-hydroxyphenyl)-6-hydroxy-2,4-dioxo-1,2,3,4-tetrahydropyrimidine-5-carboxamide']"
"CHEMBL5197177";"";"";"";"";"295.30";"2";"5";"1.97";"107.45";"5";"2";"0";"3";"N";"0.77";"3";"MOL";"-1";"22";"-1.35";"C15H13N5O2";"CC(C)Oc1ccc(-c2ncc3c(=O)[nH][nH]c3n2)cc1C#N";"LBJXVRNULAGYQQ-UHFFFAOYSA-N";"InChI=1S/C15H13N5O2/c1-8(2)22-12-4-3-9(5-10(12)6-16)13-17-7-11-14(18-13)19-20-15(11)21/h3-5,7-8H,1-2H3,(H2,17,18,19,20,21)";"False";"-1";"['19a']";"['6-(3-cyano-4-isopropoxyphenyl)-1,2-dihydro-3H-pyrazolo[3,4-d]pyrimidin-3-one']"
"CHEMBL3824195";"";"";"Small molecule";"";"367.30";"5";"13";"4.64";"61.60";"4";"0";"0";"7";"N";"0.23";"1";"MOL";"-1";"24";"-0.65";"C15H21F3NO4P";"CCOP(=O)(OCC)C(C)(C)/[N+]([O-])=C/c1ccccc1C(F)(F)F";"HWPMBOOJANDRKF-ODLFYWEKSA-N";"InChI=1S/C15H21F3NO4P/c1-5-22-24(21,23-6-2)14(3,4)19(20)11-12-9-7-8-10-13(12)15(16,17)18/h7-11H,5-6H2,1-4H3/b19-11-";"False";"-1";"['4p']";"['2-(Diethoxyphosphoryl)-N-(2-trifluoromethylbenzylidene)propan-2-amine oxide']"
"CHEMBL5202914";"";"";"";"";"361.41";"1";"1";"3.27";"103.57";"5";"2";"0";"3";"N";"0.75";"3";"MOL";"-1";"27";"-1.59";"C20H19N5O2";"Cc1nc(C(=O)Nc2ccc3c(C#N)cn(C4CCCC4)c3c2)cc(=O)[nH]1";"CJEAXKVMWTZHGT-UHFFFAOYSA-N";"InChI=1S/C20H19N5O2/c1-12-22-17(9-19(26)23-12)20(27)24-14-6-7-16-13(10-21)11-25(18(16)8-14)15-4-2-3-5-15/h6-9,11,15H,2-5H2,1H3,(H,24,27)(H,22,23,26)";"False";"-1";"['15g']";"['N-(3-cyano-1-methyl-1H-indol-5-yl)-2-methyl-6-oxo-1,6-dihydropyrimidine-4-carboxamide']"
"CHEMBL6037599";"";"";"";"";"379.27";"1";"3";"None";"None";"None";"None";"None";"None";"None";"None";"None";"MOL";"-1";"None";"None";"C16H16N2O4Se";"CC(C)COc1ccc(-c2nc(CO)c(C(=O)O)[se]2)cc1C#N";"UVMPOFNVOXGNFV-UHFFFAOYSA-N";"InChI=1S/C16H16N2O4Se/c1-9(2)8-22-13-4-3-10(5-11(13)6-17)15-18-12(7-19)14(23-15)16(20)21/h3-5,9,19H,7-8H2,1-2H3,(H,20,21)";"False";"-1";"['BDBM352070']";"['US9802907, Compound 74']"
"CHEMBL5170473";"";"";"";"";"334.35";"1";"1";"1.59";"94.06";"6";"1";"0";"3";"N";"0.67";"1";"MOL";"-1";"23";"-1.16";"C15H14N2O5S";"COC(=O)c1cc(/C=C2\SC(NC(C)=O)=NC2=O)ccc1OC";"ODOJGFFPJUXLMI-GHXNOFRVSA-N";"InChI=1S/C15H14N2O5S/c1-8(18)16-15-17-13(19)12(23-15)7-9-4-5-11(21-2)10(6-9)14(20)22-3/h4-7H,1-3H3,(H,16,17,18,19)/b12-7-";"False";"-1";"['XO-31']";"['methyl (Z)-5-((2-acetamido-4-oxothiazol-5(4H)-ylidene)methyl)-2-methoxybenzoate']"
"CHEMBL503708";"";"";"Small molecule";"";"236.24";"4";"4";"1.27";"93.41";"6";"1";"0";"1";"N";"0.69";"3";"MOL";"-1";"18";"-2.05";"C12H8N6";"N#Cc1ccc(-n2ncc3c(N)ncnc32)cc1";"OGULXNRFYCLBIL-UHFFFAOYSA-N";"InChI=1S/C12H8N6/c13-5-8-1-3-9(4-2-8)18-12-10(6-17-18)11(14)15-7-16-12/h1-4,6-7H,(H2,14,15,16)";"False";"-1";"['5d']";"["4-(4'-Aminopyrazolo[3,4-d]pyrimidin-1-yl)-benzonitrile"]"
"CHEMBL500751";"";"";"Small molecule";"";"255.24";"4";"4";"1.10";"106.92";"6";"2";"0";"2";"N";"0.71";"3";"MOL";"-1";"19";"-1.38";"C12H9N5O2";"Nc1ncnc2c1cnn2-c1ccc(C(=O)O)cc1";"SWCHLBSYGRBBMJ-UHFFFAOYSA-N";"InChI=1S/C12H9N5O2/c13-10-9-5-16-17(11(9)15-6-14-10)8-3-1-7(2-4-8)12(18)19/h1-6H,(H,18,19)(H2,13,14,15)";"False";"-1";"['5c']";"["N-(4'-Carboxyphenyl)-1H-4-aminopyrazolo[3,4-d]pyrimidine"]"
"CHEMBL5186954";"";"";"";"";"369.38";"1";"1";"2.90";"103.57";"5";"2";"0";"4";"N";"0.58";"4";"MOL";"-1";"28";"-1.73";"C21H15N5O2";"N#Cc1cn(Cc2ccccc2)c2ccc(NC(=O)c3cc(=O)[nH]cn3)cc12";"ODGXALMKIXEGRR-UHFFFAOYSA-N";"InChI=1S/C21H15N5O2/c22-10-15-12-26(11-14-4-2-1-3-5-14)19-7-6-16(8-17(15)19)25-21(28)18-9-20(27)24-13-23-18/h1-9,12-13H,11H2,(H,25,28)(H,23,24,27)";"False";"-1";"['13m']";"['N-(3-cyano-1-benzyl-1H-indol-5-yl)-6-oxo-1,6-dihydropyrimidine-4-carboxamide']"
"CHEMBL5407183";"";"";"";"";"299.35";"1";"1";"3.57";"81.32";"4";"2";"0";"2";"N";"0.89";"2";"MOL";"-1";"21";"-0.33";"C16H13NO3S";"N#Cc1sc(-c2ccc(C(=O)O)c(O)c2)c2c1CCCC2";"AIEGWYRRGJXQAX-UHFFFAOYSA-N";"InChI=1S/C16H13NO3S/c17-8-14-10-3-1-2-4-11(10)15(21-14)9-5-6-12(16(19)20)13(18)7-9/h5-7,18H,1-4H2,(H,19,20)";"False";"-1";"['120']";"['4-(3-cyano-4,5,6,7-tetrahydrobenzo[c]thiophen-1-yl)-2-hydroxybenzoic acid']"
"CHEMBL5591047";"";"";"";"";"297.24";"14";"104";"3.51";"94.46";"4";"2";"0";"2";"N";"0.75";"3";"MOL";"-1";"22";"-0.23";"C16H8FNO4";"N#Cc1cc(-c2ccc(C(=O)O)c(O)c2)c2oc(F)cc2c1";"VBWLCOGQAODFLX-UHFFFAOYSA-N";"InChI=1S/C16H8FNO4/c17-14-6-10-3-8(7-18)4-12(15(10)22-14)9-1-2-11(16(20)21)13(19)5-9/h1-6,19H,(H,20,21)";"False";"-1";"['27', 'BDBM377702']";"['4-(5-Cyano-2-fluorobenzofuran-7-yl)-2-hydroxybenzoic Acid', 'US10266496, Example 29']"
"CHEMBL476787";"";"";"Small molecule";"";"302.40";"8";"18";"4.36";"35.53";"4";"0";"0";"6";"N";"0.59";"2";"MOL";"-1";"21";"-1.27";"C17H18O3S";"CCOc1ccc(OC)cc1C(=O)/C=C/c1ccc(C)s1";"MQOPWZWAQKTNRT-CMDGGOBGSA-N";"InChI=1S/C17H18O3S/c1-4-20-17-10-6-13(19-3)11-15(17)16(18)9-8-14-7-5-12(2)21-14/h5-11H,4H2,1-3H3/b9-8+";"False";"-1";"['10']";"["2'-Ethoxy-5'-methoxy-2-(5-methylthienyl)chalcone"]"
"CHEMBL5407086";"";"";"";"";"323.36";"1";"1";"2.91";"92.79";"5";"2";"0";"6";"N";"0.73";"3";"MOL";"-1";"24";"-1.90";"C17H17N5O2";"CCCOc1ccc(NC(=O)c2ccc(-c3nnn[nH]3)cc2)cc1";"LUMJLDTYTQFOEX-UHFFFAOYSA-N";"InChI=1S/C17H17N5O2/c1-2-11-24-15-9-7-14(8-10-15)18-17(23)13-5-3-12(4-6-13)16-19-21-22-20-16/h3-10H,2,11H2,1H3,(H,18,23)(H,19,20,21,22)";"False";"-1";"['IIId']";"['N-(4-propoxyphenyl)-4-(1H-tetrazol-5-yl)benzamide']"
"CHEMBL5423539";"";"";"";"";"339.42";"1";"1";"4.36";"78.91";"5";"1";"0";"4";"N";"0.77";"3";"MOL";"-1";"24";"-1.68";"C18H17N3O2S";"CCCn1cc(C)c2cc(-c3nc(C)c(C(=O)O)s3)cc(C#N)c21";"MLAYGGHMCXJPNH-UHFFFAOYSA-N";"InChI=1S/C18H17N3O2S/c1-4-5-21-9-10(2)14-7-12(6-13(8-19)15(14)21)17-20-11(3)16(24-17)18(22)23/h6-7,9H,4-5H2,1-3H3,(H,22,23)";"False";"-1";"['70']";"['2-(7-cyano-3-methyl-1-propyl-1H-indol-5-yl)-4-methylthiazole-5-carboxylic acid']"
"CHEMBL1761217";"";"";"Small molecule";"";"341.41";"2";"3";"3.76";"62.91";"5";"1";"0";"7";"N";"0.52";"3";"MOL";"-1";"25";"-0.17";"C20H23NO4";"CCN(CC)CCCOc1ccc2c(=O)c3ccc(O)cc3oc2c1";"CBMHVPYSCRBHLR-UHFFFAOYSA-N";"InChI=1S/C20H23NO4/c1-3-21(4-2)10-5-11-24-15-7-9-17-19(13-15)25-18-12-14(22)6-8-16(18)20(17)23/h6-9,12-13,22H,3-5,10-11H2,1-2H3";"False";"-1";"['12']";"['3-[3-(Diethylamino)-propoxy]-6-hydroxyxanthone']"
"CHEMBL4081884";"";"";"Small molecule";"";"192.18";"1";"2";"0.06";"98.82";"5";"3";"0";"2";"N";"0.46";"2";"MOL";"-1";"14";"-1.40";"C7H8N6O";"C/C=N/Nc1nc(=O)[nH]c2[nH]ncc12";"WZYYPXPBHAVGBX-KRXBUXKQSA-N";"InChI=1S/C7H8N6O/c1-2-8-12-5-4-3-9-13-6(4)11-7(14)10-5/h2-3H,1H3,(H3,9,10,11,12,13,14)/b8-2+";"False";"-1";"['167']";"['4-(2-ethylidenehydrazinyl)-1H-pyrazolo[3,4-d]pyrimidin-6(7H)-one']"
"CHEMBL3248014";"";"";"Small molecule";"";"188.17";"3";"6";"-1.19";"103.95";"4";"3";"0";"0";"N";"0.48";"1";"MOL";"-1";"12";"-1.02";"C4H4N4O3S";"O=C1NS(=O)(=O)Nc2[nH]ncc21";"IFGNOEATALTGPF-UHFFFAOYSA-N";"InChI=1S/C4H4N4O3S/c9-4-2-1-5-6-3(2)7-12(10,11)8-4/h1H,(H,8,9)(H2,5,6,7)";"False";"-1";"['4']";"['1,7-Dihydropyrazolo[3,4-c][1,2,6]thiadiazin-4(3H)-one-2,2-Dioxide']"
"CHEMBL1927147";"";"";"Small molecule";"";"457.36";"21";"35";"3.54";"63.03";"5";"1";"0";"3";"N";"0.55";"4";"MOL";"-1";"30";"-1.19";"C23H22Cl2N4O2";"Cl.O=c1c2c3n(c(=O)cc2[nH]n1-c1ccccc1Cl)CCCN(Cc1ccccc1)C3";"DSRNDKNGQPKUQR-UHFFFAOYSA-N";"InChI=1S/C23H21ClN4O2.ClH/c24-17-9-4-5-10-19(17)28-23(30)22-18(25-28)13-21(29)27-12-6-11-26(15-20(22)27)14-16-7-2-1-3-8-16;/h1-5,7-10,13,25H,6,11-12,14-15H2;1H";"False";"-1";"['7c']";"["10-benzyl-2-(2-chlorophenyl)-2,3,8,9,10,11-hexahydro-1H-pyrazolo[4',3':3,4]pyrido[1,2-a][1,4]diazepine-1,5(7H)-dione hydrochloride"]"
"CHEMBL314120";"";"";"Small molecule";"";"242.30";"1";"1";"1.22";"101.13";"6";"3";"0";"6";"N";"0.30";"1";"MOL";"-1";"16";"-1.18";"C9H14N4O2S";"CCCCSc1nc(N)c(NC=O)c(O)n1";"UAKWTWIWSFFGDZ-UHFFFAOYSA-N";"InChI=1S/C9H14N4O2S/c1-2-3-4-16-9-12-7(10)6(11-5-14)8(15)13-9/h5H,2-4H2,1H3,(H,11,14)(H3,10,12,13,15)";"False";"-1";"['2d']";"['N-(4-Amino-2-butylsulfanyl-6-oxo-1,6-dihydro-pyrimidin-5-yl)-formamide']"
"CHEMBL242529";"CONIFERYL ALDEHYDE";"";"Small molecule";"";"178.19";"33";"127";"1.61";"46.53";"3";"1";"0";"3";"Y";"0.56";"1";"MOL";"-1";"13";"1.35";"C10H10O3";"COc1cc(/C=C/C=O)ccc1O";"DKZBBWMURDFHNE-NSCUHMNNSA-N";"InChI=1S/C10H10O3/c1-13-10-7-8(3-2-6-11)4-5-9(10)12/h2-7,12H,1H3/b3-2+";"False";"-1";"['30', '2', '7', '1', '5', '4-hydroxy-3-methoxycinnamaldehydea', '9', 'Ferulic aldehyde', '44', '14', '3', '10', '1', 'Coniferaldehyde', '30', '5', '19', '15', '8', 'Table 4, R17C1', '5']";"['3-(4-hydroxy-3-methoxyphenyl)acrylaldehyde', '4-hydroxy-3-methoxycinnamaldehyde', 'ferulaldehyde', 'Coniferyl aldehyde', 'Coniferaldehyde', '4-hydroxy-3-methoxycinnamaldehydea', 'coniferylaldehyde', 'Ferulic aldehyde', 'Coniferaldehyde', '4-hydroxy-3-methoxycinnamaldehyde', '4-hydroxy-3-methoxycinnamaldehyde', '4-hydroxy3-methoxy cinnamaldehyde', '(E)-3-(4-hydroxy-3-methoxyphenyl)acrylaldehyde', 'Coniferaldehyde', 'Coniferaldehyde', 'coniferaldehyde', 'trans-coniferylaldehyde', 'trans-Coniferyl aldehyde', 'Coniferaldehyde', '4-hydroxy-3-methoxycinnamaldehyde', 'Coniferyl aldehyde']"
"CHEMBL459842";"";"";"Small molecule";"";"279.23";"4";"4";"2.42";"69.62";"5";"1";"0";"1";"N";"0.74";"3";"MOL";"-1";"20";"-1.83";"C12H8F3N5";"Nc1ncnc2c1cnn2-c1ccc(C(F)(F)F)cc1";"MYECSPHUVIVQPI-UHFFFAOYSA-N";"InChI=1S/C12H8F3N5/c13-12(14,15)7-1-3-8(4-2-7)20-11-9(5-19-20)10(16)17-6-18-11/h1-6H,(H2,16,17,18)";"False";"-1";"['5f']";"["1-(4'-Trifluoromethylphenyl)-1H-pyrazolo[3,4-d]pyrimidin-4-ylamine"]"
"CHEMBL505322";"";"";"Small molecule";"";"225.25";"4";"4";"1.71";"69.62";"5";"1";"0";"1";"N";"0.68";"3";"MOL";"-1";"17";"-1.77";"C12H11N5";"Cc1ccc(-n2ncc3c(N)ncnc32)cc1";"HMFJTCIVXMZQIC-UHFFFAOYSA-N";"InChI=1S/C12H11N5/c1-8-2-4-9(5-3-8)17-12-10(6-16-17)11(13)14-7-15-12/h2-7H,1H3,(H2,13,14,15)";"False";"-1";"['5a']";"['1-p-Tolyl-1H-pyrazolo[3,4-d]pyrimidin-4-ylamine']"
"CHEMBL3247907";"";"";"Small molecule";"";"261.67";"2";"2";"1.76";"89.85";"6";"2";"0";"1";"N";"0.70";"3";"MOL";"-1";"18";"-1.26";"C11H8ClN5O";"Nc1nc(O)c2ncn(-c3ccc(Cl)cc3)c2n1";"HJXMTLKVNVHLEU-UHFFFAOYSA-N";"InChI=1S/C11H8ClN5O/c12-6-1-3-7(4-2-6)17-5-14-8-9(17)15-11(13)16-10(8)18/h1-5H,(H3,13,15,16,18)";"False";"-1";"['Table VIII R2C1']";"['2-amino-9-(4-chlorophenyl)-9H-purin-6-ol']"
"CHEMBL82848";"";"";"Small molecule";"";"284.34";"1";"1";"2.65";"63.83";"6";"1";"0";"1";"N";"0.70";"1";"MOL";"-1";"20";"-1.05";"C14H12N4OS";"Oc1nc2nc(-c3ccccc3)nc-2c2n1CCCS2";"VZJNWUGPFOPMFQ-UHFFFAOYSA-N";"InChI=1S/C14H12N4OS/c19-14-17-12-10(13-18(14)7-4-8-20-13)15-11(16-12)9-5-2-1-3-6-9/h1-3,5-6H,4,7-8H2,(H,15,16,17,19)";"False";"-1";"['5e']";"['2-Phenyl-7,8-dihydro-3H,6H-9-thia-1,3,4,5a-tetraaza-cyclopenta[a]naphthalen-5-one']"
"CHEMBL5413474";"";"";"";"";"266.30";"1";"1";"2.93";"63.69";"4";"1";"0";"4";"N";"0.79";"3";"MOL";"-1";"20";"-1.48";"C15H14N4O";"CCOc1ccccc1-c1ccc(-c2nnn[nH]2)cc1";"QGKGYIKIOKGSNA-UHFFFAOYSA-N";"InChI=1S/C15H14N4O/c1-2-20-14-6-4-3-5-13(14)11-7-9-12(10-8-11)15-16-18-19-17-15/h3-10H,2H2,1H3,(H,16,17,18,19)";"False";"-1";"['IIf']";"["5-(2'-(ethoxy)-[1,1'-biphenyl]-4-yl)-1H-tetrazole"]"
"CHEMBL5562473";"";"";"";"";"282.34";"2";"2";"3.09";"59.06";"3";"1";"0";"4";"N";"0.88";"2";"MOL";"-1";"21";"-1.16";"C17H18N2O2";"CC(=O)c1ccc(-c2cncc(C(=O)NC(C)C)c2)cc1";"ZOCJVJQUESRVNL-UHFFFAOYSA-N";"InChI=1S/C17H18N2O2/c1-11(2)19-17(21)16-8-15(9-18-10-16)14-6-4-13(5-7-14)12(3)20/h4-11H,1-3H3,(H,19,21)";"False";"-1";"['Cpd A']";"['5-(4-acetylphenyl)-N-isopropylnicotinamide']"
"CHEMBL1782879";"";"";"Small molecule";"";"650.67";"6";"6";"4.07";"176.26";"14";"0";"2";"15";"N";"0.11";"1";"MOL";"-1";"46";"1.33";"C32H42O14";"CCCCCCCCCC(=O)Oc1cc2c(c(OC(C)=O)c1OC)[C@@H]1O[C@H](COC(C)=O)[C@@H](OC(C)=O)[C@H](OC(C)=O)[C@H]1OC2=O";"IKGPHYSTQWUWDN-HYKSJHEUSA-N";"InChI=1S/C32H42O14/c1-7-8-9-10-11-12-13-14-24(37)44-22-15-21-25(28(26(22)39-6)42-19(4)35)29-31(46-32(21)38)30(43-20(5)36)27(41-18(3)34)23(45-29)16-40-17(2)33/h15,23,27,29-31H,7-14,16H2,1-6H3/t23-,27-,29+,30+,31+/m1/s1";"False";"-1";"['6']";"['Bergenin-3,4,10,11-tetraacetate-8-decanoate']"
"CHEMBL3740646";"";"";"Small molecule";"";"333.32";"4";"10";"2.72";"66.89";"4";"2";"0";"2";"N";"0.71";"3";"MOL";"-1";"23";"-1.82";"C15H9F2N3O2S";"O=C(Nn1c(=S)[nH]c2ccc(F)cc2c1=O)c1cccc(F)c1";"RBMZZXJJXHKCTI-UHFFFAOYSA-N";"InChI=1S/C15H9F2N3O2S/c16-9-3-1-2-8(6-9)13(21)19-20-14(22)11-7-10(17)4-5-12(11)18-15(20)23/h1-7H,(H,18,23)(H,19,21)";"False";"-1";"['2b']";"['3-fluoro-N-(6-fluoro-4-oxo-2-thioxo-1,2-dihydroquinazolin-3(4H)-yl)benzamide']"
"CHEMBL5202994";"";"";"";"";"347.38";"1";"1";"2.96";"103.57";"5";"2";"0";"3";"N";"0.76";"3";"MOL";"-1";"26";"-1.41";"C19H17N5O2";"N#Cc1cn(C2CCCC2)c2cc(NC(=O)c3cc(=O)[nH]cn3)ccc12";"JXYHZEQBEJIBKS-UHFFFAOYSA-N";"InChI=1S/C19H17N5O2/c20-9-12-10-24(14-3-1-2-4-14)17-7-13(5-6-15(12)17)23-19(26)16-8-18(25)22-11-21-16/h5-8,10-11,14H,1-4H2,(H,23,26)(H,21,22,25)";"False";"-1";"['14g']";"['N-(3-cyano-1-cyclopentyl-1H-indol-6-yl)-6-oxo-1,6-dihydropyrimidine-4-carboxamide']"
"CHEMBL314647";"";"";"Small molecule";"";"210.22";"1";"1";"0.29";"84.06";"7";"2";"0";"0";"N";"0.61";"0";"MOL";"-1";"14";"-1.08";"C7H6N4O2S";"Oc1nc2nc3n(c(O)c-2n1)CCS3";"OYRPSPLYSQSVSW-UHFFFAOYSA-N";"InChI=1S/C7H6N4O2S/c12-5-3-4(9-6(13)8-3)10-7-11(5)1-2-14-7/h12H,1-2H2,(H,8,13)";"False";"-1";"['4d']";"['2-Hydroxy-6,7-dihydro-3H-thiazolo[3,2-a]purin-9-one']"
"CHEMBL85588";"";"";"Small molecule";"";"249.27";"59";"59";"1.58";"103.79";"5";"3";"0";"5";"N";"0.70";"2";"MOL";"-1";"18";"-0.88";"C11H15N5O2";"CCCCCC(=O)Nc1nc(O)c2[nH]cnc2n1";"WBAJLPIFONTDMH-UHFFFAOYSA-N";"InChI=1S/C11H15N5O2/c1-2-3-4-5-7(17)14-11-15-9-8(10(18)16-11)12-6-13-9/h6H,2-5H2,1H3,(H3,12,13,14,15,16,17,18)";"False";"-1";"['7c', 'SID488484']";"['Hexanoic acid (6-oxo-6,9-dihydro-1H-purin-2-yl)-amide', 'SID488484']"
"CHEMBL4169402";"";"";"Small molecule";"";"242.26";"11";"12";"-1.25";"95.74";"4";"2";"0";"1";"N";"0.34";"0";"MOL";"-1";"16";"-1.10";"C8H10N4O3S";"CN1C(=O)C(=CNC(N)=S)C(=O)N(C)C1=O";"RRTGMWJPPRBXTI-UHFFFAOYSA-N";"InChI=1S/C8H10N4O3S/c1-11-5(13)4(3-10-7(9)16)6(14)12(2)8(11)15/h3H,1-2H3,(H3,9,10,16)";"False";"-1";"['8f']";"['1-[(1,3-Dimethyl-2,4,6-trioxotetrahydropyrimidin-5(2H)-ylidene)methyl]thiourea']"
"CHEMBL4162698";"";"";"Small molecule";"";"382.47";"11";"12";"2.07";"78.67";"4";"2";"0";"3";"N";"0.48";"2";"MOL";"-1";"26";"-1.00";"C18H14N4O2S2";"NC(=S)NC=C1C(=O)N(c2ccccc2)C(=S)N(c2ccccc2)C1=O";"GGUNATHUSVKAIZ-UHFFFAOYSA-N";"InChI=1S/C18H14N4O2S2/c19-17(25)20-11-14-15(23)21(12-7-3-1-4-8-12)18(26)22(16(14)24)13-9-5-2-6-10-13/h1-11H,(H3,19,20,25)";"False";"-1";"['8d']";"['1-[(4,6-Dioxo-1,3-diphenyl-2-thioxotetrahydropyrimidin-5(2H)-ylidene)methyl]thiourea']"
"CHEMBL5775947";"";"";"";"";"390.36";"2";"9";"1.47";"156.62";"6";"5";"0";"4";"N";"0.36";"4";"MOL";"-1";"29";"-1.18";"C19H14N6O4";"O=C(Nc1ccc(-c2[nH]nnc2-c2ccccc2)cc1)c1c(O)[nH]c(=O)[nH]c1=O";"OGICGTUMLCCOMW-UHFFFAOYSA-N";"InChI=1S/C19H14N6O4/c26-16(13-17(27)21-19(29)22-18(13)28)20-12-8-6-11(7-9-12)15-14(23-25-24-15)10-4-2-1-3-5-10/h1-9H,(H,20,26)(H,23,24,25)(H3,21,22,27,28,29)";"False";"-1";"['BDBM458100', 'BDBM522180']";"['US10752613, Compound Formula (Ic)', 'US11161835, Compound Formula (Ic)']"
"CHEMBL3971355";"";"";"Small molecule";"";"279.28";"2";"4";"1.10";"118.21";"5";"5";"0";"2";"N";"0.42";"2";"MOL";"-1";"19";"-1.16";"C11H9N3O4S";"O=C(Nc1ccc(O)cc1)c1c(O)[nH]c(=S)[nH]c1=O";"DVMISDHNZIDREG-UHFFFAOYSA-N";"InChI=1S/C11H9N3O4S/c15-6-3-1-5(2-4-6)12-8(16)7-9(17)13-11(19)14-10(7)18/h1-4,15H,(H,12,16)(H3,13,14,17,18,19)";"False";"-1";"['BDBM241947', '94']";"['US9428466, 4&#39;-hydroxymerbarone', '6-hydroxy-N-(4-hydroxyphenyl)-4-oxo-2-thioxo-1,2,3,4-tetrahydropyrimidine-5-carboxamide']"
"CHEMBL6042459";"";"";"";"";"451.26";"1";"3";"None";"None";"None";"None";"None";"None";"None";"None";"None";"MOL";"-1";"None";"None";"C19H11F3N2O3Se";"Cc1nc(-c2ccc(-c3cccc(OC(F)(F)F)c3)c(C#N)c2)[se]c1C(=O)O";"BJFWQEZJZRRELZ-UHFFFAOYSA-N";"InChI=1S/C19H11F3N2O3Se/c1-10-16(18(25)26)28-17(24-10)12-5-6-15(13(7-12)9-23)11-3-2-4-14(8-11)27-19(20,21)22/h2-8H,1H3,(H,25,26)";"False";"-1";"['BDBM352041']";"['US9802907, Compound 20']"
"CHEMBL3740416";"";"";"Small molecule";"";"364.40";"2";"4";"3.28";"61.85";"4";"3";"0";"2";"N";"0.61";"3";"MOL";"-1";"24";"-2.04";"C15H10F2N4OS2";"O=c1c2cc(F)ccc2[nH]c(=S)n1NC(=S)Nc1cccc(F)c1";"JONTYXHFWRFCMP-UHFFFAOYSA-N";"InChI=1S/C15H10F2N4OS2/c16-8-2-1-3-10(6-8)18-14(23)20-21-13(22)11-7-9(17)4-5-12(11)19-15(21)24/h1-7H,(H,19,24)(H2,18,20,23)";"False";"-1";"['2m']";"['1-(6-fluoro-4-oxo-2-thioxo-1,2-dihydroquinazolin-3(4H)-yl)-3-(3-fluorophenyl)thiourea']"
"CHEMBL3740328";"";"";"Small molecule";"";"229.21";"2";"4";"1.05";"63.81";"4";"2";"0";"0";"N";"0.52";"2";"MOL";"-1";"15";"-1.57";"C8H5F2N3OS";"Nn1c(=S)[nH]c2cc(F)c(F)cc2c1=O";"HUBRCHRBVFYUBD-UHFFFAOYSA-N";"InChI=1S/C8H5F2N3OS/c9-4-1-3-6(2-5(4)10)12-8(15)13(11)7(3)14/h1-2H,11H2,(H,12,15)";"False";"-1";"['3h']";"['3-amino-6,7-difluoro-2-thioxo-2,3-dihydroquinazolin-4(1H)-one']"
"CHEMBL3742361";"";"";"Small molecule";"";"275.35";"2";"4";"1.42";"58.10";"4";"1";"0";"6";"N";"0.81";"2";"MOL";"-1";"20";"-1.09";"C15H21N3O2";"CN(C)CCCCCn1c(=O)[nH]c2ccccc2c1=O";"SEVYKNPMAKFQFV-UHFFFAOYSA-N";"InChI=1S/C15H21N3O2/c1-17(2)10-6-3-7-11-18-14(19)12-8-4-5-9-13(12)16-15(18)20/h4-5,8-9H,3,6-7,10-11H2,1-2H3,(H,16,20)";"False";"-1";"['1j']";"['3-(5-(dimethylamino)pentyl)quinazoline-2,4(1H,3H)-dione']"
"CHEMBL3823542";"";"";"Small molecule";"";"315.31";"5";"13";"3.32";"81.83";"5";"1";"0";"7";"N";"0.27";"1";"MOL";"-1";"21";"-0.09";"C14H22NO5P";"CCOP(=O)(OCC)C(C)(C)/[N+]([O-])=C/c1ccccc1O";"LGZILPCAMFUJKO-PTNGSMBKSA-N";"InChI=1S/C14H22NO5P/c1-5-19-21(18,20-6-2)14(3,4)15(17)11-12-9-7-8-10-13(12)16/h7-11,16H,5-6H2,1-4H3/b15-11-";"False";"-1";"['4a']";"['2-(Diethoxyphosphoryl)-N-(2-hydroxybenzylidene)propan-2-amine oxide']"
"CHEMBL5201100";"";"";"";"";"234.28";"1";"1";"1.62";"64.68";"4";"1";"0";"2";"N";"0.79";"1";"MOL";"-1";"16";"-1.11";"C11H10N2O2S";"COc1ccc(/C=C2/SC(N)=NC2=O)cc1";"VLWZKYOCVFKBBT-RMKNXTFCSA-N";"InChI=1S/C11H10N2O2S/c1-15-8-4-2-7(3-5-8)6-9-10(14)13-11(12)16-9/h2-6H,1H3,(H2,12,13,14)/b9-6+";"False";"-1";"['XO-35']";"['(E)-2-amino-5-(4-methoxybenzylidene)thiazol-4(5H)-one']"
"CHEMBL5591028";"";"";"";"";"298.14";"1";"1";"1.07";"71.17";"5";"2";"0";"4";"N";"0.89";"2";"MOL";"-1";"17";"-1.63";"C11H12BrN3O2";"OCc1nnn(Cc2cccc(Br)c2)c1CO";"WOHREPIPUDABBB-UHFFFAOYSA-N";"InChI=1S/C11H12BrN3O2/c12-9-3-1-2-8(4-9)5-15-11(7-17)10(6-16)13-14-15/h1-4,16-17H,5-7H2";"False";"-1";"['10']";"['(1-(3-bromobenzyl)-1H-1,2,3-triazole-4,5-diyl)dimethanol']"
"CHEMBL5952502";"";"";"";"";"400.32";"1";"3";"None";"None";"None";"None";"None";"None";"None";"None";"None";"MOL";"-1";"None";"None";"C17H11N3O2SSe";"Cc1nc(-c2ccc(Sc3ccccn3)c(C#N)c2)[se]c1C(=O)O";"LFAFXFBGJIKZDF-UHFFFAOYSA-N";"InChI=1S/C17H11N3O2SSe/c1-10-15(17(21)22)24-16(20-10)11-5-6-13(12(8-11)9-18)23-14-4-2-3-7-19-14/h2-8H,1H3,(H,21,22)";"False";"-1";"['BDBM352056']";"['US9802907, Compound 41']"
"CHEMBL5196854";"";"";"";"";"438.32";"1";"1";"None";"None";"None";"None";"None";"None";"None";"None";"None";"NONE";"-1";"None";"None";"C21H14FN5O2V";"";"";"";"False";"-1";"['13r']";"['N-(3-cyano-1-(4-fluorobenzyl)-1H-indol-5-yl)-6-oxo-1,6-dihydropyrimidine-4-carboxamide']"
"CHEMBL5973960";"";"";"";"";"435.26";"1";"6";"None";"None";"None";"None";"None";"None";"None";"None";"None";"MOL";"-1";"None";"None";"C19H11F3N2O2Se";"Cc1nc(-c2ccc(-c3cccc(C(F)(F)F)c3)c(C#N)c2)[se]c1C(=O)O";"NAZWHLLQLMAILI-UHFFFAOYSA-N";"InChI=1S/C19H11F3N2O2Se/c1-10-16(18(25)26)27-17(24-10)12-5-6-15(13(7-12)9-23)11-3-2-4-14(8-11)19(20,21)22/h2-8H,1H3,(H,25,26)";"False";"-1";"['BDBM352068']";"['US9802907, Compound 69::US9802907, Compound 70']"
"CHEMBL2048806";"CINNACASOLIDE C";"";"Small molecule";"";"586.54";"1";"2";"-2.15";"226.45";"15";"8";"3";"10";"N";"0.15";"2";"MOL";"-1";"41";"0.85";"C26H34O15";"COc1cc(O[C@@H]2O[C@H](CO)[C@@H](O)[C@H](O)[C@H]2O)ccc1Oc1ccc(O[C@@H]2O[C@H](CO)[C@@H](O)[C@H](O)[C@H]2O)c(OC)c1";"BRGMLXAIQVVQOP-PCIRLDFKSA-N";"InChI=1S/C26H34O15/c1-35-15-8-12(38-25-23(33)21(31)19(29)17(9-27)40-25)4-5-13(15)37-11-3-6-14(16(7-11)36-2)39-26-24(34)22(32)20(30)18(10-28)41-26/h3-8,17-34H,9-10H2,1-2H3/t17-,18-,19-,20-,21+,22+,23-,24-,25-,26-/m1/s1";"False";"-1";"['13, Cinnacasolide C']";"["1-O,1'-didehydrobis[3,2'-dimethoxy phenyl beta-glucopyranoside]"]"
"CHEMBL5428004";"";"";"";"";"325.39";"1";"1";"3.97";"78.91";"5";"1";"0";"3";"N";"0.79";"3";"MOL";"-1";"23";"-1.66";"C17H15N3O2S";"CCn1cc(C)c2cc(-c3nc(C)c(C(=O)O)s3)cc(C#N)c21";"ROOVSIKPMSVLHW-UHFFFAOYSA-N";"InChI=1S/C17H15N3O2S/c1-4-20-8-9(2)13-6-11(5-12(7-18)14(13)20)16-19-10(3)15(23-16)17(21)22/h5-6,8H,4H2,1-3H3,(H,21,22)";"False";"-1";"['69']";"['2-(7-cyano-1-ethyl-3-methyl-1H-indol-5-yl)-4-methylthiazole-5-carboxylic acid']"
"CHEMBL1540944";"";"";"Small molecule";"";"288.31";"25";"34";"0.93";"81.75";"5";"2";"0";"3";"N";"0.49";"1";"MOL";"-1";"21";"-1.10";"C14H16N4O3";"CC(NNc1ccccc1)=C1C(=O)N(C)C(=O)N(C)C1=O";"QCZSQYDIDRYFHI-UHFFFAOYSA-N";"InChI=1S/C14H16N4O3/c1-9(15-16-10-7-5-4-6-8-10)11-12(19)17(2)14(21)18(3)13(11)20/h4-8,15-16H,1-3H3";"False";"-1";"['6c', 'SID17505673']";"['1,3-Dimethyl-5-(1-(2-phenylhydrazinyl)ethylidene)pyrimidine-2,4,6(1H,3H,5H)-trione', 'SID17505673']"
"CHEMBL3594384";"";"";"Small molecule";"";"412.44";"2";"2";"4.68";"117.20";"6";"3";"0";"10";"N";"0.41";"3";"MOL";"-1";"30";"0.82";"C23H24O7";"O=C(O)CCCCCCCOc1ccc(-c2cc(=O)c3c(O)cc(O)cc3o2)cc1";"FDUGYOJUAXSNHC-UHFFFAOYSA-N";"InChI=1S/C23H24O7/c24-16-12-18(25)23-19(26)14-20(30-21(23)13-16)15-7-9-17(10-8-15)29-11-5-3-1-2-4-6-22(27)28/h7-10,12-14,24-25H,1-6,11H2,(H,27,28)";"False";"-1";"['7f']";"['8-(4-(5,7-dihydroxy-4-oxo-4H-chromen-2-yl)phenoxy)octanoic acid']"
"CHEMBL3594378";"";"";"Small molecule";"";"412.44";"3";"4";"4.68";"117.20";"6";"3";"0";"10";"N";"0.41";"3";"MOL";"-1";"30";"0.83";"C23H24O7";"O=C(O)CCCCCCCOc1cc(O)c2c(=O)cc(-c3ccc(O)cc3)oc2c1";"SXDADUWGFVNWQM-UHFFFAOYSA-N";"InChI=1S/C23H24O7/c24-16-9-7-15(8-10-16)20-14-19(26)23-18(25)12-17(13-21(23)30-20)29-11-5-3-1-2-4-6-22(27)28/h7-10,12-14,24-25H,1-6,11H2,(H,27,28)";"False";"-1";"['3f']";"['8-(5-hydroxy-2-(4-hydroxyphenyl)-4-oxo-4H-chromen-7-yloxy)octanoic acid']"
"CHEMBL3740127";"";"";"Small molecule";"";"390.75";"2";"6";"4.14";"62.71";"5";"2";"0";"2";"N";"0.51";"3";"MOL";"-1";"25";"-2.01";"C14H7ClF4N4OS";"O=c1c2cc(F)ccc2[nH]c(=S)n1Nc1ncc(C(F)(F)F)cc1Cl";"PWMKLPHWIKBOOX-UHFFFAOYSA-N";"InChI=1S/C14H7ClF4N4OS/c15-9-3-6(14(17,18)19)5-20-11(9)22-23-12(24)8-4-7(16)1-2-10(8)21-13(23)25/h1-5H,(H,20,22)(H,21,25)";"False";"-1";"['2k']";"['3-(3-chloro-5-(trifluoromethyl)pyridin-2-ylamino)-6-fluoro-2-thioxo-2,3-dihydroquinazolin-4(1H)-one']"
"CHEMBL4089920";"";"";"Small molecule";"";"360.30";"2";"4";"2.45";"141.34";"9";"4";"0";"1";"N";"0.41";"4";"MOL";"-1";"25";"1.09";"C16H8O8S";"O=c1oc2c(O)ccc(-c3oc4cc(O)cc(O)c4c(=O)c3O)c2s1";"GHDHVHDWAGDKHB-UHFFFAOYSA-N";"InChI=1S/C16H8O8S/c17-5-3-8(19)10-9(4-5)23-13(12(21)11(10)20)6-1-2-7(18)14-15(6)25-16(22)24-14/h1-4,17-19,21H";"False";"-1";"['144', '29', '27a']";"['3,5,7-trihydroxy-2-(7-hydroxy-2-oxobenzo[d][1,3]oxathiol-4-yl)-4H-chromen-4-one', '3,5,7-trihydroxy-2-(7-hydroxy-2-oxobenzo[d][1,3]oxathiol-4-yl)-4H-chromen-4-one', '3,5,7-trihydroxy-2-(7-hydroxy-2-oxobenzo[d][1,3]oxathiol-4-yl)-4H-chromen-4-one']"
"CHEMBL4173194";"";"";"Small molecule";"";"397.29";"1";"1";"4.32";"72.31";"5";"2";"0";"6";"N";"0.56";"2";"MOL";"-1";"23";"-0.64";"C16H17BrN2O3S";"CC(C)CCOc1ccc(-c2cc(C(=O)O)nc(S)n2)cc1Br";"FPYQUHWKMMZMIS-UHFFFAOYSA-N";"InChI=1S/C16H17BrN2O3S/c1-9(2)5-6-22-14-4-3-10(7-11(14)17)12-8-13(15(20)21)19-16(23)18-12/h3-4,7-9H,5-6H2,1-2H3,(H,20,21)(H,18,19,23)";"False";"-1";"['7c']";"['6-(3-bromo-4-(isopentyloxy)phenyl)-2-mercaptopyrimidine-4-carboxylic acid']"
"CHEMBL5933429";"";"";"";"";"372.41";"2";"9";"2.01";"136.65";"7";"4";"0";"5";"N";"0.40";"3";"MOL";"-1";"26";"-1.77";"C16H16N6O3S";"CC(C)Sc1nc(O)c(C(=O)Nc2ccc(-c3c[nH]nn3)cc2)c(=O)[nH]1";"YSSKMNCRFIIWLB-UHFFFAOYSA-N";"InChI=1S/C16H16N6O3S/c1-8(2)26-16-19-14(24)12(15(25)20-16)13(23)18-10-5-3-9(4-6-10)11-7-17-22-21-11/h3-8H,1-2H3,(H,18,23)(H,17,21,22)(H2,19,20,24,25)";"False";"-1";"['BDBM499645', 'BDBM524217']";"['US11020397, Compound Formula-(IIi)', 'US11168075, Compound Formula (IId)']"
"CHEMBL5833488";"";"";"";"";"576.60";"1";"6";"5.48";"111.89";"10";"0";"2";"12";"N";"0.16";"4";"MOL";"-1";"42";"0.61";"C32H32O10";"COC(=O)[C@@H](Cc1ccc(OC)c(OC)c1)OC(=O)/C=C/c1ccc(OC)c2oc(-c3ccc(OC)c(OC)c3)cc12";"FRMIIAUKOBYEQU-NMEOXOFNSA-N";"InChI=1S/C32H32O10/c1-35-23-11-7-19(15-27(23)38-4)16-29(32(34)40-6)41-30(33)14-10-20-8-13-25(37-3)31-22(20)18-26(42-31)21-9-12-24(36-2)28(17-21)39-5/h7-15,17-18,29H,16H2,1-6H3/b14-10+/t29-/m1/s1";"False";"-1";"['BDBM500006']";"['US11021454, Compound 7']"
"CHEMBL5834159";"";"";"";"";"533.53";"1";"6";"4.36";"147.69";"8";"4";"1";"10";"N";"0.17";"4";"MOL";"-1";"39";"0.50";"C29H27NO9";"COc1ccc(-c2cc3c(/C=C/C(=O)N[C@@H](Cc4ccc(O)c(O)c4)C(=O)O)ccc(OC)c3o2)cc1OC";"KMVDEFYREXCALO-OEMHODTASA-N";"InChI=1S/C29H27NO9/c1-36-23-9-6-18(14-26(23)38-3)25-15-19-17(5-10-24(37-2)28(19)39-25)7-11-27(33)30-20(29(34)35)12-16-4-8-21(31)22(32)13-16/h4-11,13-15,20,31-32H,12H2,1-3H3,(H,30,33)(H,34,35)/b11-7+/t20-/m0/s1";"False";"-1";"['BDBM500009']";"['US11021454, Compound 10a']"
"CHEMBL516536";"";"";"Small molecule";"";"376.41";"2";"2";"1.13";"119.61";"7";"5";"0";"5";"N";"0.53";"2";"MOL";"-1";"27";"1.75";"C20H24O7";"COc1cc([C@H]2c3cc(O)c(OC)cc3C[C@@](O)(CO)[C@@H]2CO)ccc1O";"KCIQZCNOUZCRGH-VOBQZIQPSA-N";"InChI=1S/C20H24O7/c1-26-17-5-11(3-4-15(17)23)19-13-7-16(24)18(27-2)6-12(13)8-20(25,10-22)14(19)9-21/h3-7,14,19,21-25H,8-10H2,1-2H3/t14-,19+,20-/m1/s1";"False";"-1";"['28']";"['(+)-cycloolivil']"
"CHEMBL5171856";"";"";"";"";"423.92";"2";"2";"4.51";"81.70";"5";"1";"0";"9";"N";"0.47";"2";"MOL";"-1";"28";"-0.81";"C20H22ClNO5S";"CCCCS(=O)(=O)Oc1ccc(/C=C/C(=O)Nc2ccc(Cl)cc2)cc1OC";"HXOWXGTWAGHHSO-WUXMJOGZSA-N";"InChI=1S/C20H22ClNO5S/c1-3-4-13-28(24,25)27-18-11-5-15(14-19(18)26-2)6-12-20(23)22-17-9-7-16(21)8-10-17/h5-12,14H,3-4,13H2,1-2H3,(H,22,23)/b12-6+";"False";"-1";"['F16']";"['4-(3-((4-chlorophenyl)amino)-3-oxoprop-1-en-1-yl)-2-methoxyphenyl butane-1-sulfonate']"
"CHEMBL3127118";"";"";"Small molecule";"";"205.19";"1";"1";"1.16";"71.77";"3";"2";"0";"1";"N";"0.73";"2";"MOL";"-1";"15";"-0.70";"C10H8FN3O";"Nc1nc(-c2ccccc2)c(F)c(=O)[nH]1";"FOMOQFZAACKUMD-UHFFFAOYSA-N";"InChI=1S/C10H8FN3O/c11-7-8(6-4-2-1-3-5-6)13-10(12)14-9(7)15/h1-5H,(H3,12,13,14,15)";"False";"-1";"['12']";"['2-amino-5-fluoro-6-phenylpyrimidin-4(3H)-one']"
"CHEMBL4632539";"";"";"Unknown";"";"360.35";"1";"1";"2.44";"127.70";"7";"1";"0";"5";"N";"0.42";"3";"MOL";"-1";"25";"-1.63";"C15H12N4O5S";"C/C(=N\NS(=O)(=O)c1ccc([N+](=O)[O-])cc1)c1nc2ccccc2o1";"NMWUWVJFPNAQLJ-LICLKQGHSA-N";"InChI=1S/C15H12N4O5S/c1-10(15-16-13-4-2-3-5-14(13)24-15)17-18-25(22,23)12-8-6-11(7-9-12)19(20)21/h2-9,18H,1H3/b17-10+";"False";"-1";"['9c']";"['N-[1-(1,3-benzoxazol-2-yl)ethylideneamino]-4-nitro-benzenesulfonamide']"
"CHEMBL5196401";"";"";"";"";"358.81";"1";"1";"3.49";"81.75";"5";"1";"0";"3";"N";"0.52";"2";"MOL";"-1";"24";"-1.27";"C17H11ClN2O3S";"NC1=NC(=O)/C(=C/c2cccc(OC(=O)c3ccc(Cl)cc3)c2)S1";"IZXJWDIYIURXNY-ZROIWOOFSA-N";"InChI=1S/C17H11ClN2O3S/c18-12-6-4-11(5-7-12)16(22)23-13-3-1-2-10(8-13)9-14-15(21)20-17(19)24-14/h1-9H,(H2,19,20,21)/b14-9-";"False";"-1";"['XO-26']";"['(Z)-3-((2-amino-4-oxothiazol-5(4H)-ylidene)methyl)phenyl 4-chlorobenzoate']"
"CHEMBL4227733";"";"";"Small molecule";"";"331.17";"1";"1";"4.01";"58.62";"4";"1";"0";"3";"N";"0.45";"3";"MOL";"-1";"20";"-0.89";"C15H11BrN2O2";"O/N=C(\Cc1ccccc1)c1nc2cc(Br)ccc2o1";"GALIUHKYKSOKKJ-QGOAFFKASA-N";"InChI=1S/C15H11BrN2O2/c16-11-6-7-14-12(9-11)17-15(20-14)13(18-19)8-10-4-2-1-3-5-10/h1-7,9,19H,8H2/b18-13+";"False";"-1";"['5b']";"['(E)-1-(5-Bromobenzo[d]oxazol-2-yl)-2-phenylethanone oxime']"
"CHEMBL5563644";"";"";"";"";"302.31";"2";"2";"2.72";"79.29";"3";"2";"0";"4";"N";"0.91";"2";"MOL";"-1";"22";"-1.47";"C16H15FN2O3";"CC(C)NC(=O)c1cncc(-c2ccc(F)c(C(=O)O)c2)c1";"HMLWFOAZVOOKSR-UHFFFAOYSA-N";"InChI=1S/C16H15FN2O3/c1-9(2)19-15(20)12-5-11(7-18-8-12)10-3-4-14(17)13(6-10)16(21)22/h3-9H,1-2H3,(H,19,20)(H,21,22)";"False";"-1";"['I3']";"['2-Fluoro-5-(5-(isopropylcarbamoyl)pyridin-3-yl)benzoic acid']"
"CHEMBL5191517";"";"";"";"";"365.78";"1";"1";"3.95";"96.10";"5";"1";"0";"5";"N";"0.74";"3";"MOL";"-1";"26";"-1.30";"C19H12ClN3O3";"N#Cc1cc(-c2nccc(C(=O)O)n2)ccc1OCc1ccc(Cl)cc1";"RTVGBYCIZJGVNF-UHFFFAOYSA-N";"InChI=1S/C19H12ClN3O3/c20-15-4-1-12(2-5-15)11-26-17-6-3-13(9-14(17)10-21)18-22-8-7-16(23-18)19(24)25/h1-9H,11H2,(H,24,25)";"False";"-1";"['15g']";"['2-[4-(4-chlorobenzyloxy)-3-cyano]phenylpyrimidine-4-carboxylic acid']"
"CHEMBL315969";"";"";"Small molecule";"";"209.23";"1";"1";"0.37";"76.72";"7";"1";"0";"0";"N";"0.63";"0";"MOL";"-1";"14";"-1.35";"C7H7N5OS";"Oc1nc2nnnc-2c2n1CCCS2";"TVYQLGHZPCLRIJ-UHFFFAOYSA-N";"InChI=1S/C7H7N5OS/c13-7-8-5-4(9-11-10-5)6-12(7)2-1-3-14-6/h1-3H2,(H,8,9,10,13)";"False";"-1";"['6a']";"['7,8-Dihydro-3H,6H-9-thia-1,2,3,4,5a-pentaaza-cyclopenta[a]naphthalen-5-one']"
"CHEMBL5179253";"";"";"";"";"331.33";"1";"1";"3.29";"96.10";"5";"1";"0";"5";"N";"0.77";"3";"MOL";"-1";"25";"-1.14";"C19H13N3O3";"N#Cc1cc(-c2nccc(C(=O)O)n2)ccc1OCc1ccccc1";"HQNIFGCWPZXASY-UHFFFAOYSA-N";"InChI=1S/C19H13N3O3/c20-11-15-10-14(18-21-9-8-16(22-18)19(23)24)6-7-17(15)25-12-13-4-2-1-3-5-13/h1-10H,12H2,(H,23,24)";"False";"-1";"['15e']";"['2-(4-benzyloxy-3-cyano)phenylpyrimidine-4-carboxylic acid']"
"CHEMBL5196448";"";"";"";"";"569.80";"2";"2";"5.37";"81.70";"5";"1";"2";"7";"N";"0.24";"3";"MOL";"-1";"31";"-1.11";"C22H17ClINO5S";"COc1cc(/C=C/C(=O)Nc2ccc(I)cc2)ccc1OS(=O)(=O)c1ccc(Cl)cc1";"VIPMDJSQKJUNAI-QLKAYGNNSA-N";"InChI=1S/C22H17ClINO5S/c1-29-21-14-15(3-13-22(26)25-18-8-6-17(24)7-9-18)2-12-20(21)30-31(27,28)19-10-4-16(23)5-11-19/h2-14H,1H3,(H,25,26)/b13-3+";"False";"-1";"['F20']";"['4-(3-((4-iodophenyl)amino)-3-oxoprop-1-en-1-yl)-2-methoxyphenyl 4-chlorobenzenesulfonate']"
"CHEMBL5190382";"";"";"";"";"424.90";"2";"2";"4.33";"78.90";"6";"0";"0";"8";"N";"0.36";"2";"MOL";"-1";"28";"-0.37";"C20H21ClO6S";"COc1cc(/C=C/C(=O)OCC(C)C)ccc1OS(=O)(=O)c1ccc(Cl)cc1";"RCJVOCLBEOUZTH-VZUCSPMQSA-N";"InChI=1S/C20H21ClO6S/c1-14(2)13-26-20(22)11-5-15-4-10-18(19(12-15)25-3)27-28(23,24)17-8-6-16(21)7-9-17/h4-12,14H,13H2,1-3H3/b11-5+";"False";"-1";"['F10']";"['isobutyl 3-(4-(((4-chlorophenyl)sulfonyl)oxy)-3-methoxyphenyl)acrylate']"
"CHEMBL4070576";"";"";"Small molecule";"";"298.34";"1";"2";"3.56";"80.92";"4";"4";"0";"5";"N";"0.50";"2";"MOL";"-1";"22";"1.26";"C18H18O4";"C=CCc1cc(O)c(O)cc1C(C=C)c1ccc(O)c(O)c1";"OCSISESQQFSEOF-UHFFFAOYSA-N";"InChI=1S/C18H18O4/c1-3-5-11-8-17(21)18(22)10-14(11)13(4-2)12-6-7-15(19)16(20)9-12/h3-4,6-10,13,19-22H,1-2,5H2";"False";"-1";"['91']";"['4-allyl-5-(1-(3,4-dihydroxyphenyl)allyl)benzene-1,2-diol']"
"CHEMBL5203944";"";"";"";"";"337.38";"1";"1";"3.67";"96.10";"5";"1";"0";"5";"N";"0.89";"2";"MOL";"-1";"25";"-1.10";"C19H19N3O3";"N#Cc1cc(-c2ncc(C(=O)O)cn2)ccc1OCC1CCCCC1";"LTOBJEZKUDLRAI-UHFFFAOYSA-N";"InChI=1S/C19H19N3O3/c20-9-15-8-14(18-21-10-16(11-22-18)19(23)24)6-7-17(15)25-12-13-4-2-1-3-5-13/h6-8,10-11,13H,1-5,12H2,(H,23,24)";"False";"-1";"['11d']";"['2-(3-cyano-4-(cyclohexylmethoxy))phenylpyrimidine-5-carboxylic acid']"
"CHEMBL5969650";"";"";"";"";"283.24";"2";"6";"2.36";"99.78";"5";"2";"0";"2";"N";"0.88";"2";"MOL";"-1";"21";"0.05";"C15H9NO5";"N#Cc1cc2c(c(-c3ccc(C(=O)O)c(O)c3)c1)OCO2";"NAHVUCMYPWXJMC-UHFFFAOYSA-N";"InChI=1S/C15H9NO5/c16-6-8-3-11(14-13(4-8)20-7-21-14)9-1-2-10(15(18)19)12(17)5-9/h1-5,17H,7H2,(H,18,19)";"False";"-1";"['BDBM377691']";"['US10266496, Example 3']"
"CHEMBL3823828";"";"";"Small molecule";"";"331.31";"4";"6";"3.03";"102.06";"6";"2";"0";"7";"N";"0.26";"1";"MOL";"-1";"22";"0.23";"C14H22NO6P";"CCOP(=O)(OCC)C(C)(C)/[N+]([O-])=C/c1ccc(O)cc1O";"QCFAGJWQRHLJON-GDNBJRDFSA-N";"InChI=1S/C14H22NO6P/c1-5-20-22(19,21-6-2)14(3,4)15(18)10-11-7-8-12(16)9-13(11)17/h7-10,16-17H,5-6H2,1-4H3/b15-10-";"False";"-1";"['4f']";"['2-(Diethoxyphosphoryl)-N-(2,4-dihydroxybenzylidene)propan-2-amine oxide']"
"CHEMBL5206769";"";"";"";"";"311.34";"1";"1";"3.14";"96.10";"5";"1";"0";"6";"N";"0.88";"2";"MOL";"-1";"23";"-1.07";"C17H17N3O3";"CC(C)CCOc1ccc(-c2nccc(C(=O)O)n2)cc1C#N";"PXZNVNZEGWNOKM-UHFFFAOYSA-N";"InChI=1S/C17H17N3O3/c1-11(2)6-8-23-15-4-3-12(9-13(15)10-18)16-19-7-5-14(20-16)17(21)22/h3-5,7,9,11H,6,8H2,1-2H3,(H,21,22)";"False";"-1";"['15c']";"['2-(3-cyano-4-isopentyloxy)phenylpyrimidine-4-carboxylic acid']"
"CHEMBL5406281";"";"";"";"";"359.41";"1";"1";"4.84";"89.77";"4";"2";"0";"3";"N";"0.55";"4";"MOL";"-1";"26";"-1.45";"C20H13N3O2S";"Cc1nc(-c2cc(C#N)c3[nH]c(-c4ccccc4)cc3c2)sc1C(=O)O";"XPLITXOWOAOJCH-UHFFFAOYSA-N";"InChI=1S/C20H13N3O2S/c1-11-18(20(24)25)26-19(22-11)14-7-13-9-16(12-5-3-2-4-6-12)23-17(13)15(8-14)10-21/h2-9,23H,1H3,(H,24,25)";"False";"-1";"['67']";"['2-(7-cyano-2-phenyl-1H-indol-5-yl)-4-methylthiazole-5-carboxylic acid']"
"CHEMBL288959";"";"";"Small molecule";"";"187.20";"5";"7";"1.43";"72.03";"4";"2";"0";"1";"N";"0.71";"2";"MOL";"-1";"14";"-0.94";"C10H9N3O";"Nc1nc(O)cc(-c2ccccc2)n1";"KXYGHDWFGFZJPJ-UHFFFAOYSA-N";"InChI=1S/C10H9N3O/c11-10-12-8(6-9(14)13-10)7-4-2-1-3-5-7/h1-6H,(H3,11,12,13,14)";"False";"-1";"['4', '30', '1', '6']";"['2-amino-6-phenylpyrimidin-4(3H)-one', None, '2-Amino-6-phenyl-3H-pyrimidin-4-one', '2-amino-6-phenylpyrimidin-4(3H)-one']"
"CHEMBL1085430";"ARTEMINORIN C";"";"Small molecule";"";"398.32";"1";"1";"2.70";"139.57";"9";"3";"0";"3";"N";"0.35";"4";"MOL";"-1";"29";"0.93";"C20H14O9";"COc1cc2cc(-c3cc4cc(O)c(O)cc4oc3=O)c(=O)oc2c(OC)c1O";"XFGGVXYNIBUVBK-UHFFFAOYSA-N";"InChI=1S/C20H14O9/c1-26-15-6-9-4-11(20(25)29-17(9)18(27-2)16(15)23)10-3-8-5-12(21)13(22)7-14(8)28-19(10)24/h3-7,21-23H,1-2H3";"False";"-1";"['3']";"['arteminorin C']"
"CHEMBL1761212";"";"";"Small molecule";"";"325.41";"2";"4";"4.06";"42.68";"4";"0";"0";"7";"N";"0.49";"3";"MOL";"-1";"24";"-0.54";"C20H23NO3";"CCN(CC)CCCOc1ccc2c(=O)c3ccccc3oc2c1";"OFHBYYGCUDLOAB-UHFFFAOYSA-N";"InChI=1S/C20H23NO3/c1-3-21(4-2)12-7-13-23-15-10-11-17-19(14-15)24-18-9-6-5-8-16(18)20(17)22/h5-6,8-11,14H,3-4,7,12-13H2,1-2H3";"False";"-1";"['6']";"['3-[3-(Diethylamino)-propoxy]xanthone']"
"CHEMBL1761214";"";"";"Small molecule";"";"339.39";"2";"4";"3.52";"62.91";"5";"1";"0";"5";"N";"0.57";"3";"MOL";"-1";"25";"-0.23";"C20H21NO4";"O=c1c2ccc(O)cc2oc2cc(OCCCN3CCCC3)ccc12";"FXUVICBABAPEGP-UHFFFAOYSA-N";"InChI=1S/C20H21NO4/c22-14-4-6-16-18(12-14)25-19-13-15(5-7-17(19)20(16)23)24-11-3-10-21-8-1-2-9-21/h4-7,12-13,22H,1-3,8-11H2";"False";"-1";"['9']";"['3-Hydroxy-6-[3-(pyrrolidin-1-yl)-propoxy]xanthone']"
"CHEMBL468320";"";"";"Small molecule";"";"346.34";"2";"4";"2.10";"94.45";"7";"2";"0";"4";"N";"0.88";"2";"MOL";"-1";"25";"1.73";"C18H18O7";"COc1cc2c(c(OC)c1OC)C(=O)[C@H](O)[C@@H](c1ccc(O)cc1)O2";"IHLAYEPFAZALIZ-JKSUJKDBSA-N";"InChI=1S/C18H18O7/c1-22-12-8-11-13(18(24-3)17(12)23-2)14(20)15(21)16(25-11)9-4-6-10(19)7-5-9/h4-8,15-16,19,21H,1-3H3/t15-,16+/m0/s1";"False";"-1";"['(+/-)-4a']";"['(+/-)-trans-2,3-Dihydro-3-hydroxy-5,6,7-trimethoxy-2-(4-hydroxyphenyl)-4H-1-benzopyran-4-one']"
"CHEMBL4077819";"";"";"Small molecule";"";"397.38";"3";"9";"2.91";"129.23";"7";"4";"0";"5";"N";"0.30";"3";"MOL";"-1";"29";"0.62";"C21H19NO7";"COC(=O)[C@H](C)NC(=O)/C=C/c1ccc(O)c2oc(-c3ccc(O)c(O)c3)cc12";"XJTXWFDHIOZTTB-BWNDKRECSA-N";"InChI=1S/C21H19NO7/c1-11(21(27)28-2)22-19(26)8-5-12-3-7-16(24)20-14(12)10-18(29-20)13-4-6-15(23)17(25)9-13/h3-11,23-25H,1-2H3,(H,22,26)/b8-5+/t11-/m0/s1";"False";"-1";"['5c', 'BDBM50233802']";"['Methyl (E)-(3-(2-(3,4-dihydroxyphenyl)-7-hydroxybenzofuran-4-yl)acryloyl)-l-alaninate', 'CHEMBL4077819::US11021454, Compound 5c']"
"CHEMBL3739661";"";"";"Small molecule";"";"383.33";"3";"5";"3.60";"66.89";"4";"2";"0";"2";"N";"0.52";"3";"MOL";"-1";"26";"-1.74";"C16H9F4N3O2S";"O=C(Nn1c(=S)[nH]c2ccc(F)cc2c1=O)c1ccc(C(F)(F)F)cc1";"XZRREJRSYSIBEL-UHFFFAOYSA-N";"InChI=1S/C16H9F4N3O2S/c17-10-5-6-12-11(7-10)14(25)23(15(26)21-12)22-13(24)8-1-3-9(4-2-8)16(18,19)20/h1-7H,(H,21,26)(H,22,24)";"False";"-1";"['2e']";"['N-(6-fluoro-4-oxo-2-thioxo-1,2-dihydroquinazolin-3(4H)-yl)-4-(trifluoromethyl)benzamide']"
"CHEMBL5185296";"";"";"";"";"321.34";"1";"1";"2.43";"103.57";"5";"2";"0";"3";"N";"0.77";"3";"MOL";"-1";"24";"-1.59";"C17H15N5O2";"CC(C)n1cc(C#N)c2ccc(NC(=O)c3cc(=O)[nH]cn3)cc21";"PCFPCZOMFFOPQB-UHFFFAOYSA-N";"InChI=1S/C17H15N5O2/c1-10(2)22-8-11(7-18)13-4-3-12(5-15(13)22)21-17(24)14-6-16(23)20-9-19-14/h3-6,8-10H,1-2H3,(H,21,24)(H,19,20,23)";"False";"-1";"['14c']";"['N-(3-cyano-1-isopropyl-1H-indol-6-yl)-6-oxo-1,6-dihydropyrimidine-4-carboxamide']"
"CHEMBL3127138";"";"";"Small molecule";"";"244.25";"2";"2";"0.98";"100.87";"4";"3";"0";"2";"N";"0.73";"2";"MOL";"-1";"18";"-1.18";"C12H12N4O2";"CC(=O)Nc1ccc(-c2cc(=O)[nH]c(N)n2)cc1";"UKZUJUCRMXXVRQ-UHFFFAOYSA-N";"InChI=1S/C12H12N4O2/c1-7(17)14-9-4-2-8(3-5-9)10-6-11(18)16-12(13)15-10/h2-6H,1H3,(H,14,17)(H3,13,15,16,18)";"False";"-1";"['1']";"['N-(4-(2-amino-6-oxo-1,6-dihydropyrimidin-4-yl)phenyl)acetamide']"
"CHEMBL1761210";"";"";"Small molecule";"";"352.43";"2";"4";"2.96";"45.92";"5";"0";"0";"5";"N";"0.52";"3";"MOL";"-1";"26";"-0.67";"C21H24N2O3";"CN1CCN(CCCOc2ccc3c(=O)c4ccccc4oc3c2)CC1";"MQURARBVAFPGBT-UHFFFAOYSA-N";"InChI=1S/C21H24N2O3/c1-22-10-12-23(13-11-22)9-4-14-25-16-7-8-18-20(15-16)26-19-6-3-2-5-17(19)21(18)24/h2-3,5-8,15H,4,9-14H2,1H3";"False";"-1";"['4']";"['3-[3-(4-Methylpiperazino)-propoxy]xanthone']"
"CHEMBL1761209";"";"";"Small molecule";"";"323.39";"2";"4";"3.81";"42.68";"4";"0";"0";"5";"N";"0.53";"3";"MOL";"-1";"24";"-0.61";"C20H21NO3";"O=c1c2ccccc2oc2cc(OCCCN3CCCC3)ccc12";"VBYOPWGZNOQMLT-UHFFFAOYSA-N";"InChI=1S/C20H21NO3/c22-20-16-6-1-2-7-18(16)24-19-14-15(8-9-17(19)20)23-13-5-12-21-10-3-4-11-21/h1-2,6-9,14H,3-5,10-13H2";"False";"-1";"['3']";"['3-[3-(Pyrrolidin-1-yl)-propoxy]xanthone']"
"CHEMBL3331615";"";"";"Small molecule";"";"363.28";"2";"4";"None";"None";"None";"None";"None";"None";"None";"None";"None";"MOL";"-1";"None";"None";"C16H16N2O3Se";"Cc1nc(-c2ccc(OCC(C)C)c(C#N)c2)[se]c1C(=O)O";"GDGJMHSGANQKMG-UHFFFAOYSA-N";"InChI=1S/C16H16N2O3Se/c1-9(2)8-21-13-5-4-11(6-12(13)7-17)15-18-10(3)14(22-15)16(19)20/h4-6,9H,8H2,1-3H3,(H,19,20)";"False";"-1";"['9c', 'BDBM50057017']";"['2-(3-cyano-4-iso-butyloxyphenyl)-4-methyl-1,3-selenazole-5-carboxylicacid', 'CHEMBL3331615::US9802907, Compound 7']"
"CHEMBL3918475";"";"";"Small molecule";"";"421.42";"1";"1";"3.55";"61.88";"5";"1";"0";"6";"N";"0.72";"2";"MOL";"-1";"30";"-1.59";"C21H22F3N3O3";"CC(=O)c1ccc(NCC(=O)N2CCN(c3ccc(OC(F)(F)F)cc3)CC2)cc1";"FMEPDPFZULWVFP-UHFFFAOYSA-N";"InChI=1S/C21H22F3N3O3/c1-15(28)16-2-4-17(5-3-16)25-14-20(29)27-12-10-26(11-13-27)18-6-8-19(9-7-18)30-21(22,23)24/h2-9,25H,10-14H2,1H3";"False";"-1";"['BDBM244068']";"['US9428478, TG6-205-1']"
"CHEMBL4068632";"";"";"Small molecule";"";"272.24";"1";"2";"1.23";"98.82";"5";"3";"0";"3";"N";"0.49";"3";"MOL";"-1";"20";"-1.96";"C12H9FN6O";"O=c1nc(N/N=C/c2ccc(F)cc2)c2cn[nH]c2[nH]1";"GUJTVNPYDAGIPZ-LHHJGKSTSA-N";"InChI=1S/C12H9FN6O/c13-8-3-1-7(2-4-8)5-14-18-10-9-6-15-19-11(9)17-12(20)16-10/h1-6H,(H3,15,16,17,18,19,20)/b14-5+";"False";"-1";"['170']";"['4-(2-(4-fluorobenzylidene)hydrazinyl)-1H-pyrazolo[3,4-d]pyrimidin-6(7H)-one']"
"CHEMBL5414965";"";"";"";"";"299.72";"2";"3";"2.77";"83.56";"4";"2";"0";"3";"N";"0.78";"3";"MOL";"-1";"21";"-2.18";"C14H10ClN5O";"O=C(Nc1ccc(Cl)cc1)c1ccc(-c2nnn[nH]2)cc1";"SLMPSGMCNFHIAY-UHFFFAOYSA-N";"InChI=1S/C14H10ClN5O/c15-11-5-7-12(8-6-11)16-14(21)10-3-1-9(2-4-10)13-17-19-20-18-13/h1-8H,(H,16,21)(H,17,18,19,20)";"False";"-1";"['IIIa']";"['N-(4-chlorophenyl)-4-(1H-tetrazol-5-yl)benzamide']"
"CHEMBL6040108";"";"";"";"";"380.34";"1";"3";"1.51";"136.65";"7";"4";"0";"4";"N";"0.40";"3";"MOL";"-1";"26";"-1.93";"C14H10F2N6O3S";"CSc1nc(O)c(C(=O)Nc2cc(F)c(-c3c[nH]nn3)cc2F)c(=O)[nH]1";"XSIQYTWQSVFNDF-UHFFFAOYSA-N";"InChI=1S/C14H10F2N6O3S/c1-26-14-19-12(24)10(13(25)20-14)11(23)18-8-3-6(15)5(2-7(8)16)9-4-17-22-21-9/h2-4H,1H3,(H,18,23)(H,17,21,22)(H2,19,20,24,25)";"False";"-1";"['BDBM499672']";"['US11020397, Compound Formula-(IIcc)']"
"CHEMBL5781892";"";"";"";"";"346.33";"1";"3";"0.02";"162.43";"9";"4";"0";"4";"N";"0.38";"3";"MOL";"-1";"24";"-1.91";"C12H10N8O3S";"CSc1nc(O)c(C(=O)Nc2ccc(-c3c[nH]nn3)nn2)c(=O)[nH]1";"XXIIWNJINCWQQG-UHFFFAOYSA-N";"InChI=1S/C12H10N8O3S/c1-24-12-15-10(22)8(11(23)16-12)9(21)14-7-3-2-5(17-19-7)6-4-13-20-18-6/h2-4H,1H3,(H,13,18,20)(H,14,19,21)(H2,15,16,22,23)";"False";"-1";"['BDBM499674']";"['US11020397, Compound Formula-(IIkk)']"
"CHEMBL6058351";"";"";"";"";"398.33";"1";"3";"2.12";"136.65";"7";"4";"0";"4";"N";"0.39";"3";"MOL";"-1";"27";"-1.71";"C14H9F3N6O3S";"O=C(Nc1ccc(-c2c[nH]nn2)cc1)c1c(O)nc(SC(F)(F)F)[nH]c1=O";"AEQGKUMKCKZNAX-UHFFFAOYSA-N";"InChI=1S/C14H9F3N6O3S/c15-14(16,17)27-13-20-11(25)9(12(26)21-13)10(24)19-7-3-1-6(2-4-7)8-5-18-23-22-8/h1-5H,(H,19,24)(H,18,22,23)(H2,20,21,25,26)";"False";"-1";"['BDBM499650']";"['US11020397, Compound Formula-(IIj)']"
"CHEMBL4062375";"";"";"Small molecule";"";"489.48";"2";"2";"4.05";"149.46";"7";"5";"0";"8";"N";"0.18";"4";"MOL";"-1";"36";"0.61";"C27H23NO8";"COc1ccc(/C=C/C(=O)N[C@@H](Cc2ccc(O)cc2)C(=O)O)c2cc(-c3ccc(O)c(O)c3)oc12";"JKNZTBRLNMVGRL-OJWOGGGRSA-N";"InChI=1S/C27H23NO8/c1-35-23-10-5-16(19-14-24(36-26(19)23)17-4-9-21(30)22(31)13-17)6-11-25(32)28-20(27(33)34)12-15-2-7-18(29)8-3-15/h2-11,13-14,20,29-31H,12H2,1H3,(H,28,32)(H,33,34)/b11-6+/t20-/m0/s1";"False";"-1";"['10e']";"['(E)-(3-(2-(3,4-dimethoxyphenyl)-7-methoxybenzofuran-4-yl)acryloyl)-L-tyrosine']"
"CHEMBL4101271";"";"";"Small molecule";"";"498.49";"2";"8";"4.52";"156.02";"6";"6";"1";"7";"N";"0.14";"5";"MOL";"-1";"37";"0.59";"C28H22N2O7";"O=C(/C=C/c1ccc(O)c2oc(-c3ccc(O)c(O)c3)cc12)N[C@H](Cc1c[nH]c2ccccc12)C(=O)O";"LUPZSMMVHCJJEG-TYOLEZHBSA-N";"InChI=1S/C28H22N2O7/c31-22-8-6-16(12-24(22)33)25-13-19-15(5-9-23(32)27(19)37-25)7-10-26(34)30-21(28(35)36)11-17-14-29-20-4-2-1-3-18(17)20/h1-10,12-14,21,29,31-33H,11H2,(H,30,34)(H,35,36)/b10-7+/t21-/m1/s1";"False";"-1";"['6f', 'BDBM50233811']";"['(E)-(3-(2-(3,4-dihydroxyphenyl)-7-hydroxybenzofuran-4-yl)acryloyl)-D-tryptophan', 'CHEMBL4101271::US11021454, Compound 6f']"
"CHEMBL4075359";"";"";"Small molecule";"";"268.24";"1";"2";"0.67";"111.96";"6";"3";"0";"1";"N";"0.47";"4";"MOL";"-1";"20";"-1.33";"C12H8N6O2";"O=c1[nH]c2[nH]ncc2c2nc(-c3ccc(O)cc3)nn12";"KDYYLRTXUNFEEP-UHFFFAOYSA-N";"InChI=1S/C12H8N6O2/c19-7-3-1-6(2-4-7)9-14-11-8-5-13-16-10(8)15-12(20)18(11)17-9/h1-5,19H,(H2,13,15,16,20)";"False";"-1";"['236']";"['2-(4-hydroxyphenyl)-6,7-dihydro-5H-pyrazolo[4,3-e][1,2,4]triazolo[1,5-c]pyrimidin-5-one']"
"CHEMBL3247910";"";"";"Small molecule";"";"227.23";"2";"2";"1.10";"89.85";"6";"2";"0";"1";"N";"0.65";"3";"MOL";"-1";"17";"-1.02";"C11H9N5O";"Nc1nc(O)c2ncn(-c3ccccc3)c2n1";"XOVSLVYAFGLDMS-UHFFFAOYSA-N";"InChI=1S/C11H9N5O/c12-11-14-9-8(10(17)15-11)13-6-16(9)7-4-2-1-3-5-7/h1-6H,(H3,12,14,15,17)";"False";"-1";"['Table VIII R5C1']";"['2-amino-9-phenyl-9H-purin-6-ol']"
"CHEMBL3960045";"";"";"Small molecule";"";"354.83";"4";"4";"5.19";"35.53";"3";"0";"1";"4";"N";"0.71";"2";"MOL";"-1";"25";"-0.56";"C21H19ClO3";"COc1cc(/C=C2\CC/C(=C\c3cccc(Cl)c3)C2=O)cc(OC)c1";"FNFFRUFKHTZFTA-GONBZBRSSA-N";"InChI=1S/C21H19ClO3/c1-24-19-11-15(12-20(13-19)25-2)9-17-7-6-16(21(17)23)8-14-4-3-5-18(22)10-14/h3-5,8-13H,6-7H2,1-2H3/b16-8+,17-9+";"False";"-1";"['7a']";"['(2E,5E)-2-(3-Chlorobenzylidene)-5-(3,5-dimethoxybenzylidene)cyclopentanone']"
"CHEMBL5974561";"";"";"";"";"281.20";"2";"6";"-0.13";"135.28";"5";"5";"0";"2";"N";"0.49";"2";"MOL";"-1";"20";"-1.24";"C11H8FN3O5";"O=C(Nc1ccc(O)cc1F)c1c(O)[nH]c(=O)[nH]c1=O";"MLVLBAAZYMIFQY-UHFFFAOYSA-N";"InChI=1S/C11H8FN3O5/c12-5-3-4(16)1-2-6(5)13-8(17)7-9(18)14-11(20)15-10(7)19/h1-3,16H,(H,13,17)(H3,14,15,18,19,20)";"False";"-1";"['BDBM37949']";"['US10093631, Compound Formula (Ih)']"
"CHEMBL4089370";"";"";"Small molecule";"";"610.52";"1";"1";"-2.77";"269.43";"16";"10";"3";"7";"N";"0.13";"3";"MOL";"-1";"43";"1.49";"C27H30O16";"O=c1cc(-c2ccc(O)cc2)oc2cc(O[C@@H]3O[C@H](CO)[C@@H](O)[C@H](O)[C@H]3O)c(O[C@@H]3O[C@H](CO)[C@@H](O)[C@H](O)[C@H]3O)c(O)c12";"MDDBSSGOTHSUNV-XPMDYLBGSA-N";"InChI=1S/C27H30O16/c28-7-15-18(32)21(35)23(37)26(41-15)40-14-6-13-17(11(31)5-12(39-13)9-1-3-10(30)4-2-9)20(34)25(14)43-27-24(38)22(36)19(33)16(8-29)42-27/h1-6,15-16,18-19,21-24,26-30,32-38H,7-8H2/t15-,16-,18-,19-,21+,22+,23-,24-,26-,27+/m1/s1";"False";"-1";"['10']";"['Saponarin']"
"CHEMBL3933132";"";"";"Small molecule";"";"398.48";"4";"4";"3.94";"69.67";"5";"0";"0";"5";"N";"0.71";"2";"MOL";"-1";"28";"-0.59";"C22H22O5S";"COc1cc(/C=C2\CC/C(=C\c3ccc(S(C)(=O)=O)cc3)C2=O)cc(OC)c1";"KZQHKIYULSFIAT-ODPUSEOTSA-N";"InChI=1S/C22H22O5S/c1-26-19-12-16(13-20(14-19)27-2)11-18-7-6-17(22(18)23)10-15-4-8-21(9-5-15)28(3,24)25/h4-5,8-14H,6-7H2,1-3H3/b17-10+,18-11+";"False";"-1";"['7j']";"['(2E,5E)-2-(3,5-Dimethoxybenzylidene)-5-(4-(methylsulfonyl)benzylidene)cyclopentanone']"
"CHEMBL4637322";"";"";"Unknown";"";"393.27";"1";"1";"3.03";"87.21";"4";"2";"0";"4";"N";"0.53";"3";"MOL";"-1";"23";"-1.44";"C15H13BrN4O2S";"C/C(=N\NS(=O)(=O)c1ccc(Br)cc1)c1nc2ccccc2[nH]1";"PIINQKJACAIKID-VXLYETTFSA-N";"InChI=1S/C15H13BrN4O2S/c1-10(15-17-13-4-2-3-5-14(13)18-15)19-20-23(21,22)12-8-6-11(16)7-9-12/h2-9,20H,1H3,(H,17,18)/b19-10+";"False";"-1";"['9p']";"['N-[1-(1H-benzimidazol-2-yl)ethylideneamino]-4-bromo-benzenesulfonamide']"
"CHEMBL96336";"";"";"Small molecule";"";"424.41";"2";"3";"3.42";"125.68";"8";"4";"0";"4";"N";"0.37";"3";"MOL";"-1";"31";"1.33";"C23H20O8";"COc1ccc(C(=O)O[C@@H]2Cc3ccc(O)c(O)c3O[C@H]2c2ccc(O)c(O)c2)cc1";"IDRPVXFZEVSPPM-CTNGQTDRSA-N";"InChI=1S/C23H20O8/c1-29-15-6-2-12(3-7-15)23(28)30-19-11-14-5-9-17(25)20(27)22(14)31-21(19)13-4-8-16(24)18(26)10-13/h2-10,19,21,24-27H,11H2,1H3/t19-,21+/m1/s1";"False";"-1";"['4j']";"['4-Methoxy-benzoic acid (2S,3R)-2-(3,4-dihydroxy-phenyl)-7,8-dihydroxy-chroman-3-yl ester']"
"CHEMBL5891141";"";"";"";"";"382.26";"2";"9";"0.82";"156.62";"6";"5";"0";"3";"N";"0.45";"3";"MOL";"-1";"27";"-1.39";"C14H9F3N6O4";"O=C(Nc1ccc(-c2c[nH]nn2)c(C(F)(F)F)c1)c1c(O)[nH]c(=O)[nH]c1=O";"NIMHXWTUGLBWBE-UHFFFAOYSA-N";"InChI=1S/C14H9F3N6O4/c15-14(16,17)7-3-5(1-2-6(7)8-4-18-23-22-8)19-10(24)9-11(25)20-13(27)21-12(9)26/h1-4H,(H,19,24)(H,18,22,23)(H3,20,21,25,26,27)";"False";"-1";"['BDBM458104', 'BDBM522184']";"['US10752613, Compound Formula (Ig)', 'US11161835, Compound Formula (Ig)']"
"CHEMBL468318";"";"";"Small molecule";"";"376.36";"4";"7";"2.10";"103.68";"8";"2";"0";"5";"N";"0.82";"2";"MOL";"-1";"27";"1.74";"C19H20O8";"COc1ccc([C@@H]2Oc3cc(OC)c(O)c(OC)c3C(=O)[C@@H]2O)cc1OC";"BWUKZMPNPJTOIT-ROUUACIJSA-N";"InChI=1S/C19H20O8/c1-23-10-6-5-9(7-11(10)24-2)18-17(22)16(21)14-12(27-18)8-13(25-3)15(20)19(14)26-4/h5-8,17-18,20,22H,1-4H3/t17-,18-/m0/s1";"False";"-1";"['(+/-)-3d']";"['(+/-)-cis-2,3-Dihydro-3,6-dihydroxy-5,7-dimethoxy-2-(3,4-dimethoxyphenyl)-4H-1-benzopyran-4-one']"
"CHEMBL270356";"";"";"Small molecule";"";"246.22";"16";"18";"0.44";"84.50";"4";"2";"0";"2";"N";"0.59";"1";"MOL";"-1";"18";"-0.44";"C12H10N2O4";"COc1ccc(C=C2C(=O)NC(=O)NC2=O)cc1";"IWKTUKNFSHWMNP-UHFFFAOYSA-N";"InChI=1S/C12H10N2O4/c1-18-8-4-2-7(3-5-8)6-9-10(15)13-12(17)14-11(9)16/h2-6H,1H3,(H2,13,14,15,16,17)";"False";"-1";"['1i', '2e', '8', '1g', 'Y6']";"['5-(4-methoxybenzylidene)pyrimidine-2,4,6(1H,3H,5H)-trione', '5-(4-Methoxybenzylidene)pyrimidine-2,4,6(1H,3H,5H)-trione', '5-(4-methoxybenzylidene)pyrimidine-2,4,6(1H,3H,5H)-trione', '5-(4-Methoxybenzylidene)pyrimidine-2,4,6(1H,3H,5H)-trione', '5-(4-Methoxybenzylidene)pyrimidine-2,4,6(1H,3H,5H)-trione']"
"CHEMBL513450";"";"";"Small molecule";"";"299.29";"4";"8";"0.23";"123.03";"7";"2";"0";"4";"N";"0.78";"2";"MOL";"-1";"22";"-2.07";"C14H13N5O3";"COC(=O)CNC(=O)c1ccc(-n2ncc(C#N)c2N)cc1";"ARJKROLORHIPDC-UHFFFAOYSA-N";"InChI=1S/C14H13N5O3/c1-22-12(20)8-17-14(21)9-2-4-11(5-3-9)19-13(16)10(6-15)7-18-19/h2-5,7H,8,16H2,1H3,(H,17,21)";"False";"-1";"['3h']";"["[4'-(5-Amino-4-cyanopyrazol-1-yl)-benzoylamino]-acetic acid methyl ester"]"
"CHEMBL4095772";"";"";"Small molecule";"";"298.26";"1";"2";"0.79";"136.12";"6";"4";"0";"4";"N";"0.42";"3";"MOL";"-1";"22";"-1.38";"C13H10N6O3";"O=C(O)c1ccc(/C=N/Nc2nc(=O)[nH]c3[nH]ncc23)cc1";"ONPFERPUWJCQQO-LHHJGKSTSA-N";"InChI=1S/C13H10N6O3/c20-12(21)8-3-1-7(2-4-8)5-14-18-10-9-6-15-19-11(9)17-13(22)16-10/h1-6H,(H,20,21)(H3,15,16,17,18,19,22)/b14-5+";"False";"-1";"['177']";"['4-((2-(6-oxo-6,7-dihydro-1H-pyrazolo[3,4-d]pyrimidin-4-yl)hydrazono)methyl)benzoic acid']"
"CHEMBL4094442";"";"";"Small molecule";"";"526.55";"2";"2";"4.91";"134.02";"7";"4";"1";"8";"N";"0.13";"5";"MOL";"-1";"39";"0.41";"C30H26N2O7";"COC(=O)[C@@H](Cc1c[nH]c2ccccc12)NC(=O)/C=C/c1ccc(OC)c2oc(-c3ccc(O)c(O)c3)cc12";"PNZOHLAUAUSOOG-JYLQPTBZSA-N";"InChI=1S/C30H26N2O7/c1-37-26-11-8-17(21-15-27(39-29(21)26)18-7-10-24(33)25(34)14-18)9-12-28(35)32-23(30(36)38-2)13-19-16-31-22-6-4-3-5-20(19)22/h3-12,14-16,23,31,33-34H,13H2,1-2H3,(H,32,35)/b12-9+/t23-/m1/s1";"False";"-1";"['9f']";"['Methyl (E)-(3-(2-(3,4-dimethoxyphenyl)-7-methoxybenzofuran-4-yl)acryloyl)-D-tryptophanate']"
"CHEMBL4066956";"";"";"Small molecule";"";"503.51";"2";"2";"4.14";"138.46";"8";"4";"1";"8";"N";"0.16";"4";"MOL";"-1";"37";"0.56";"C28H25NO8";"COC(=O)[C@H](Cc1ccc(O)cc1)NC(=O)/C=C/c1ccc(OC)c2oc(-c3ccc(O)c(O)c3)cc12";"ARVZLECTZXPEOZ-SQEWALACSA-N";"InChI=1S/C28H25NO8/c1-35-24-11-6-17(20-15-25(37-27(20)24)18-5-10-22(31)23(32)14-18)7-12-26(33)29-21(28(34)36-2)13-16-3-8-19(30)9-4-16/h3-12,14-15,21,30-32H,13H2,1-2H3,(H,29,33)/b12-7+/t21-/m0/s1";"False";"-1";"['9e']";"['Methyl (E)-(3-(2-(3,4-dimethoxyphenyl)-7-methoxybenzofuran-4-yl)acryloyl)-L-tyrosinate']"
"CHEMBL4059767";"";"";"Small molecule";"";"408.29";"2";"4";"6.20";"50.08";"4";"2";"1";"2";"N";"0.42";"4";"MOL";"-1";"28";"-1.00";"C22H15Cl2N3O";"Oc1c(Cl)cc(Cl)cc1C1Nc2ccccc2-c2cc(-c3ccccc3)nn21";"SQWOBUZEINPFNU-UHFFFAOYSA-N";"InChI=1S/C22H15Cl2N3O/c23-14-10-16(21(28)17(24)11-14)22-25-18-9-5-4-8-15(18)20-12-19(26-27(20)22)13-6-2-1-3-7-13/h1-12,22,25,28H";"False";"-1";"['246g', '219']";"['2,4-dichloro-6-(2-phenyl-5,6-dihydropyrazolo[1,5-c]quinazolin-5-yl)phenol', '2,4-dichloro-6-(2-phenyl-5,6-dihydropyrazolo[1,5-c]quinazolin-5-yl)phenol']"
"CHEMBL5431543";"";"";"";"";"252.28";"1";"1";"2.54";"63.69";"4";"1";"0";"3";"N";"0.78";"3";"MOL";"-1";"19";"-1.26";"C14H12N4O";"COc1ccccc1-c1ccc(-c2nnn[nH]2)cc1";"CJIPJOLUCGLDJZ-UHFFFAOYSA-N";"InChI=1S/C14H12N4O/c1-19-13-5-3-2-4-12(13)10-6-8-11(9-7-10)14-15-17-18-16-14/h2-9H,1H3,(H,15,16,17,18)";"False";"-1";"['IId']";"["5-(2'-(methoxy)-[1,1'-biphenyl]-4-yl)-1H-tetrazole"]"
"CHEMBL4632991";"";"";"Unknown";"";"295.36";"1";"1";"2.27";"84.56";"5";"1";"0";"6";"N";"0.65";"2";"MOL";"-1";"20";"-1.28";"C13H17N3O3S";"CCCCS(=O)(=O)N/N=C(\C)c1nc2ccccc2o1";"HBLRRRGXSPSCRO-XNTDXEJSSA-N";"InChI=1S/C13H17N3O3S/c1-3-4-9-20(17,18)16-15-10(2)13-14-11-7-5-6-8-12(11)19-13/h5-8,16H,3-4,9H2,1-2H3/b15-10+";"False";"-1";"['9k']";"['N-[1-(1,3-benzoxazol-2-yl)ethylideneamino]butane-1-sulfonamide']"
"CHEMBL5192055";"";"";"";"";"290.33";"1";"1";"3.09";"74.73";"5";"1";"0";"3";"N";"0.80";"3";"MOL";"-1";"22";"-1.53";"C17H14N4O";"N#Cc1cn(CC2CC2)c2ccc(-c3nccc(O)n3)cc12";"UZWGYJKQVDCXJY-UHFFFAOYSA-N";"InChI=1S/C17H14N4O/c18-8-13-10-21(9-11-1-2-11)15-4-3-12(7-14(13)15)17-19-6-5-16(22)20-17/h3-7,10-11H,1-2,9H2,(H,19,20,22)";"False";"-1";"['25f']";"['1-(cyclopropylmethyl)-5-(6-oxo-1,6-dihydropyrimidin-2-yl)-1H-indole-3-carbonitrile']"
"CHEMBL4070104";"";"";"Small molecule";"";"331.13";"1";"2";"1.72";"91.73";"5";"2";"0";"1";"N";"0.56";"4";"MOL";"-1";"20";"-1.79";"C12H7BrN6O";"O=c1[nH]c2[nH]ncc2c2nc(-c3ccc(Br)cc3)nn12";"YXVIIVPXJITKRP-UHFFFAOYSA-N";"InChI=1S/C12H7BrN6O/c13-7-3-1-6(2-4-7)9-15-11-8-5-14-17-10(8)16-12(20)19(11)18-9/h1-5H,(H2,14,16,17,20)";"False";"-1";"['232']";"['2-(4-bromophenyl)-6,7-dihydro-5H-pyrazolo[4,3-e][1,2,4]triazolo[1,5-c]pyrimidin-5-one']"
"CHEMBL3823941";"";"";"Small molecule";"";"356.36";"2";"4";"3.58";"90.70";"5";"1";"0";"8";"N";"0.25";"1";"MOL";"-1";"24";"-0.61";"C16H25N2O5P";"CCOP(=O)(OCC)C(C)(C)/[N+]([O-])=C/c1ccc(NC(C)=O)cc1";"HFMXSAYCGVWXNY-PDGQHHTCSA-N";"InChI=1S/C16H25N2O5P/c1-6-22-24(21,23-7-2)16(4,5)18(20)12-14-8-10-15(11-9-14)17-13(3)19/h8-12H,6-7H2,1-5H3,(H,17,19)/b18-12-";"False";"-1";"['4m']";"['2-(Diethoxyphosphoryl)-N-(4-acetamidobenzylidene)propan-2-amine oxide']"
"CHEMBL3823573";"";"";"Small molecule";"";"331.31";"5";"19";"3.03";"102.06";"6";"2";"0";"7";"N";"0.20";"1";"MOL";"-1";"22";"0.32";"C14H22NO6P";"CCOP(=O)(OCC)C(C)(C)/[N+]([O-])=C/c1ccc(O)c(O)c1";"GXOIZEHWKUVHDF-GDNBJRDFSA-N";"InChI=1S/C14H22NO6P/c1-5-20-22(19,21-6-2)14(3,4)15(18)10-11-7-8-12(16)13(17)9-11/h7-10,16-17H,5-6H2,1-4H3/b15-10-";"False";"-1";"['4d']";"['2-(Diethoxyphosphoryl)-N-(3,4-dihydroxybenzylidene)propan-2-amine oxide']"
"CHEMBL137295";"";"";"Small molecule";"";"225.16";"2";"3";"1.10";"120.90";"5";"3";"0";"3";"N";"0.31";"1";"MOL";"-1";"16";"0.10";"C9H7NO6";"O=C(O)/C=C/c1cc(O)c(O)cc1[N+](=O)[O-]";"HBPNVBRRVZOYHL-OWOJBTEDSA-N";"InChI=1S/C9H7NO6/c11-7-3-5(1-2-9(13)14)6(10(15)16)4-8(7)12/h1-4,11-12H,(H,13,14)/b2-1+";"False";"-1";"['8']";"['(E)-3-(4,5-Dihydroxy-2-nitro-phenyl)-acrylic acid']"
"CHEMBL5172681";"";"";"";"";"403.50";"2";"2";"4.16";"81.70";"5";"1";"0";"9";"N";"0.50";"2";"MOL";"-1";"28";"-0.84";"C21H25NO5S";"CCCCS(=O)(=O)Oc1ccc(/C=C/C(=O)Nc2cccc(C)c2)cc1OC";"DYPUPPDDWVQPEV-ZRDIBKRKSA-N";"InChI=1S/C21H25NO5S/c1-4-5-13-28(24,25)27-19-11-9-17(15-20(19)26-3)10-12-21(23)22-18-8-6-7-16(2)14-18/h6-12,14-15H,4-5,13H2,1-3H3,(H,22,23)/b12-10+";"False";"-1";"['F15']";"['2-methoxy-4-(3-oxo-3-(m-tolylamino)prop-1-en-1-yl)phenyl butane-1-sulfonate']"
"CHEMBL5177301";"";"";"";"";"271.75";"1";"1";"2.95";"49.66";"3";"2";"0";"1";"Y";"0.61";"1";"MOL";"-1";"16";"-1.35";"C10H6ClNO2S2";"O=C1N=C(S)S/C1=C/c1cc(Cl)ccc1O";"OYUGKKNIIOTAPN-XBXARRHUSA-N";"InChI=1S/C10H6ClNO2S2/c11-6-1-2-7(13)5(3-6)4-8-9(14)12-10(15)16-8/h1-4,13H,(H,12,14,15)/b8-4+";"False";"-1";"['XO-36']";"['(E)-5-(5-chloro-2-hydroxybenzylidene)-2-mercaptothiazol-4(5H)-one']"
"CHEMBL3739657";"";"";"Small molecule";"";"297.81";"2";"4";"2.66";"41.03";"4";"1";"0";"4";"N";"0.88";"2";"MOL";"-1";"19";"-1.83";"C13H16ClN3OS";"CN(C)CCCn1c(=S)[nH]c2cc(Cl)ccc2c1=O";"BEXBLQHZZOBULC-UHFFFAOYSA-N";"InChI=1S/C13H16ClN3OS/c1-16(2)6-3-7-17-12(18)10-5-4-9(14)8-11(10)15-13(17)19/h4-5,8H,3,6-7H2,1-2H3,(H,15,19)";"False";"-1";"['1d']";"['7-chloro-3-(3-(dimethylamino)propyl)-2-thioxo-2,3-dihydroquinazolin-4(1H)-one']"
"CHEMBL5191307";"";"";"";"";"340.42";"7";"7";"2.35";"65.56";"4";"2";"0";"2";"N";"0.65";"2";"MOL";"-1";"25";"1.74";"C20H24N2O3";"C/C=C1\CN2CC[C@@H]1[C@](CO)(C(=O)OC)c1[nH]c3ccccc3c1C2";"JZKSIYFJGCTTET-BPUQSSDRSA-N";"InChI=1S/C20H24N2O3/c1-3-13-10-22-9-8-16(13)20(12-23,19(24)25-2)18-15(11-22)14-6-4-5-7-17(14)21-18/h3-7,16,21,23H,8-12H2,1-2H3/b13-3+/t16-,20-/m0/s1";"False";"-1";"['78', '67']";"['19,20-(Z)-Vallesamine', '19,20-(E)-vallesamine']"
"CHEMBL5197240";"";"";"";"";"417.28";"1";"1";"3.91";"81.75";"5";"1";"0";"3";"N";"0.47";"2";"MOL";"-1";"25";"-1.19";"C18H13BrN2O3S";"Cc1ccc(C(=O)Oc2ccc(Br)cc2/C=C2\SC(N)=NC2=O)cc1";"HIQZARMNAVZCCO-DHDCSXOGSA-N";"InChI=1S/C18H13BrN2O3S/c1-10-2-4-11(5-3-10)17(23)24-14-7-6-13(19)8-12(14)9-15-16(22)21-18(20)25-15/h2-9H,1H3,(H2,20,21,22)/b15-9-";"False";"-1";"['XO-24']";"['(Z)-2-((2-amino-4-oxothiazol-5(4H)-ylidene)methyl)-4-bromophenyl 4-methylbenzoate']"
"CHEMBL2205500";"";"";"Small molecule";"";"272.31";"1";"1";"1.27";"84.50";"6";"2";"0";"2";"N";"0.86";"2";"MOL";"-1";"20";"-1.49";"C14H16N4O2";"Nc1nc(O)cc(-c2ccc(N3CCOCC3)cc2)n1";"SILGRADXTMHNGV-UHFFFAOYSA-N";"InChI=1S/C14H16N4O2/c15-14-16-12(9-13(19)17-14)10-1-3-11(4-2-10)18-5-7-20-8-6-18/h1-4,9H,5-8H2,(H3,15,16,17,19)";"False";"-1";"['9']";"['2-amino-6-(4-morpholinophenyl)pyrimidin-4-ol']"
"CHEMBL5598112";"";"";"";"";"295.32";"3";"15";"3.84";"81.32";"4";"2";"0";"2";"N";"0.75";"3";"MOL";"-1";"21";"-0.81";"C16H9NO3S";"N#Cc1cc(-c2ccc(C(=O)O)c(O)c2)c2ccsc2c1";"XJNKNUHNVILYCY-UHFFFAOYSA-N";"InChI=1S/C16H9NO3S/c17-8-9-5-13(11-3-4-21-15(11)6-9)10-1-2-12(16(19)20)14(18)7-10/h1-7,18H,(H,19,20)";"False";"-1";"['14', 'BDBM377704']";"['4-(6-Cyanobenzo[b]thiophen-4-yl)-2-hydroxybenzoic Acid', 'US10266496, Example 31']"
"CHEMBL3823459";"";"";"Small molecule";"";"343.32";"5";"11";"3.32";"98.90";"5";"1";"0";"8";"N";"0.26";"1";"MOL";"-1";"23";"-0.12";"C15H22NO6P";"CCOP(=O)(OCC)C(C)(C)/[N+]([O-])=C/c1ccc(C(=O)O)cc1";"SITVXFWETPBBMY-WJDWOHSUSA-N";"InChI=1S/C15H22NO6P/c1-5-21-23(20,22-6-2)15(3,4)16(19)11-12-7-9-13(10-8-12)14(17)18/h7-11H,5-6H2,1-4H3,(H,17,18)/b16-11-";"False";"-1";"['4n']";"['2-(Diethoxyphosphoryl)-N-(4-carboxybenzylidene)propan-2-amine oxide']"
"CHEMBL3823393";"";"";"Small molecule";"";"327.36";"5";"14";"4.23";"61.60";"4";"0";"0";"7";"N";"0.25";"1";"MOL";"-1";"22";"-0.24";"C16H26NO4P";"CCOP(=O)(OCC)C(C)(C)/[N+]([O-])=C/c1c(C)cccc1C";"PXXDLNWPJVUFBY-ATVHPVEESA-N";"InChI=1S/C16H26NO4P/c1-7-20-22(19,21-8-2)16(5,6)17(18)12-15-13(3)10-9-11-14(15)4/h9-12H,7-8H2,1-6H3/b17-12-";"False";"-1";"['4q']";"['2-(Diethoxyphosphoryl)-N-(2,6-dimethylbenzylidene)propan-2-amine oxide']"
"CHEMBL2420123";"";"";"Small molecule";"";"416.44";"2";"3";"3.39";"111.03";"8";"2";"0";"7";"N";"0.44";"4";"MOL";"-1";"31";"-1.77";"C22H20N6O3";"CCOC(=O)Cn1ncc2c(Nc3ccc(NC(=O)c4ccccc4)cc3)ncnc21";"GFASIUYIYXLGKV-UHFFFAOYSA-N";"InChI=1S/C22H20N6O3/c1-2-31-19(29)13-28-21-18(12-25-28)20(23-14-24-21)26-16-8-10-17(11-9-16)27-22(30)15-6-4-3-5-7-15/h3-12,14H,2,13H2,1H3,(H,27,30)(H,23,24,26)";"False";"-1";"['5d']";"['Ethyl 2-(4-((4-benzamidophenyl)amino)-1H-pyrazolo[3,4-d]pyrimidin-1-yl)acetate']"
"CHEMBL3822826";"";"";"Small molecule";"";"315.31";"5";"17";"3.32";"81.83";"5";"1";"0";"7";"N";"0.27";"1";"MOL";"-1";"21";"0.11";"C14H22NO5P";"CCOP(=O)(OCC)C(C)(C)/[N+]([O-])=C/c1ccc(O)cc1";"AMZLRGRDGMUFCF-PTNGSMBKSA-N";"InChI=1S/C14H22NO5P/c1-5-19-21(18,20-6-2)14(3,4)15(17)11-12-7-9-13(16)10-8-12/h7-11,16H,5-6H2,1-4H3/b15-11-";"False";"-1";"['4c']";"['2-(Diethoxyphosphoryl)-N-(4-hydroxybenzylidene)propan-2-amine oxide']"
"CHEMBL4561475";"";"";"Unknown";"";"526.58";"1";"1";"1.46";"198.89";"9";"6";"2";"13";"N";"0.12";"0";"MOL";"-1";"37";"1.37";"C26H38O11";"CCCCCC[C@H](O)[C@@H]1/C(C(=O)O)=C(/C(=O)O)C[C@H]([C@@H](O)[C@H](O)CCCC)CC2=C(C(=O)OC2=O)[C@H]1O";"VDOFXRXPIGETKV-ZHYFBHNKSA-N";"InChI=1S/C26H38O11/c1-3-5-7-8-10-16(27)20-18(24(33)34)14(23(31)32)11-13(21(29)17(28)9-6-4-2)12-15-19(22(20)30)26(36)37-25(15)35/h13,16-17,20-22,27-30H,3-12H2,1-2H3,(H,31,32)(H,33,34)/b18-14-/t13-,16-,17+,20+,21+,22+/m0/s1";"False";"-1";"['2']";"['Rubratoxin acid B']"
"CHEMBL3918530";"";"";"Small molecule";"";"407.47";"2";"2";"2.41";"104.55";"5";"2";"0";"5";"N";"0.68";"3";"MOL";"-1";"30";"-1.63";"C22H25N5O3";"CC(C)Oc1ccc(N2CCN(C(=O)c3nc4cc(C(N)=O)ccc4[nH]3)CC2)cc1";"SVEMPGFHAVLXDG-UHFFFAOYSA-N";"InChI=1S/C22H25N5O3/c1-14(2)30-17-6-4-16(5-7-17)26-9-11-27(12-10-26)22(29)21-24-18-8-3-15(20(23)28)13-19(18)25-21/h3-8,13-14H,9-12H2,1-2H3,(H2,23,28)(H,24,25)";"False";"-1";"['BDBM244092']";"['US9428478, TG6-251-1']"
"CHEMBL5598423";"";"";"";"";"295.32";"2";"2";"3.84";"81.32";"4";"2";"0";"2";"N";"0.75";"3";"MOL";"-1";"21";"-0.76";"C16H9NO3S";"N#Cc1cc(-c2ccc(C(=O)O)c(O)c2)c2sccc2c1";"BNSYKXJWDIINTF-UHFFFAOYSA-N";"InChI=1S/C16H9NO3S/c17-8-9-5-11-3-4-21-15(11)13(6-9)10-1-2-12(16(19)20)14(18)7-10/h1-7,18H,(H,19,20)";"False";"-1";"['15']";"['4-(5-Cyanobenzo[b]thiophen-7-yl)-2-hydroxybenzoic Acid']"
"CHEMBL4226321";"";"";"Small molecule";"";"266.30";"1";"1";"3.56";"58.62";"4";"1";"0";"3";"N";"0.45";"3";"MOL";"-1";"20";"-1.00";"C16H14N2O2";"Cc1ccc2oc(/C(Cc3ccccc3)=N/O)nc2c1";"MYZHBMWHHONXGY-NBVRZTHBSA-N";"InChI=1S/C16H14N2O2/c1-11-7-8-15-13(9-11)17-16(20-15)14(18-19)10-12-5-3-2-4-6-12/h2-9,19H,10H2,1H3/b18-14+";"False";"-1";"['5l']";"['(E)-1-(5-Methylbenzo[d]oxazol-2-yl)-2-phenylethanone oxime']"
"CHEMBL6003459";"";"";"";"";"342.32";"1";"3";"0.83";"145.88";"7";"4";"0";"4";"N";"0.55";"3";"MOL";"-1";"25";"-1.30";"C15H14N6O4";"COc1nc(O)c(C(=O)Nc2ccc(-c3nn[nH]c3C)cc2)c(=O)[nH]1";"OXTNCVVOJWNJFY-UHFFFAOYSA-N";"InChI=1S/C15H14N6O4/c1-7-11(20-21-19-7)8-3-5-9(6-4-8)16-12(22)10-13(23)17-15(25-2)18-14(10)24/h3-6H,1-2H3,(H,16,22)(H,19,20,21)(H2,17,18,23,24)";"False";"-1";"['BDBM499647']";"['US11020397, Compound Formula-(IIgg)']"
"CHEMBL3945910";"";"";"Small molecule";"";"366.42";"2";"2";"2.54";"70.69";"5";"1";"0";"4";"N";"0.77";"3";"MOL";"-1";"27";"-1.32";"C20H22N4O3";"COc1ccc(N2CCN(C(=O)c3nc4cc(OC)ccc4[nH]3)CC2)cc1";"VOSHJEIMJMPXBO-UHFFFAOYSA-N";"InChI=1S/C20H22N4O3/c1-26-15-5-3-14(4-6-15)23-9-11-24(12-10-23)20(25)19-21-17-8-7-16(27-2)13-18(17)22-19/h3-8,13H,9-12H2,1-2H3,(H,21,22)";"False";"-1";"['BDBM244084']";"['US9428478, TG6-228']"
"CHEMBL3594386";"";"";"Small molecule";"";"356.33";"2";"2";"3.11";"117.20";"6";"3";"0";"6";"N";"0.58";"3";"MOL";"-1";"26";"0.94";"C19H16O7";"O=C(O)CCCOc1cc(O)cc2oc(-c3ccc(O)cc3)cc(=O)c12";"YTUMVERMPRHIGK-UHFFFAOYSA-N";"InChI=1S/C19H16O7/c20-12-5-3-11(4-6-12)15-10-14(22)19-16(25-7-1-2-18(23)24)8-13(21)9-17(19)26-15/h3-6,8-10,20-21H,1-2,7H2,(H,23,24)";"False";"-1";"['11b']";"['4-(7-hydroxy-2-(4-hydroxyphenyl)-4-oxo-4H-chromen-5-yloxy)butanoic acid']"
"CHEMBL5559866";"";"";"";"";"300.31";"2";"2";"2.29";"99.52";"4";"3";"0";"4";"N";"0.80";"2";"MOL";"-1";"22";"-0.72";"C16H16N2O4";"CC(C)NC(=O)c1cncc(-c2ccc(C(=O)O)c(O)c2)c1";"BFGNGJCHACAYBE-UHFFFAOYSA-N";"InChI=1S/C16H16N2O4/c1-9(2)18-15(20)12-5-11(7-17-8-12)10-3-4-13(16(21)22)14(19)6-10/h3-9,19H,1-2H3,(H,18,20)(H,21,22)";"False";"-1";"['I7']";"['2-Hydroxy-4-(5-(isopropylcarbamoyl)pyridin-3-yl)benzoic acid']"
"CHEMBL5565415";"";"";"";"";"318.76";"2";"2";"3.24";"79.29";"3";"2";"0";"4";"N";"0.91";"2";"MOL";"-1";"22";"-1.34";"C16H15ClN2O3";"CC(C)NC(=O)c1cncc(-c2ccc(Cl)c(C(=O)O)c2)c1";"KLQFHBOCTQBCOZ-UHFFFAOYSA-N";"InChI=1S/C16H15ClN2O3/c1-9(2)19-15(20)12-5-11(7-18-8-12)10-3-4-14(17)13(6-10)16(21)22/h3-9H,1-2H3,(H,19,20)(H,21,22)";"False";"-1";"['I2']";"['2-Chloro-5-(5-(isopropylcarbamoyl)pyridin-3-yl)benzoic acid']"
"CHEMBL4100541";"";"";"Small molecule";"";"397.38";"2";"2";"3.12";"129.23";"6";"4";"0";"6";"N";"0.37";"3";"MOL";"-1";"29";"0.51";"C21H19NO7";"COc1ccc(/C=C/C(=O)N[C@@H](C)C(=O)O)c2cc(-c3ccc(O)c(O)c3)oc12";"JTWCTUVJACKEKZ-BWNDKRECSA-N";"InChI=1S/C21H19NO7/c1-11(21(26)27)22-19(25)8-5-12-4-7-17(28-2)20-14(12)10-18(29-20)13-3-6-15(23)16(24)9-13/h3-11,23-24H,1-2H3,(H,22,25)(H,26,27)/b8-5+/t11-/m0/s1";"False";"-1";"['10c']";"['(E)-(3-(2-(3,4-dimethoxyphenyl)-7-methoxybenzofuran-4-yl)acryloyl)-L-alanine']"
"CHEMBL3127135";"";"";"Small molecule";"";"396.33";"4";"6";"2.20";"123.25";"7";"2";"0";"5";"N";"0.79";"2";"MOL";"-1";"28";"-0.90";"C17H15F3N4O4";"N#Cc1c(-c2ccc(OCC3CCOC3)c(OC(F)(F)F)c2)nc(N)[nH]c1=O";"FADPDBVYABDBQI-UHFFFAOYSA-N";"InChI=1S/C17H15F3N4O4/c18-17(19,20)28-13-5-10(14-11(6-21)15(25)24-16(22)23-14)1-2-12(13)27-8-9-3-4-26-7-9/h1-2,5,9H,3-4,7-8H2,(H3,22,23,24,25)";"False";"-1";"['35']";"['2-amino-6-oxo-4-(4-((tetrahydrofuran-3-yl)methoxy-3-(trifluoromethoxy)phenyl)-1,6-dihydropyrimidine-5-carbonitrile']"
"CHEMBL4635308";"";"";"Unknown";"";"329.38";"3";"3";"2.84";"84.56";"5";"1";"0";"4";"N";"0.59";"3";"MOL";"-1";"23";"-1.45";"C16H15N3O3S";"C/C(=N\NS(=O)(=O)c1ccc(C)cc1)c1nc2ccccc2o1";"LEFAODUIKSZMKV-LDADJPATSA-N";"InChI=1S/C16H15N3O3S/c1-11-7-9-13(10-8-11)23(20,21)19-18-12(2)16-17-14-5-3-4-6-15(14)22-16/h3-10,19H,1-2H3/b18-12+";"False";"-1";"['9a']";"['N-[1-(1,3-benzoxazol-2-yl)ethylideneamino]-4-methyl-benzenesulfonamide']"
"CHEMBL5421228";"";"";"";"";"335.33";"1";"2";"3.81";"81.32";"4";"2";"0";"2";"N";"0.87";"2";"MOL";"-1";"23";"-0.13";"C16H11F2NO3S";"N#Cc1sc(-c2ccc(C(=O)O)c(O)c2)c2c1CCC(F)(F)C2";"UTTXOYFICPSQLS-UHFFFAOYSA-N";"InChI=1S/C16H11F2NO3S/c17-16(18)4-3-9-11(6-16)14(23-13(9)7-19)8-1-2-10(15(21)22)12(20)5-8/h1-2,5,20H,3-4,6H2,(H,21,22)";"False";"-1";"['121']";"['4-(3-cyano-6,6-difluoro-4,5,6,7-tetrahydrobenzo[c]thiophen-1-yl)-2-hydroxybenzoic acid']"
"CHEMBL5407581";"";"";"";"";"369.43";"2";"2";"4.76";"86.50";"4";"2";"0";"3";"N";"0.55";"4";"MOL";"-1";"28";"-1.68";"C22H19N5O";"N#Cc1cn(C2CCCC2)c2ccc(NC(=O)c3ccc4[nH]cnc4c3)cc12";"CVWANEQMPMESDC-UHFFFAOYSA-N";"InChI=1S/C22H19N5O/c23-11-15-12-27(17-3-1-2-4-17)21-8-6-16(10-18(15)21)26-22(28)14-5-7-19-20(9-14)25-13-24-19/h5-10,12-13,17H,1-4H2,(H,24,25)(H,26,28)";"False";"-1";"['63', '22a']";"['N-(3-cyano-1-cyclopentyl-1H-indol-5-yl)-1Hbenzo[d]imidazole-5-carboxamide', 'N-(3-cyano-1-cyclopentyl-1H-indol-5-yl)-1H-benzo[d]imidazole-5-carboxamide']"
"CHEMBL5198735";"";"";"";"";"387.37";"1";"1";"3.04";"103.57";"5";"2";"0";"4";"N";"0.56";"4";"MOL";"-1";"29";"-2.12";"C21H14FN5O2";"N#Cc1cn(Cc2cccc(F)c2)c2ccc(NC(=O)c3cc(=O)[nH]cn3)cc12";"OJRUYMAILFLBGB-UHFFFAOYSA-N";"InChI=1S/C21H14FN5O2/c22-15-3-1-2-13(6-15)10-27-11-14(9-23)17-7-16(4-5-19(17)27)26-21(29)18-8-20(28)25-12-24-18/h1-8,11-12H,10H2,(H,26,29)(H,24,25,28)";"False";"-1";"['13p']";"['N-(3-cyano-1-(3-fluorobenzyl)-1H-indol-5-yl)-6-oxo-1,6-dihydropyrimidine-4-carboxamide']"
"CHEMBL5193655";"";"";"";"";"337.38";"1";"1";"3.67";"96.10";"5";"1";"0";"5";"N";"0.89";"2";"MOL";"-1";"25";"-1.11";"C19H19N3O3";"N#Cc1cc(-c2nccc(C(=O)O)n2)ccc1OCC1CCCCC1";"LWFTUTUEMUXAHE-UHFFFAOYSA-N";"InChI=1S/C19H19N3O3/c20-11-15-10-14(18-21-9-8-16(22-18)19(23)24)6-7-17(15)25-12-13-4-2-1-3-5-13/h6-10,13H,1-5,12H2,(H,23,24)";"False";"-1";"['15d']";"['2-[3-cyano-4-(cyclohexylmethoxy)]phenylpyrimidine-4-carboxylic acid']"
"CHEMBL5596444";"";"";"";"";"239.23";"2";"2";"2.63";"81.32";"3";"2";"0";"2";"N";"0.84";"2";"MOL";"-1";"18";"-0.56";"C14H9NO3";"N#Cc1cccc(-c2ccc(C(=O)O)c(O)c2)c1";"RHFLIDBMUZLMSP-UHFFFAOYSA-N";"InChI=1S/C14H9NO3/c15-8-9-2-1-3-10(6-9)11-4-5-12(14(17)18)13(16)7-11/h1-7,16H,(H,17,18)";"False";"-1";"['10']";"["3'-Cyano-3-hydroxy-[1,1'-biphenyl]-4-carboxylic Acid"]"
"CHEMBL5556212";"";"";"";"";"265.32";"2";"2";"2.76";"65.78";"3";"1";"0";"3";"N";"0.93";"2";"MOL";"-1";"20";"-1.65";"C16H15N3O";"CC(C)NC(=O)c1cncc(-c2ccc(C#N)cc2)c1";"DSZQIFQLISEHGD-UHFFFAOYSA-N";"InChI=1S/C16H15N3O/c1-11(2)19-16(20)15-7-14(9-18-10-15)13-5-3-12(8-17)4-6-13/h3-7,9-11H,1-2H3,(H,19,20)";"False";"-1";"['I4']";"['5-(4-Cyanophenyl)-N-isopropylnicotinamide']"
"CHEMBL65675";"GALLIC ACID METHYL ESTER";"";"Small molecule";"";"184.15";"55";"119";"0.59";"86.99";"5";"3";"0";"1";"N";"0.44";"1";"MOL";"-1";"13";"0.71";"C8H8O5";"COC(=O)c1cc(O)c(O)c(O)c1";"FBSFWRHWHYMIOG-UHFFFAOYSA-N";"InChI=1S/C8H8O5/c1-13-8(12)4-2-5(9)7(11)6(10)3-4/h2-3,9-11H,1H3";"False";"-1";"['2', '108', 'Methyl gallate', '5', '5', '8', '6', '25', 'Table 1, R2C1', '22', '19', '5', '6', 'Methyl gallate', 'B42', 'C1, Table 3', 'methyl gallate', 'Methyl gallate', 'Methyl gallate', '11', '4', 'SID22405496', 'MG', 'methyl gallate', '5', '6', '7a']";"['methyl 3,4,5-trihydroxybenzoate', 'Mathyl gallate', '3,4,5-Trihydroxy-benzoic acid methyl ester', 'methyl galloate', 'methyl gallate', 'gallic acid methyl ester', 'methyl gallate', 'methyl gallate', 'methyl 3,4,5-trihydroxybenzoate', 'Methyl gallate', 'Methyl gallate', 'methyl 3,4,5-trihydroxybenzoate', 'methyl gallate', 'Methyl gallate', 'methyl 3,4,5-trihydroxybenzoate', 'methyl gallate', 'Methyl gallate', 'Methyl gallate', 'Methyl gallate', 'Methyl gallate', 'Methyl gallate', 'SID22405496', 'Methyl gallate', 'methyl gallate', 'methyl gallate', 'methyl gallate', 'methyl 3,4,5-trihydroxybenzoate']"
"CHEMBL448350";"PHASEOLIN";"";"Small molecule";"";"322.36";"22";"34";"4.19";"47.92";"4";"1";"0";"0";"N";"0.79";"2";"MOL";"-1";"24";"2.95";"C20H18O4";"CC1(C)C=Cc2c(ccc3c2O[C@H]2c4ccc(O)cc4OC[C@@H]32)O1";"LWTDZKXXJRRKDG-KXBFYZLASA-N";"InChI=1S/C20H18O4/c1-20(2)8-7-14-16(24-20)6-5-12-15-10-22-17-9-11(21)3-4-13(17)19(15)23-18(12)14/h3-9,15,19,21H,10H2,1-2H3/t15-,19-/m0/s1";"False";"-1";"['15', '58', '42', '4', '7; MOL000456', '4']";"['Phaseollin', 'Phaseollin', 'phaseollin', 'phaseollin', 'Phaseolin', 'Phaseollin']"
"CHEMBL518234";"";"";"Small molecule";"";"496.47";"2";"2";"-1.48";"191.06";"12";"7";"2";"7";"N";"0.13";"1";"MOL";"-1";"35";"3.01";"C23H28O12";"OC[C@H]1O[C@@H](O[C@@H]2OC=C[C@H]3[C@H](O/C=C/c4ccc(O)c(O)c4)[C@@H]4O[C@@]4(CO)[C@@H]23)[C@H](O)[C@@H](O)[C@@H]1O";"ZXCDUCNFVJPFNW-KKURNSLISA-N";"InChI=1S/C23H28O12/c24-8-14-16(28)17(29)18(30)22(33-14)34-21-15-11(4-6-32-21)19(20-23(15,9-25)35-20)31-5-3-10-1-2-12(26)13(27)7-10/h1-7,11,14-22,24-30H,8-9H2/b5-3+/t11-,14-,15-,16-,17+,18-,19+,20+,21+,22+,23+/m1/s1";"False";"-1";"['8']";"['(-)-verminoside']"
"CHEMBL4172998";"";"";"Small molecule";"";"277.26";"11";"12";"0.51";"101.34";"5";"2";"0";"2";"N";"0.27";"1";"MOL";"-1";"19";"-1.50";"C11H7N3O4S";"O=C1NC(=S)NC(=O)C1=Cc1ccccc1[N+](=O)[O-]";"BKJTZBOKFVHOKF-UHFFFAOYSA-N";"InChI=1S/C11H7N3O4S/c15-9-7(10(16)13-11(19)12-9)5-6-3-1-2-4-8(6)14(17)18/h1-5H,(H2,12,13,15,16,19)";"False";"-1";"['2b']";"['5-(2-Nitrobenzylidene)-2-thioxodihydropyrimidine-4,6(1H,5H)-dione']"
"CHEMBL84643";"";"";"Small molecule";"";"254.25";"1";"2";"-0.21";"127.17";"5";"3";"0";"5";"N";"0.38";"1";"MOL";"-1";"18";"-0.70";"C10H14N4O4";"CCCCOC(=O)C(=O)Nc1[nH]cnc1C(N)=O";"WMCHGBPYKARBDS-UHFFFAOYSA-N";"InChI=1S/C10H14N4O4/c1-2-3-4-18-10(17)9(16)14-8-6(7(11)15)12-5-13-8/h5H,2-4H2,1H3,(H2,11,15)(H,12,13)(H,14,16)";"False";"-1";"['1b']";"['N-(5-Carbamoyl-3H-imidazol-4-yl)-oxalamic acid butyl ester']"
"CHEMBL465770";"STEREQUINONE I";"";"Small molecule";"";"322.36";"2";"2";"3.17";"63.60";"4";"1";"0";"1";"N";"0.86";"1";"MOL";"-1";"24";"1.94";"C20H18O4";"COc1ccc2c(c1)C(=O)C1(O)C(=CC3=C(C)CCC3=C1C)C2=O";"TZXPBWYICRUUSQ-UHFFFAOYSA-N";"InChI=1S/C20H18O4/c1-10-4-6-13-11(2)20(23)17(9-15(10)13)18(21)14-7-5-12(24-3)8-16(14)19(20)22/h5,7-9,23H,4,6H2,1-3H3";"False";"-1";"['4']";"['sterequinone I']"
"CHEMBL232615";"";"";"Small molecule";"";"192.21";"5";"5";"1.55";"49.69";"3";"2";"0";"1";"Y";"0.71";"1";"MOL";"-1";"14";"2.91";"C11H12O3";"C[C@@]1(CO)C=Cc2cc(O)ccc2O1";"LTKJWSBGTNWRNP-NSHDSACASA-N";"InChI=1S/C11H12O3/c1-11(7-12)5-4-8-6-9(13)2-3-10(8)14-11/h2-6,12-13H,7H2,1H3/t11-/m0/s1";"False";"-1";"['(-)-1']";"['(S)-2-(hydroxymethyl)-2-methyl-2H-chromen-6-ol']"
"CHEMBL90568";"DIOSMETIN";"";"Small molecule";"";"300.27";"58";"179";"2.59";"100.13";"6";"3";"0";"2";"N";"0.67";"3";"MOL";"-1";"22";"1.34";"C16H12O6";"COc1ccc(-c2cc(=O)c3c(O)cc(O)cc3o2)cc1O";"MBNGWHIJMBWFHU-UHFFFAOYSA-N";"InChI=1S/C16H12O6/c1-21-13-3-2-8(4-10(13)18)14-7-12(20)16-11(19)5-9(17)6-15(16)22-14/h2-7,17-19H,1H3";"False";"-1";"['26', 'SID174007266', 'DIOSMETIN (LUTEOLIN 4-METHYL ETHER)', '4g, Diosmetin', '15', '12', 'diosmetin', '21', 'Diosmetine', 'diosmetin', 'SID26756923', '24', 'diosmetin', 'DIOSMETIN', '10', '13', '40, diosmetin', '4g', 'DIOSMETIN', 'M2', 'Diosmetin', 'diosmetin', 'Diosmetin', 'Diosmetin', '28; kp18', 'Diosmetin', 'COVC-2820879630', 'Diosmetin', 'Diosmetin', '3', '40', 'Diosmetin', '7', 'Diosmetin (Luteolin 4-methyl ether)', '8', '39', '12', 'DIOSMETIN', '69', 'Diosmetin (Luteolin 4-methyl ether)', '23', 'Diosmetin (Luteolin 4-methyl ether)', '19', '21', '3', '25a']";"['Diosmetin', 'SID174007266', 'DIOSMETIN (LUTEOLIN 4-METHYL ETHER)', "3',5,7-Trihydroxy-4'-methoxyflavone", "5,7,3'-trihydroxy-4'methoxyflavone", 'diosmetin', '5,7-dihydroxy-2-(3-hydroxy-4-methoxyphenyl)-4H-chromen-4-one', 'diosmetin', 'Diosmetine', 'diosmetin', 'SID26756923', '5,7-Dihydroxy-2-(3-hydroxy-4-methoxy-phenyl)-chromen-4-one', 'diosmetin', 'DIOSMETIN', 'Diosmetin', 'Diosmetin', "4'-O-methyl luteotin", 'Diosmetin', 'DIOSMETIN', 'Diosmetin', 'Diosmetin', 'diosmetin', 'Diosmetin', 'Diosmetin', 'Diosmetin', 'Diosmetin', 'DIOSMETIN', 'Diosmetin', 'Diosmetin', 'Diosmetin', 'Diosmetin', 'Diosmetin', 'Diosmetin', 'Diosmetin (Luteolin 4-methyl ether)', 'Diosmetin', 'Diosmetin', 'Diosmetin', 'DIOSMETIN', 'Diosmetin', 'Diosmetin (Luteolin 4-methyl ether)', 'Diometin', 'Diosmetin (Luteolin 4-methyl ether)', 'Diosmetin', 'Diosmetin', 'Diosmetin', 'Diosmetin']"
"CHEMBL5812519";"";"";"";"";"320.31";"1";"3";"-0.66";"156.62";"6";"5";"0";"3";"N";"0.51";"2";"MOL";"-1";"23";"-1.03";"C13H16N6O4";"O=C(NC1CCC(c2cnn[nH]2)CC1)c1c(O)[nH]c(=O)[nH]c1=O";"GXGMDPZSOOAVBC-UHFFFAOYSA-N";"InChI=1S/C13H16N6O4/c20-10(9-11(21)16-13(23)17-12(9)22)15-7-3-1-6(2-4-7)8-5-14-19-18-8/h5-7H,1-4H2,(H,15,20)(H,14,18,19)(H3,16,17,21,22,23)";"False";"-1";"['BDBM524205']";"['US11168075, Compound Formula (Ii)']"
"CHEMBL1761218";"";"";"Small molecule";"";"354.41";"2";"3";"2.33";"74.94";"6";"2";"0";"5";"N";"0.54";"3";"MOL";"-1";"26";"-0.21";"C20H22N2O4";"O=c1c2ccc(O)cc2oc2cc(OCCCN3CCNCC3)ccc12";"AZMDMDGSBZKDIT-UHFFFAOYSA-N";"InChI=1S/C20H22N2O4/c23-14-2-4-16-18(12-14)26-19-13-15(3-5-17(19)20(16)24)25-11-1-8-22-9-6-21-7-10-22/h2-5,12-13,21,23H,1,6-11H2";"False";"-1";"['13']";"['3-Hydroxy-6-[3-(piperazino)-propoxy]xanthone']"
"CHEMBL3971115";"";"";"Small molecule";"";"399.28";"4";"4";"5.30";"35.53";"3";"0";"1";"4";"N";"0.66";"2";"MOL";"-1";"25";"-0.44";"C21H19BrO3";"COc1cc(/C=C2\CC/C(=C\c3cccc(Br)c3)C2=O)cc(OC)c1";"GJPHDGIXINBMQB-GONBZBRSSA-N";"InChI=1S/C21H19BrO3/c1-24-19-11-15(12-20(13-19)25-2)9-17-7-6-16(21(17)23)8-14-4-3-5-18(22)10-14/h3-5,8-13H,6-7H2,1-2H3/b16-8+,17-9+";"False";"-1";"['7c']";"['(2E,5E)-2-(3-Bromobenzylidene)-5-(3,5-dimethoxybenzylidene)cyclopentanone']"
"CHEMBL226395";"METHYLGUANINE";"";"Small molecule";"";"165.16";"94";"102";"-0.06";"89.71";"5";"2";"0";"1";"N";"0.62";"2";"MOL";"-1";"12";"-0.72";"C6H7N5O";"COc1nc(N)nc2nc[nH]c12";"BXJHWYVXLGLDMZ-UHFFFAOYSA-N";"InChI=1S/C6H7N5O/c1-12-5-3-4(9-2-8-3)10-6(7)11-5/h2H,1H3,(H3,7,8,9,10,11)";"False";"-1";"['1', '7', 'Page 1750, R12C1', 'SID545213', 'AMP', '1', 'SID144210164', '1, page S7 table 1', '9', 'SID49674563']";"['6-Methoxy-9H-purin-2-ylamine', '6-Methoxy-9H-purin-2-ylamine', '2-amino-6-methoxypurine; O6-methylguanine', 'SID545213', '2-amino-6-methoxypurine', '6-Methoxy-9H-purin-2-ylamine', 'SID144210164', '6-methoxy-9H-purin-2-amine', '6-O-methylguanine', 'SID49674563']"
"CHEMBL453280";"ISOFORMONENTIN";"";"Small molecule";"";"268.27";"5";"12";"3.17";"59.67";"4";"1";"0";"2";"N";"0.78";"3";"MOL";"-1";"20";"0.60";"C16H12O4";"COc1ccc2c(=O)c(-c3ccc(O)cc3)coc2c1";"LNIQZRIHAMVRJA-UHFFFAOYSA-N";"InChI=1S/C16H12O4/c1-19-12-6-7-13-15(8-12)20-9-14(16(13)18)10-2-4-11(17)5-3-10/h2-9,17H,1H3";"False";"-1";"['12', '16', '3a', '8; MOL004957']";"['isoformonentin', "4'-Hydroxy-7-methoxyisoflavone", '3-(4-Hydroxyphenyl)-7-methoxychromen-4-one', 'Isoformononetin']"
"CHEMBL6005655";"";"";"";"";"380.34";"1";"3";"1.51";"136.65";"7";"4";"0";"4";"N";"0.40";"3";"MOL";"-1";"26";"-1.84";"C14H10F2N6O3S";"CSc1nc(O)c(C(=O)Nc2cc(F)c(-c3c[nH]nn3)c(F)c2)c(=O)[nH]1";"GJHWEAMUUHXGKF-UHFFFAOYSA-N";"InChI=1S/C14H10F2N6O3S/c1-26-14-19-12(24)10(13(25)20-14)11(23)18-5-2-6(15)9(7(16)3-5)8-4-17-22-21-8/h2-4H,1H3,(H,18,23)(H,17,21,22)(H2,19,20,24,25)";"False";"-1";"['BDBM499663']";"['US11020397, Compound Formula-(IIu)']"
"CHEMBL5825640";"";"";"";"";"303.23";"1";"3";"-0.81";"163.70";"5";"6";"1";"2";"N";"0.36";"3";"MOL";"-1";"22";"-1.33";"C12H9N5O5";"O=C(Nc1ccc2[nH]c(=O)[nH]c2c1)c1c(O)[nH]c(=O)[nH]c1=O";"OAFVABFRKXVKPX-UHFFFAOYSA-N";"InChI=1S/C12H9N5O5/c18-8(7-9(19)16-12(22)17-10(7)20)13-4-1-2-5-6(3-4)15-11(21)14-5/h1-3H,(H,13,18)(H2,14,15,21)(H3,16,17,19,20,22)";"False";"-1";"['BDBM524223']";"['US11168075, Compound Formula (IVa)']"
"CHEMBL445560";"STEREQUINONE F";"";"Small molecule";"";"292.33";"2";"2";"3.29";"51.21";"3";"0";"0";"3";"N";"0.74";"2";"MOL";"-1";"22";"0.69";"C19H16O3";"CC(=O)CCc1ccc2c(c1C)C(=O)c1ccccc1C2=O";"ATBNRRNSAIGYLC-UHFFFAOYSA-N";"InChI=1S/C19H16O3/c1-11(20)7-8-13-9-10-16-17(12(13)2)19(22)15-6-4-3-5-14(15)18(16)21/h3-6,9-10H,7-8H2,1-2H3";"False";"-1";"['1']";"['sterequinone F']"
"CHEMBL5433965";"";"";"";"";"247.29";"1";"1";"2.99";"51.32";"3";"1";"0";"4";"N";"0.84";"2";"MOL";"-1";"18";"-0.87";"C14H17NO3";"COC(=O)c1cc2cc(OCC(C)C)ccc2[nH]1";"LYKDTMPYXIMRAI-UHFFFAOYSA-N";"InChI=1S/C14H17NO3/c1-9(2)8-18-11-4-5-12-10(6-11)7-13(15-12)14(16)17-3/h4-7,9,15H,8H2,1-3H3";"False";"-1";"['79']";"['methyl 5-isobutoxy-1H-indole-2-carboxylate']"
"CHEMBL4074787";"";"";"Small molecule";"";"282.26";"1";"2";"0.97";"100.96";"6";"2";"0";"2";"N";"0.57";"4";"MOL";"-1";"21";"-1.58";"C13H10N6O2";"COc1ccc(-c2nc3c4cn[nH]c4[nH]c(=O)n3n2)cc1";"FSSWJEYFRYIGKG-UHFFFAOYSA-N";"InChI=1S/C13H10N6O2/c1-21-8-4-2-7(3-5-8)10-15-12-9-6-14-17-11(9)16-13(20)19(12)18-10/h2-6H,1H3,(H2,14,16,17,20)";"False";"-1";"['234']";"['2-(4-methoxyphenyl)-6,7-dihydro-5H-pyrazolo[4,3-e][1,2,4]triazolo[1,5-c]pyrimidin-5-one']"
"CHEMBL5433208";"";"";"";"";"264.29";"1";"1";"2.74";"71.53";"4";"1";"0";"3";"N";"0.74";"3";"MOL";"-1";"20";"-1.28";"C15H12N4O";"CC(=O)c1ccc(-c2ccc(-c3nnn[nH]3)cc2)cc1";"LEMWEBGBDQGPAM-UHFFFAOYSA-N";"InChI=1S/C15H12N4O/c1-10(20)11-2-4-12(5-3-11)13-6-8-14(9-7-13)15-16-18-19-17-15/h2-9H,1H3,(H,16,17,18,19)";"False";"-1";"['IIh']";"["1-(4'-(1H-tetrazol-5-yl)-[1,1'-biphenyl]-4-yl)ethan-1-one"]"
"CHEMBL4088866";"";"";"Small molecule";"";"827.02";"1";"1";"2.26";"242.13";"14";"8";"3";"8";"N";"0.16";"0";"MOL";"-1";"58";"2.55";"C43H70O15";"CC(=O)OC[C@H]1O[C@@H](OC[C@]2(C)[C@@H]3CC[C@]4(C)[C@H](CC[C@@H]5[C@@H]6C[C@](C)(O)CC[C@]6(C(=O)O)CC[C@]54C)[C@@]3(C)CC[C@@H]2O)[C@H](O[C@@H]2O[C@@H](C)[C@@H](O)[C@@H](O)[C@@H]2O)[C@@H](O)[C@@H]1O";"LSFMDCUYMNKQPX-FWUCHLFISA-N";"InChI=1S/C43H70O15/c1-21-29(46)31(48)33(50)35(56-21)58-34-32(49)30(47)25(19-54-22(2)44)57-36(34)55-20-40(5)26-10-13-42(7)27(39(26,4)12-11-28(40)45)9-8-23-24-18-38(3,53)14-16-43(24,37(51)52)17-15-41(23,42)6/h21,23-36,45-50,53H,8-20H2,1-7H3,(H,51,52)/t21-,23+,24-,25+,26+,27+,28-,29+,30+,31+,32-,33-,34+,35-,36+,38+,39-,40+,41+,42+,43-/m0/s1";"False";"-1";"['4']";"['3beta,20alpha,24-trihydroxy-29-norolean-12-en-28-oic acid 24-O-beta-L-fucopyranosyl-(1->2)-6-O-acetyl-beta-D-glucopyranoside']"
"CHEMBL5973769";"";"";"";"";"419.44";"2";"6";"1.31";"139.89";"8";"4";"0";"7";"N";"0.33";"3";"MOL";"-1";"29";"-2.14";"C17H18FN7O3S";"CN(C)CCSc1nc(O)c(C(=O)Nc2ccc(-c3c[nH]nn3)cc2F)c(=O)[nH]1";"WWEHHUOPPBZVLZ-UHFFFAOYSA-N";"InChI=1S/C17H18FN7O3S/c1-25(2)5-6-29-17-21-15(27)13(16(28)22-17)14(26)20-11-4-3-9(7-10(11)18)12-8-19-24-23-12/h3-4,7-8H,5-6H2,1-2H3,(H,20,26)(H,19,23,24)(H2,21,22,27,28)";"False";"-1";"['BDBM499671']";"['US11020397, Compound Formula-(IIbb)']"
"CHEMBL5187940";"";"";"";"";"331.33";"1";"1";"3.29";"96.10";"5";"1";"0";"5";"N";"0.77";"3";"MOL";"-1";"25";"-1.13";"C19H13N3O3";"N#Cc1cc(-c2ncc(C(=O)O)cn2)ccc1OCc1ccccc1";"FNASDEOZKMHGGC-UHFFFAOYSA-N";"InChI=1S/C19H13N3O3/c20-9-15-8-14(18-21-10-16(11-22-18)19(23)24)6-7-17(15)25-12-13-4-2-1-3-5-13/h1-8,10-11H,12H2,(H,23,24)";"False";"-1";"['11e']";"['2-(4-benzyloxy-3-cyano)phenylpyrimidine-5-carboxylic acid']"
"CHEMBL5596181";"";"";"";"";"279.30";"2";"2";"3.12";"81.32";"3";"2";"0";"2";"N";"0.88";"2";"MOL";"-1";"21";"-0.26";"C17H13NO3";"N#Cc1cc2c(c(-c3ccc(C(=O)O)c(O)c3)c1)CCC2";"SXMDDHKMAJBBQQ-UHFFFAOYSA-N";"InChI=1S/C17H13NO3/c18-9-10-6-11-2-1-3-13(11)15(7-10)12-4-5-14(17(20)21)16(19)8-12/h4-8,19H,1-3H2,(H,20,21)";"False";"-1";"['19']";"['4-(6-Cyano-2,3-dihydro-1H-inden-4-yl)-2-hydroxybenzoic Acid']"
"CHEMBL5196248";"";"";"";"";"424.90";"2";"2";"4.47";"78.90";"6";"0";"0";"9";"N";"0.26";"2";"MOL";"-1";"28";"-0.35";"C20H21ClO6S";"CCCCOC(=O)/C=C/c1ccc(OS(=O)(=O)c2ccc(Cl)cc2)c(OC)c1";"BGVPFVABZXDGQP-WUXMJOGZSA-N";"InChI=1S/C20H21ClO6S/c1-3-4-13-26-20(22)12-6-15-5-11-18(19(14-15)25-2)27-28(23,24)17-9-7-16(21)8-10-17/h5-12,14H,3-4,13H2,1-2H3/b12-6+";"False";"-1";"['F9']";"['butyl 3-(4-(((4-chlorophenyl)sulfonyl)oxy)-3-methoxyphenyl)acrylate']"
"CHEMBL5437185";"";"";"";"";"385.45";"1";"1";"3.31";"97.37";"7";"1";"0";"8";"N";"0.60";"3";"MOL";"-1";"27";"-1.98";"C19H19N3O4S";"COCCOCCn1cc(C#N)c2cc(-c3nc(C)c(C(=O)O)s3)ccc21";"OLCVVYVKLHVGCC-UHFFFAOYSA-N";"InChI=1S/C19H19N3O4S/c1-12-17(19(23)24)27-18(21-12)13-3-4-16-15(9-13)14(10-20)11-22(16)5-6-26-8-7-25-2/h3-4,9,11H,5-8H2,1-2H3,(H,23,24)";"False";"-1";"['68']";"['2-(3-cyano-1-(2-(2-methoxyethoxy)ethyl)-1H-indol-5-yl)-4-methylthiazole-5-carboxylic acid']"
"CHEMBL5410719";"";"";"";"";"268.11";"1";"1";"3.03";"42.09";"2";"1";"0";"1";"N";"0.81";"2";"MOL";"-1";"15";"-0.80";"C11H10BrNO2";"COC(=O)c1cc2cc(C)cc(Br)c2[nH]1";"PDKMLGPTAUSLSJ-UHFFFAOYSA-N";"InChI=1S/C11H10BrNO2/c1-6-3-7-5-9(11(14)15-2)13-10(7)8(12)4-6/h3-5,13H,1-2H3";"False";"-1";"['78']";"['methyl 7-bromo-5-methyl-1H-indole-2-carboxylate']"
"CHEMBL3972131";"";"";"Small molecule";"";"352.44";"2";"2";"2.23";"78.67";"5";"2";"0";"5";"N";"0.64";"2";"MOL";"-1";"26";"-1.46";"C20H24N4O2";"CC(=O)c1ccc(NCC(=O)N2CCN(c3ccc(N)cc3)CC2)cc1";"KYVDSTYQWDSAQB-UHFFFAOYSA-N";"InChI=1S/C20H24N4O2/c1-15(25)16-2-6-18(7-3-16)22-14-20(26)24-12-10-23(11-13-24)19-8-4-17(21)5-9-19/h2-9,22H,10-14,21H2,1H3";"False";"-1";"['BDBM244061']";"['US9428478, TG6-144-2']"
"CHEMBL6015210";"";"";"";"";"248.20";"2";"6";"-0.58";"127.94";"5";"4";"0";"2";"N";"0.56";"2";"MOL";"-1";"18";"-1.38";"C10H8N4O4";"O=C(Nc1ccncc1)c1c(O)[nH]c(=O)[nH]c1=O";"AKVPULQDSJJKMY-UHFFFAOYSA-N";"InChI=1S/C10H8N4O4/c15-7(12-5-1-3-11-4-2-5)6-8(16)13-10(18)14-9(6)17/h1-4H,(H,11,12,15)(H3,13,14,16,17,18)";"False";"-1";"['BDBM37950']";"['US10093631, Compound Formula (Ik)']"
"CHEMBL5175675";"";"";"";"";"387.44";"1";"1";"4.59";"96.10";"5";"1";"0";"5";"N";"0.69";"3";"MOL";"-1";"29";"-1.18";"C23H21N3O3";"CC(C)(C)c1ccc(COc2ccc(-c3ncc(C(=O)O)cn3)cc2C#N)cc1";"MKGUIZJCTXCEOO-UHFFFAOYSA-N";"InChI=1S/C23H21N3O3/c1-23(2,3)19-7-4-15(5-8-19)14-29-20-9-6-16(10-17(20)11-24)21-25-12-18(13-26-21)22(27)28/h4-10,12-13H,14H2,1-3H3,(H,27,28)";"False";"-1";"['11j']";"['2-{3-cyano-4-(4-(tert-butyl)benzyloxy)}phenylpyrimidine-5-carboxylic acid']"
"CHEMBL3980488";"";"";"Small molecule";"";"367.45";"2";"2";"2.66";"61.88";"5";"1";"0";"6";"N";"0.80";"2";"MOL";"-1";"27";"-1.46";"C21H25N3O3";"COc1ccc(N2CCN(C(=O)CNc3ccc(C(C)=O)cc3)CC2)cc1";"PDUZMCJPSVQAHF-UHFFFAOYSA-N";"InChI=1S/C21H25N3O3/c1-16(25)17-3-5-18(6-4-17)22-15-21(26)24-13-11-23(12-14-24)19-7-9-20(27-2)10-8-19/h3-10,22H,11-15H2,1-2H3";"False";"-1";"['BDBM244054']";"['US9428478, TG2-150']"
"CHEMBL4067652";"";"";"Small molecule";"";"1351.49";"1";"1";"None";"None";"None";"None";"None";"None";"None";"None";"None";"MOL";"-1";"None";"None";"C64H102O30";"C=C1CC[C@]2(C(=O)O[C@@H]3O[C@H](CO[C@@H]4O[C@H](CO)[C@@H](O[C@@H]5O[C@@H](C)[C@H](O)[C@@H](O)[C@H]5O)[C@H](O)[C@H]4O)[C@@H](O)[C@H](O)[C@H]3O)CC[C@]3(C)C(=CC[C@@H]4[C@@]5(C)CC[C@H](O[C@@H]6O[C@H](CO)[C@@H](O)[C@H](O[C@@H]7OC[C@H](O)[C@H](O)[C@H]7O[C@@H]7O[C@@H](C)[C@H](O)[C@@H](O)[C@H]7O)[C@H]6O)C(C)(C)[C@@H]5CC[C@]43C)[C@@H]2C1";"UJQGHJBZCXNROA-SJKGZIKISA-N";"InChI=1S/C64H102O30/c1-24-11-16-64(59(82)94-56-47(79)43(75)39(71)32(89-56)23-84-53-48(80)44(76)50(31(21-66)88-53)91-54-45(77)41(73)36(68)25(2)85-54)18-17-62(7)27(28(64)19-24)9-10-34-61(6)14-13-35(60(4,5)33(61)12-15-63(34,62)8)90-57-49(81)51(40(72)30(20-65)87-57)92-58-52(38(70)29(67)22-83-58)93-55-46(78)42(74)37(69)26(3)86-55/h9,25-26,28-58,65-81H,1,10-23H2,2-8H3/t25-,26-,28-,29-,30+,31+,32+,33-,34+,35-,36-,37-,38-,39+,40+,41+,42+,43-,44+,45+,46+,47+,48+,49+,50+,51-,52+,53+,54-,55-,56-,57-,58-,61-,62+,63+,64-/m0/s1";"False";"-1";"['5; YM9']";"['(4aS,6aS,6bR,8aR,10S,12aR,12bR,14bS)-((2S,3R,4S,5S,6R)-6-(((2R,3R,4R,5S,6R)-3,4-dihydroxy-6-(hydroxymethyl)-5-((2S,3R,4R,5R,6S)-3,4,5-trihydroxy-6-methyltetrahydro-2H-pyran-2-yloxy)tetrahydro-2H-pyran-2-yloxy)methyl)-3,4,5-trihydroxytetrahydro-2H-pyran-2-yl) 10-((2R,3R,4S,5R,6R)-4-((2S,3R,4S,5S)-4,5-dihydroxy-3-((2S,3R,4R,5R,6S)-3,4,5-trihydroxy-6-methyltetrahydro-2H-pyran-2-yloxy)tetrahydro-2H-pyran-2-yloxy)-3,5-dihydroxy-6-(hydroxymethyl)tetrahydro-2H-pyran-2-yloxy)-6a,6b,9,9,12a-pentamethyl-2-methylene-1,2,3,4,4a,5,6,6a,6b,7,8,8a,9,10,11,12,12a,12b,13,14b-icosahydropicene-4a-carboxylate']"
"CHEMBL5174713";"";"";"";"";"347.38";"1";"1";"2.81";"103.57";"5";"2";"0";"4";"N";"0.71";"3";"MOL";"-1";"26";"-1.20";"C19H17N5O2";"CC(C)=CCn1cc(C#N)c2cc(NC(=O)c3cc(=O)[nH]cn3)ccc21";"CMLPDPONKNKCDC-UHFFFAOYSA-N";"InChI=1S/C19H17N5O2/c1-12(2)5-6-24-10-13(9-20)15-7-14(3-4-17(15)24)23-19(26)16-8-18(25)22-11-21-16/h3-5,7-8,10-11H,6H2,1-2H3,(H,23,26)(H,21,22,25)";"False";"-1";"['13k']";"['N-(3-cyano-1-(3-methylbut-2-en-1-yl)-1H-indol-5-yl]-6-oxo-1,6-dihydropyrimidine-4-carboxamide']"
"CHEMBL4229154";"";"";"Small molecule";"";"359.18";"1";"1";"4.17";"64.69";"5";"0";"0";"3";"N";"0.40";"3";"MOL";"-1";"22";"-1.11";"C16H11BrN2O3";"C/C(=N\OC(=O)c1ccccc1Br)c1nc2ccccc2o1";"LTZNAMGFSYKBIU-VXLYETTFSA-N";"InChI=1S/C16H11BrN2O3/c1-10(15-18-13-8-4-5-9-14(13)21-15)19-22-16(20)11-6-2-3-7-12(11)17/h2-9H,1H3/b19-10+";"False";"-1";"['7d']";"['(E)-1-(Benzo[d]oxazol-2-yl)ethanone O-(2-bromobenzoyl)oxime']"
"CHEMBL5183372";"";"";"";"";"345.36";"1";"1";"3.60";"96.10";"5";"1";"0";"5";"N";"0.76";"3";"MOL";"-1";"26";"-1.19";"C20H15N3O3";"Cc1ccc(COc2ccc(-c3nccc(C(=O)O)n3)cc2C#N)cc1";"VTXGCPSPQLRYGL-UHFFFAOYSA-N";"InChI=1S/C20H15N3O3/c1-13-2-4-14(5-3-13)12-26-18-7-6-15(10-16(18)11-21)19-22-9-8-17(23-19)20(24)25/h2-10H,12H2,1H3,(H,24,25)";"False";"-1";"['15i']";"['2-[3-cyano-4-(4-methylbenzyloxy)]phenylpyrimidine-4-carboxylic acid']"
"CHEMBL5591476";"";"";"";"";"545.65";"1";"1";"4.50";"115.42";"9";"1";"1";"6";"N";"0.32";"5";"MOL";"-1";"38";"-2.15";"C27H23N5O4S2";"Cc1c(/N=C/c2ccc(C(=O)Nc3nc4ccc(S(C)(=O)=O)cc4s3)cc2)c(=O)n(-c2ccccc2)n1C";"CMBFNJSNCGNIDC-LQKURTRISA-N";"InChI=1S/C27H23N5O4S2/c1-17-24(26(34)32(31(17)2)20-7-5-4-6-8-20)28-16-18-9-11-19(12-10-18)25(33)30-27-29-22-14-13-21(38(3,35)36)15-23(22)37-27/h4-16H,1-3H3,(H,29,30,33)/b28-16+";"False";"-1";"['82']";"['4-(((1,5-dimethyl-3-oxo-2-phenyl-2,3-dihydro-1H-pyrazol-4-yl)imino)methyl)-N-(6-(methylsulfonyl)benzo[d]thiazol-2-yl)benzamide']"
"CHEMBL5191800";"";"";"";"";"387.44";"1";"1";"4.59";"96.10";"5";"1";"0";"5";"N";"0.69";"3";"MOL";"-1";"29";"-1.19";"C23H21N3O3";"CC(C)(C)c1ccc(COc2ccc(-c3nccc(C(=O)O)n3)cc2C#N)cc1";"GHQUQCWGXBGLDW-UHFFFAOYSA-N";"InChI=1S/C23H21N3O3/c1-23(2,3)18-7-4-15(5-8-18)14-29-20-9-6-16(12-17(20)13-24)21-25-11-10-19(26-21)22(27)28/h4-12H,14H2,1-3H3,(H,27,28)";"False";"-1";"['15j']";"['2-{4-[4-(tert-butyl)benzyloxy]-3-cyano}phenylpyrimidine-4-carboxylic acid']"
"CHEMBL5598004";"";"";"";"";"347.25";"2";"2";"4.39";"94.46";"4";"2";"0";"2";"N";"0.72";"3";"MOL";"-1";"25";"-0.43";"C17H8F3NO4";"N#Cc1cc(-c2ccc(C(=O)O)c(O)c2)c2occ(C(F)(F)F)c2c1";"WGWAXTKFKUMRKZ-UHFFFAOYSA-N";"InChI=1S/C17H8F3NO4/c18-17(19,20)13-7-25-15-11(3-8(6-21)4-12(13)15)9-1-2-10(16(23)24)14(22)5-9/h1-5,7,22H,(H,23,24)";"False";"-1";"['23']";"['4-(5-Cyano-3-(trifluoromethyl)benzofuran-7-yl)-2-hydroxybenzoic Acid']"
"CHEMBL5192008";"";"";"";"";"355.38";"1";"2";"3.10";"107.82";"6";"1";"0";"5";"N";"0.50";"2";"MOL";"-1";"25";"-1.47";"C17H13N3O4S";"NC1=NC(=O)/C(=C/c2cccc(OCc3ccc([N+](=O)[O-])cc3)c2)S1";"LOJWLOJPFCINOY-DHDCSXOGSA-N";"InChI=1S/C17H13N3O4S/c18-17-19-16(21)15(25-17)9-12-2-1-3-14(8-12)24-10-11-4-6-13(7-5-11)20(22)23/h1-9H,10H2,(H2,18,19,21)/b15-9-";"False";"-1";"['XO-28']";"['(Z)-2-amino-5-(3-((4-nitrobenzyl)oxy)benzylidene)thiazol-4(5H)-one']"
"CHEMBL5185716";"";"";"";"";"349.32";"1";"1";"3.43";"96.10";"5";"1";"0";"5";"N";"0.76";"3";"MOL";"-1";"26";"-1.38";"C19H12FN3O3";"N#Cc1cc(-c2ncc(C(=O)O)cn2)ccc1OCc1ccc(F)cc1";"ATIVVUSDXINRMQ-UHFFFAOYSA-N";"InChI=1S/C19H12FN3O3/c20-16-4-1-12(2-5-16)11-26-17-6-3-13(7-14(17)8-21)18-22-9-15(10-23-18)19(24)25/h1-7,9-10H,11H2,(H,24,25)";"False";"-1";"['11f']";"['2-[3-cyano-4-(4-fluorobenzyloxy)]phenylpyrimidine-5-carboxylic acid']"
"CHEMBL4175403";"";"";"Small molecule";"";"596.54";"1";"1";"-2.19";"245.29";"15";"9";"3";"7";"N";"0.16";"2";"MOL";"-1";"42";"1.98";"C27H32O15";"O=C1C[C@H](c2ccc(O)cc2)Oc2cc(O)cc(O[C@@H]3O[C@H](CO)[C@@H](O)[C@H](O)[C@H]3O[C@@H]3O[C@H](CO)[C@@H](O)[C@H](O)[C@H]3O)c21";"KIQQKSZGGUYBLS-FXINVYLVSA-N";"InChI=1S/C27H32O15/c28-8-17-20(33)22(35)24(37)26(40-17)42-25-23(36)21(34)18(9-29)41-27(25)39-16-6-12(31)5-15-19(16)13(32)7-14(38-15)10-1-3-11(30)4-2-10/h1-6,14,17-18,20-31,33-37H,7-9H2/t14-,17-,18-,20-,21-,22+,23+,24-,25-,26+,27-/m1/s1";"False";"-1";"['7']";"['Naringenin 5-O-sophoroside']"
"CHEMBL3740712";"";"";"Small molecule";"";"332.26";"2";"4";"3.32";"41.03";"4";"1";"0";"4";"N";"0.87";"2";"MOL";"-1";"20";"-1.66";"C13H15Cl2N3OS";"CN(C)CCCn1c(=S)[nH]c2c(Cl)cc(Cl)cc2c1=O";"ZSEBVJSZCJUTSF-UHFFFAOYSA-N";"InChI=1S/C13H15Cl2N3OS/c1-17(2)4-3-5-18-12(19)9-6-8(14)7-10(15)11(9)16-13(18)20/h6-7H,3-5H2,1-2H3,(H,16,20)";"False";"-1";"['1h']";"['6,7-dimethyl-1,3-dimethylene-2-(4-methylpentyl)-1,2,3,4-tetrahydronaphthalene']"
"CHEMBL52564";"O-COUMARIC ACID";"";"Small molecule";"";"164.16";"39";"63";"1.49";"57.53";"2";"2";"0";"2";"Y";"0.65";"1";"MOL";"-1";"12";"0.58";"C9H8O3";"O=C(O)/C=C/c1ccccc1O";"PMOWTIHVNWZYFI-AATRIKPKSA-N";"InChI=1S/C9H8O3/c10-8-4-2-1-3-7(8)5-6-9(11)12/h1-6,10H,(H,11,12)/b6-5+";"False";"-1";"['3', '8', '26', '10a', '7', '1c, 2-coumaric acid', '7', '12', '2-Hydroxycinnamic acid', 'o-coumaric acid', 'trans-o-Coumaric acid (35)', '19', 'Ia', 'PHE10', '24', '4a', 'o-coumaric acid', '8', '1', '29', 'o-Coumaric acid', 'NP-3', '2-OH-cinnamic acid', '11b']";"['(E)-3-(2-Hydroxy-phenyl)-acrylic acid', '(E)-2-Hydroxycinnamic acid', '(E)-coumarinic acid', '2-hydroxy-trans-cinnamic acid', '2-Hydroxycinnamic acid', '2-hydroxycinnamic acid', 'O-coumaric acid', '3-(2-Hydroxyphenyl)prop-2-enoic Acid', '2-Hydroxycinnamic acid', 'o-coumaric acid', '(E)-3-(2-Hydroxy-phenyl)-acrylic acid', '(E)-3-(2-Hydroxy-phenyl)-acrylic acid', '(E)-3-(2-Hydroxy-phenyl)-acrylic acid', 'o-Coumaric acid', '2-hydroxycinnamic acid', '(E)-3-(2-Hydroxy-phenyl)-acrylic acid', '3-(2-hydroxyphenyl)acrylic acid', 'O-coumaric acid', '3-(2-hydroxyphenyl)acrylic acid', 'trans-3-(2-hydroxyphenyl)acrylic acid', 'o-Coumaric acid', '(E)-3-(2-hydroxyphenyl)acrylic acid', '2-OH-cinnamic acid', '3-(2-hydroxyphenyl)acrylic acid']"
"CHEMBL2316142";"";"";"Small molecule";"";"368.86";"6";"8";"5.58";"35.53";"3";"0";"1";"4";"N";"0.66";"2";"MOL";"-1";"26";"-0.64";"C22H21ClO3";"COc1cc(/C=C2\CCC/C(=C\c3ccccc3Cl)C2=O)cc(OC)c1";"HTECUFCXSIPTNC-YAUBYZHOSA-N";"InChI=1S/C22H21ClO3/c1-25-19-11-15(12-20(14-19)26-2)10-17-7-5-8-18(22(17)24)13-16-6-3-4-9-21(16)23/h3-4,6,9-14H,5,7-8H2,1-2H3/b17-10+,18-13+";"False";"-1";"['BDBM50424973', 'I3', '4b']";"['CHEMBL2316142::US9409845, Table 1, Compound 3: (2E,6E)-2-(3,5-dimethoxybenzylidene)-6-(2-chlorobenzylidene)cyclohexanone', '(2E,6E)-2-(2-Chlorobenzylidene)-6-(3,5-dimethoxybenzylidene)cyclohexanone', '(2E,6E)-2-(2-Chlorobenzylidene)-6-(3,5-dimethoxybenzylidene)cyclohexanone']"
"CHEMBL5998338";"";"";"";"";"372.71";"1";"3";"None";"None";"None";"None";"None";"None";"None";"None";"None";"MOL";"-1";"None";"None";"C15H16ClNO3Se";"Cc1nc(-c2ccc(OCC(C)C)c(Cl)c2)[se]c1C(=O)O";"DMXWCSUBOUNUTQ-UHFFFAOYSA-N";"InChI=1S/C15H16ClNO3Se/c1-8(2)7-20-12-5-4-10(6-11(12)16)14-17-9(3)13(21-14)15(18)19/h4-6,8H,7H2,1-3H3,(H,18,19)";"False";"-1";"['BDBM352063']";"['US9802907, Compound 51']"
"CHEMBL5196602";"";"";"";"";"309.33";"1";"1";"2.22";"107.45";"5";"2";"0";"4";"N";"0.77";"3";"MOL";"-1";"23";"-1.24";"C16H15N5O2";"CC(C)COc1ccc(-c2ncc3c(=O)[nH][nH]c3n2)cc1C#N";"WCGNBOGQZBWIQF-UHFFFAOYSA-N";"InChI=1S/C16H15N5O2/c1-9(2)8-23-13-4-3-10(5-11(13)6-17)14-18-7-12-15(19-14)20-21-16(12)22/h3-5,7,9H,8H2,1-2H3,(H2,18,19,20,21,22)";"False";"-1";"['19b']";"['6-(3-cyano-4-isobutoxyphenyl)-1,2-dihydro-3H-pyrazolo[3,4-d]pyrimidin-3-one']"
"CHEMBL4792232";"";"";"Unknown";"";"294.31";"3";"9";"2.97";"87.61";"5";"1";"0";"2";"N";"0.79";"3";"MOL";"-1";"22";"-1.25";"C16H14N4O2";"N#Cc1cn(C2CCCC2)c2ccc(-c3noc(=O)[nH]3)cc12";"DLCGGKMVKHIBSQ-UHFFFAOYSA-N";"InChI=1S/C16H14N4O2/c17-8-11-9-20(12-3-1-2-4-12)14-6-5-10(7-13(11)14)15-18-16(21)22-19-15/h5-7,9,12H,1-4H2,(H,18,19,21)";"False";"-1";"['1h', 'GJ-lh']";"['1-Cyclopentyl-5-(5-oxo-4,5-dihydro-1,2,4-oxadiazol-3-yl)-1H-indole-3-carbonitrile', '1-cyclopentyl-5-(5-oxo-4,5-dihydro-1,2,4-oxadiazol-3-yl)-1H-indole-3-carbonitrile']"
"CHEMBL3247912";"";"";"Small molecule";"";"257.25";"1";"1";"1.11";"99.08";"7";"2";"0";"2";"N";"0.71";"3";"MOL";"-1";"19";"-1.20";"C12H11N5O2";"COc1cccc(-n2cnc3c(O)nc(N)nc32)c1";"PORZPMDIMVYQJC-UHFFFAOYSA-N";"InChI=1S/C12H11N5O2/c1-19-8-4-2-3-7(5-8)17-6-14-9-10(17)15-12(13)16-11(9)18/h2-6H,1H3,(H3,13,15,16,18)";"False";"-1";"['Table VIII R8C1']";"['2-amino-9-(3-methoxyphenyl)-9H-purin-6-ol']"
"CHEMBL5423985";"";"";"";"";"313.14";"1";"1";"2.43";"57.69";"3";"0";"0";"1";"N";"0.59";"1";"MOL";"-1";"20";"-1.39";"C13H10Cl2N2O3";"CN1C(=O)C(=Cc2ccc(Cl)cc2Cl)C(=O)N(C)C1=O";"KCADHSMAIRDXNJ-UHFFFAOYSA-N";"InChI=1S/C13H10Cl2N2O3/c1-16-11(18)9(12(19)17(2)13(16)20)5-7-3-4-8(14)6-10(7)15/h3-6H,1-2H3";"False";"-1";"['3']";"['5-(2,4-dichlorobenzylidene)-1,3-dimethylpyrimidine-2,4,6(1H,3H,5H)-trione']"
"CHEMBL5436777";"";"";"";"";"359.41";"2";"3";"2.83";"103.02";"8";"1";"0";"6";"N";"0.72";"3";"MOL";"-1";"25";"-2.38";"C16H17N5O3S";"Cc1nc(-c2ccc(OCC(C)C)c(-n3cnnn3)c2)sc1C(=O)O";"DKEWYKIZSPDHOY-UHFFFAOYSA-N";"InChI=1S/C16H17N5O3S/c1-9(2)7-24-13-5-4-11(6-12(13)21-8-17-19-20-21)15-18-10(3)14(25-15)16(22)23/h4-6,8-9H,7H2,1-3H3,(H,22,23)";"False";"-1";"['118']";"['2-(4-isobutoxy-3-(1H-tetrazol-1-yl)phenyl)-4-methylthiazole-5-carboxylic acid']"
"CHEMBL1887422";"";"";"Small molecule";"";"261.19";"20";"25";"0.34";"118.41";"5";"2";"0";"2";"N";"0.34";"1";"MOL";"-1";"19";"-1.16";"C11H7N3O5";"O=C1NC(=O)C(=Cc2ccccc2[N+](=O)[O-])C(=O)N1";"QDAXQIQSXPIHRT-UHFFFAOYSA-N";"InChI=1S/C11H7N3O5/c15-9-7(10(16)13-11(17)12-9)5-6-3-1-2-4-8(6)14(18)19/h1-5H,(H2,12,13,15,16,17)";"False";"-1";"['SID92764314', '2d']";"['SID92764314', '5-(2-Nitrobenzylidene)pyrimidine-2,4,6(1H,3H,5H)-trione']"
"CHEMBL5413164";"";"";"";"";"224.23";"1";"1";"1.32";"80.24";"5";"1";"0";"2";"N";"0.71";"3";"MOL";"-1";"17";"-1.74";"C11H8N6";"c1ncc(-c2ccc(-c3nnn[nH]3)cc2)cn1";"XJIVYFWHVFOGGL-UHFFFAOYSA-N";"InChI=1S/C11H8N6/c1-3-9(11-14-16-17-15-11)4-2-8(1)10-5-12-7-13-6-10/h1-7H,(H,14,15,16,17)";"False";"-1";"['IIo']";"['5-(4-(1H-tetrazol-5-yl)phenyl)pyrimidine']"
"CHEMBL486027";"METHYL PROTOCATECHUATE";"";"Small molecule";"";"168.15";"20";"53";"0.88";"66.76";"4";"2";"0";"1";"N";"0.48";"1";"MOL";"-1";"12";"0.50";"C8H8O4";"COC(=O)c1ccc(O)c(O)c1";"CUFLZUDASVUNOE-UHFFFAOYSA-N";"InChI=1S/C8H8O4/c1-12-8(11)5-2-3-6(9)7(10)4-5/h2-4,9-10H,1H3";"False";"-1";"['1', '3a', '17', '5b', '11', 'methyl 3,4-dihydroxybenzoate', 'Fig 4, Cpd E-1; Fig 5, R1C5', '20', '9', 'Table 2, R17C1', 'B36', '20; HE9', 'Table 1, R18C1']";"['Protocatechuic acid methyl ester', 'methyl 3,4-dihydroxybenzoate', 'methyl 3,4-dihydroxybenzoate', 'Methyl 3,4-dihydroxybenzoate', 'Methyl protocatechuate', 'methyl 3,4-dihydroxybenzoate', 'methyl 3,4-dihydroxybenzoate', 'methyl 3,4-dihydroxybenzoate', '3,4-dihydroxymethylbenzoate', 'methyl 3,4-dihydroxybenzoate', 'methyl 3,4-dihydroxybenzoate', 'methyl 3,4-dihydroxybenzoate', 'Protocatechuic acid methyl ester']"
"CHEMBL4160301";"";"";"Small molecule";"";"462.41";"1";"1";"0.10";"190.28";"11";"7";"2";"4";"N";"0.26";"3";"MOL";"-1";"33";"1.93";"C22H22O11";"COc1cc2oc(-c3ccc(O)c(O)c3)cc(=O)c2c(O)c1[C@@H]1O[C@H](CO)[C@@H](O)[C@H](O)[C@H]1O";"DLVLXOYLQKCAME-DGHBBABESA-N";"InChI=1S/C22H22O11/c1-31-13-6-14-16(11(26)5-12(32-14)8-2-3-9(24)10(25)4-8)19(28)17(13)22-21(30)20(29)18(27)15(7-23)33-22/h2-6,15,18,20-25,27-30H,7H2,1H3/t15-,18-,20+,21-,22+/m1/s1";"False";"-1";"['9']";"['Swertiajaponin']"
"CHEMBL5597556";"";"";"";"";"263.25";"2";"2";"3.67";"74.23";"3";"1";"0";"2";"N";"0.77";"3";"MOL";"-1";"20";"-0.24";"C16H9NO3";"N#Cc1cc(-c2ccc(C(=O)O)cc2)c2occc2c1";"AQEJVMNRRSANFM-UHFFFAOYSA-N";"InChI=1S/C16H9NO3/c17-9-10-7-13-5-6-20-15(13)14(8-10)11-1-3-12(4-2-11)16(18)19/h1-8H,(H,18,19)";"False";"-1";"['20']";"['4-(5-Cyanobenzofuran-7-yl)benzoic Acid']"
"CHEMBL5196996";"";"";"";"";"410.23";"1";"1";"4.05";"96.10";"5";"1";"0";"5";"N";"0.68";"3";"MOL";"-1";"26";"-1.19";"C19H12BrN3O3";"N#Cc1cc(-c2nccc(C(=O)O)n2)ccc1OCc1ccc(Br)cc1";"KBHIUPGQIQGDDF-UHFFFAOYSA-N";"InChI=1S/C19H12BrN3O3/c20-15-4-1-12(2-5-15)11-26-17-6-3-13(9-14(17)10-21)18-22-8-7-16(23-18)19(24)25/h1-9H,11H2,(H,24,25)";"False";"-1";"['15h']";"['2-[4-(4-bromobenzyloxy)-3-cyano]phenylpyrimidine-4-carboxylic acid']"
"CHEMBL5208413";"";"";"";"";"328.39";"2";"2";"2.39";"78.90";"6";"0";"0";"8";"N";"0.41";"1";"MOL";"-1";"22";"0.05";"C15H20O6S";"CCCCS(=O)(=O)Oc1ccc(/C=C/C(=O)OC)cc1OC";"WQDUQLOUZIDQGC-VQHVLOKHSA-N";"InChI=1S/C15H20O6S/c1-4-5-10-22(17,18)21-13-8-6-12(11-14(13)19-2)7-9-15(16)20-3/h6-9,11H,4-5,10H2,1-3H3/b9-7+";"False";"-1";"['F1']";"['methyl 3-(4-((butylsulfonyl)oxy)-3-methoxyphenyl)acrylate']"
"CHEMBL5431630";"";"";"";"";"289.03";"1";"1";"1.65";"92.95";"4";"1";"0";"1";"N";"0.37";"1";"MOL";"-1";"13";"-1.66";"C7H4IN3O2";"N#Cc1cc([N+](=O)[O-])cc(I)c1N";"AMYPOQXBUHVQHC-UHFFFAOYSA-N";"InChI=1S/C7H4IN3O2/c8-6-2-5(11(12)13)1-4(3-9)7(6)10/h1-2H,10H2";"False";"-1";"['80']";"['2-amino-3-iodo-5-nitrobenzonitrile']"
"CHEMBL3742363";"";"";"Small molecule";"";"267.29";"2";"4";"1.68";"66.89";"4";"2";"0";"2";"N";"0.81";"2";"MOL";"-1";"18";"-1.84";"C11H10FN3O2S";"CCC(=O)Nn1c(=S)[nH]c2ccc(F)cc2c1=O";"BZJSHOHAIGEILL-UHFFFAOYSA-N";"InChI=1S/C11H10FN3O2S/c1-2-9(16)14-15-10(17)7-5-6(12)3-4-8(7)13-11(15)18/h3-5H,2H2,1H3,(H,13,18)(H,14,16)";"False";"-1";"['2a-E']";"['N-(6-fluoro-4-oxo-2-thioxo-1,2-dihydroquinazolin-3(4H)-yl)propionamide']"
"CHEMBL5594294";"";"";"";"";"517.50";"1";"1";"2.38";"186.04";"10";"7";"2";"6";"N";"0.11";"4";"MOL";"-1";"38";"-0.67";"C26H23N5O7";"O=C1CCC(Nc2nc3cc(C(=O)Nc4cc(O)c(O)c(O)c4)ccc3n2Cc2ccc(O)cc2)C(=O)N1";"UYIAQALALNSNKM-UHFFFAOYSA-N";"InChI=1S/C26H23N5O7/c32-16-4-1-13(2-5-16)12-31-19-7-3-14(24(37)27-15-10-20(33)23(36)21(34)11-15)9-18(19)29-26(31)28-17-6-8-22(35)30-25(17)38/h1-5,7,9-11,17,32-34,36H,6,8,12H2,(H,27,37)(H,28,29)(H,30,35,38)";"False";"-1";"['108']";"['2-((2,6-dioxopiperidin-3-yl)amino)-1-(4-hydroxybenzyl)-N-(3,4,5-trihydroxyphenyl)-1H-benzo[d]imidazole-5-carboxamide']"
"CHEMBL5208608";"";"";"";"";"304.35";"1";"1";"3.79";"74.73";"5";"1";"0";"2";"N";"0.78";"3";"MOL";"-1";"23";"-1.22";"C18H16N4O";"N#Cc1cn(C2CCCC2)c2ccc(-c3nccc(O)n3)cc12";"DCDHGYPAMODFAC-UHFFFAOYSA-N";"InChI=1S/C18H16N4O/c19-10-13-11-22(14-3-1-2-4-14)16-6-5-12(9-15(13)16)18-20-8-7-17(23)21-18/h5-9,11,14H,1-4H2,(H,20,21,23)";"False";"-1";"['25g']";"['1-cyclopentyl-5-(6-oxo-1,6-dihydropyrimidin-2-yl)-1H-indole-3-carbonitrile']"
"CHEMBL5408075";"";"";"";"";"365.32";"2";"4";"None";"None";"None";"None";"None";"None";"None";"None";"None";"MOL";"-1";"None";"None";"C15H14N2O2SSe";"Cc1nc(-c2ccc(SC(C)C)c(C#N)c2)[se]c1C(=O)O";"JXWZPOXVTBYQLO-UHFFFAOYSA-N";"InChI=1S/C15H14N2O2SSe/c1-8(2)20-12-5-4-10(6-11(12)7-16)14-17-9(3)13(21-14)15(18)19/h4-6,8H,1-3H3,(H,18,19)";"False";"-1";"['92', 'BDBM352052']";"['2-(3-cyano-4-(isopropylthio)phenyl)-4-methyl-1,3-selenazole-5-carboxylic acid', 'US9802907, Compound 37']"
"CHEMBL6027138";"";"";"";"";"304.27";"1";"3";"-1.10";"156.88";"7";"5";"0";"3";"N";"0.48";"2";"MOL";"-1";"22";"-0.88";"C12H12N6O4";"O=C(NC12CC(c3c[nH]nn3)(C1)C2)c1c(O)nc(O)[nH]c1=O";"TUWXKOFWCGGJNU-UHFFFAOYSA-N";"InChI=1S/C12H12N6O4/c19-7-6(8(20)15-10(22)14-7)9(21)16-12-2-11(3-12,4-12)5-1-13-18-17-5/h1H,2-4H2,(H,16,21)(H,13,17,18)(H3,14,15,19,20,22)";"False";"-1";"['BDBM524219']";"['US11168075, Compound Formula (IIf)']"
"CHEMBL6023080";"";"";"";"";"310.28";"1";"3";"0.47";"148.00";"6";"5";"0";"3";"N";"0.37";"4";"MOL";"-1";"23";"-1.05";"C13H10N8O2";"O=c1[nH]c(=O)c2c(Nc3ccc(-c4cnn[nH]4)cc3)n[nH]c2[nH]1";"JDGYDPGCOWNRGE-UHFFFAOYSA-N";"InChI=1S/C13H10N8O2/c22-12-9-10(19-20-11(9)16-13(23)17-12)15-7-3-1-6(2-4-7)8-5-14-21-18-8/h1-5H,(H,14,18,21)(H4,15,16,17,19,20,22,23)";"False";"-1";"['BDBM524228']";"['US11168075, Compound Formula (VIb)']"
"CHEMBL5593180";"";"";"";"";"751.09";"1";"1";"1.30";"272.72";"17";"8";"3";"8";"N";"0.12";"3";"MOL";"-1";"52";"0.86";"C33H35ClN2O16";"COc1ccc([C@@H]2C/C(=N\c3ccc([N+](=O)[O-])cc3Cl)c3c(O)cc(O[C@H]4O[C@@H](O[C@H]5O[C@@H](C)[C@H](O)[C@@H](O)[C@H]5O)[C@H](O)[C@@H](O)[C@@H]4O)cc3O2)cc1O";"WPYZOASLVZQTCB-HFWFNTOTSA-N";"InChI=1S/C33H35ClN2O16/c1-12-25(39)26(40)28(42)31(48-12)51-33-30(44)27(41)29(43)32(52-33)49-15-9-20(38)24-18(35-17-5-4-14(36(45)46)8-16(17)34)11-22(50-23(24)10-15)13-3-6-21(47-2)19(37)7-13/h3-10,12,22,25-33,37-44H,11H2,1-2H3/b35-18+/t12-,22-,25-,26+,27-,28+,29-,30+,31+,32-,33+/m0/s1";"False";"-1";"['110']";"['(2S,3S,4S,5R,6R)-2-(((S)-4-((2-chloro-4-nitrophenyl)imino)-5-hydroxy-2-(3-hydroxy-4-methoxyphenyl)chroman-7-yl)oxy)-6-(((2R,3R,4R,5R,6S)-3,4,5-trihydroxy-6-methyltetrahydro-2H-pyran-2-yl)oxy)tetrahydro-2H-pyran-3,4,5-triol']"
"CHEMBL5178809";"";"";"";"";"349.32";"1";"1";"3.43";"96.10";"5";"1";"0";"5";"N";"0.76";"3";"MOL";"-1";"26";"-1.38";"C19H12FN3O3";"N#Cc1cc(-c2nccc(C(=O)O)n2)ccc1OCc1ccc(F)cc1";"DYSHGJLVODKDOI-UHFFFAOYSA-N";"InChI=1S/C19H12FN3O3/c20-15-4-1-12(2-5-15)11-26-17-6-3-13(9-14(17)10-21)18-22-8-7-16(23-18)19(24)25/h1-9H,11H2,(H,24,25)";"False";"-1";"['15f']";"['2-[3-cyano-4-(4-fluorobenzyloxy)]phenylpyrimidine-4-carboxylic acid']"
"CHEMBL5179227";"";"";"";"";"425.49";"1";"1";"4.19";"103.57";"5";"2";"0";"4";"N";"0.51";"4";"MOL";"-1";"32";"-1.70";"C25H23N5O2";"CC(C)(C)c1ccc(Cn2cc(C#N)c3cc(NC(=O)c4cc(=O)[nH]cn4)ccc32)cc1";"GRHISBGPVBEJJR-UHFFFAOYSA-N";"InChI=1S/C25H23N5O2/c1-25(2,3)18-6-4-16(5-7-18)13-30-14-17(12-26)20-10-19(8-9-22(20)30)29-24(32)21-11-23(31)28-15-27-21/h4-11,14-15H,13H2,1-3H3,(H,29,32)(H,27,28,31)";"False";"-1";"['13w']";"['N-(3-cyano-1-(4-tert-butylbenzyl)-1H-indol-5-yl]-6-oxo-1,6-dihydropyrimidine-4-carboxamide']"
"CHEMBL5174688";"";"";"";"";"285.26";"1";"1";"1.70";"105.33";"6";"1";"0";"5";"N";"0.83";"2";"MOL";"-1";"21";"-0.99";"C14H11N3O4";"COCOc1ccc(-c2ncc(C(=O)O)cn2)cc1C#N";"OKKCWYRSPAQHRB-UHFFFAOYSA-N";"InChI=1S/C14H11N3O4/c1-20-8-21-12-3-2-9(4-10(12)5-15)13-16-6-11(7-17-13)14(18)19/h2-4,6-7H,8H2,1H3,(H,18,19)";"False";"-1";"['11k']";"['2-(3-cyano-4-(methoxymethoxy)phenyl)pyrimidine-5-carboxylic acid']"
"CHEMBL5197767";"";"";"";"";"319.32";"1";"1";"2.03";"103.57";"5";"2";"0";"4";"N";"0.72";"3";"MOL";"-1";"24";"-1.83";"C17H13N5O2";"C=CCn1cc(C#N)c2cc(NC(=O)c3cc(=O)[nH]cn3)ccc21";"KHPTWYOLSQNVOZ-UHFFFAOYSA-N";"InChI=1S/C17H13N5O2/c1-2-5-22-9-11(8-18)13-6-12(3-4-15(13)22)21-17(24)14-7-16(23)20-10-19-14/h2-4,6-7,9-10H,1,5H2,(H,21,24)(H,19,20,23)";"False";"-1";"['13j']";"['N-(3-cyano-1-allyl-1H-indol-5-yl)-6-oxo-1,6-dihydropyrimidine-4-carboxamide']"
"CHEMBL5189602";"";"";"";"";"370.47";"2";"2";"3.56";"78.90";"6";"0";"0";"11";"N";"0.26";"1";"MOL";"-1";"25";"-0.03";"C18H26O6S";"CCCCOC(=O)/C=C/c1ccc(OS(=O)(=O)CCCC)c(OC)c1";"ZSROQQJXXXPRKU-PKNBQFBNSA-N";"InChI=1S/C18H26O6S/c1-4-6-12-23-18(19)11-9-15-8-10-16(17(14-15)22-3)24-25(20,21)13-7-5-2/h8-11,14H,4-7,12-13H2,1-3H3/b11-9+";"False";"-1";"['F4']";"['butyl 3-(4-((butylsulfonyl)oxy)-3-methoxyphenyl)acrylate']"
"CHEMBL5403463";"";"";"";"";"322.27";"1";"1";"0.74";"150.84";"8";"7";"1";"1";"N";"0.38";"2";"MOL";"-1";"23";"2.32";"C15H14O8";"Oc1cc(O)c2c(c1)O[C@H](c1cc(O)c(O)c(O)c1)[C@@H](O)C2O";"ZEACOKJOQLAYTD-NOYMGPGASA-N";"InChI=1S/C15H14O8/c16-6-3-7(17)11-10(4-6)23-15(14(22)13(11)21)5-1-8(18)12(20)9(19)2-5/h1-4,13-22H/t13?,14-,15+/m0/s1";"False";"-1";"['104']";"['(2R,3S)-2-(3,4,5-trihydroxyphenyl)chromane-3,4,5,7-tetraol']"
"CHEMBL5860948";"";"";"";"";"313.31";"2";"6";"3.98";"81.32";"4";"2";"0";"2";"N";"0.75";"3";"MOL";"-1";"22";"-0.59";"C16H8FNO3S";"N#Cc1cc(-c2ccc(C(=O)O)c(O)c2)c2cc(F)sc2c1";"GXNCWPNUDXOUHB-UHFFFAOYSA-N";"InChI=1S/C16H8FNO3S/c17-15-6-12-11(3-8(7-18)4-14(12)22-15)9-1-2-10(16(20)21)13(19)5-9/h1-6,19H,(H,20,21)";"False";"-1";"['BDBM377703']";"['US10266496, Example 30']"
"CHEMBL5868375";"";"";"";"";"329.76";"2";"6";"4.50";"81.32";"4";"2";"0";"2";"N";"0.73";"3";"MOL";"-1";"22";"-0.72";"C16H8ClNO3S";"N#Cc1cc(-c2ccc(C(=O)O)c(O)c2)c2cc(Cl)sc2c1";"GOEJYGRJWFPSNL-UHFFFAOYSA-N";"InChI=1S/C16H8ClNO3S/c17-15-6-12-11(3-8(7-18)4-14(12)22-15)9-1-2-10(16(20)21)13(19)5-9/h1-6,19H,(H,20,21)";"False";"-1";"['BDBM377705']";"['US10266496, Example 33']"
"CHEMBL5859235";"";"";"";"";"379.34";"1";"3";"None";"None";"None";"None";"None";"None";"None";"None";"None";"MOL";"-1";"None";"None";"C16H16N2O2SSe";"Cc1nc(-c2ccc(SC(C)(C)C)c(C#N)c2)[se]c1C(=O)O";"GBYPWHXCDNXFQE-UHFFFAOYSA-N";"InChI=1S/C16H16N2O2SSe/c1-9-13(15(19)20)22-14(18-9)10-5-6-12(11(7-10)8-17)21-16(2,3)4/h5-7H,1-4H3,(H,19,20)";"False";"-1";"['BDBM352071']";"['US9802907, Compound 81']"
"CHEMBL5178949";"";"";"";"";"403.50";"2";"2";"4.16";"81.70";"5";"1";"0";"9";"N";"0.50";"2";"MOL";"-1";"28";"-0.71";"C21H25NO5S";"CCCCS(=O)(=O)Oc1ccc(/C=C/C(=O)Nc2ccc(C)cc2)cc1OC";"NTOPOSQNKIQUIU-UKTHLTGXSA-N";"InChI=1S/C21H25NO5S/c1-4-5-14-28(24,25)27-19-12-8-17(15-20(19)26-3)9-13-21(23)22-18-10-6-16(2)7-11-18/h6-13,15H,4-5,14H2,1-3H3,(H,22,23)/b13-9+";"False";"-1";"['F17']";"['2-methoxy-4-(3-oxo-3-(p-tolylamino)prop-1-en-1-yl)phenyl butane-1-sulfonate']"
"CHEMBL4224958";"";"";"Small molecule";"";"294.31";"1";"1";"3.72";"64.69";"5";"0";"0";"3";"N";"0.42";"3";"MOL";"-1";"22";"-1.14";"C17H14N2O3";"C/C(=N\OC(=O)c1ccccc1C)c1nc2ccccc2o1";"RKBPKQLCMRGZAE-XDHOZWIPSA-N";"InChI=1S/C17H14N2O3/c1-11-7-3-4-8-13(11)17(20)22-19-12(2)16-18-14-9-5-6-10-15(14)21-16/h3-10H,1-2H3/b19-12+";"False";"-1";"['7e']";"['(E)-1-(Benzo[d]oxazol-2-yl)ethanone O-(2-methylbenzoyl)oxime']"
"CHEMBL5423511";"";"";"";"";"212.21";"1";"1";"2.13";"67.60";"4";"1";"0";"2";"N";"0.71";"3";"MOL";"-1";"16";"-1.10";"C11H8N4O";"c1cc(-c2ccc(-c3nnn[nH]3)cc2)co1";"GYIFHCXYJYFUAK-UHFFFAOYSA-N";"InChI=1S/C11H8N4O/c1-3-9(11-12-14-15-13-11)4-2-8(1)10-5-6-16-7-10/h1-7H,(H,12,13,14,15)";"False";"-1";"['IIm']";"['5-(4-(furan-3-yl)phenyl)-1H-tetrazole']"
"CHEMBL5434604";"";"";"";"";"329.36";"1";"1";"3.09";"108.37";"6";"2";"0";"4";"N";"0.83";"2";"MOL";"-1";"24";"-1.16";"C17H19N3O4";"Cc1nc(-c2ccc(OCC(C)(C)C)c(C#N)c2)n(O)c1C(=O)O";"GSPNYLJMJDIVDZ-UHFFFAOYSA-N";"InChI=1S/C17H19N3O4/c1-10-14(16(21)22)20(23)15(19-10)11-5-6-13(12(7-11)8-18)24-9-17(2,3)4/h5-7,23H,9H2,1-4H3,(H,21,22)";"False";"-1";"['Fig 5, Cpd 6']";"['2-(3-cyano-4-(neopentyloxy)phenyl)-1-hydroxy-4-methyl-1H-imidazole-5-carboxylic acid']"
"CHEMBL5598240";"";"";"";"";"311.34";"2";"2";"3.66";"90.55";"4";"2";"0";"5";"N";"0.88";"2";"MOL";"-1";"23";"-0.32";"C18H17NO4";"CC(C)COc1ccc(-c2cccc(O)c2C(=O)O)cc1C#N";"VEXRCWFVTQCCOC-UHFFFAOYSA-N";"InChI=1S/C18H17NO4/c1-11(2)10-23-16-7-6-12(8-13(16)9-19)14-4-3-5-15(20)17(14)18(21)22/h3-8,11,20H,10H2,1-2H3,(H,21,22)";"False";"-1";"['9']";"["3'-Cyano-3-hydroxy-4'-isobutoxy-[1,1'-biphenyl]-2-carboxylic Acid"]"
"CHEMBL6063092";"";"";"";"";"329.28";"1";"3";"-0.35";"161.46";"7";"5";"0";"3";"N";"0.17";"2";"MOL";"-1";"24";"-0.85";"C13H11N7O4";"O=C1NC(=O)C(/C(=N\O)Nc2ccc(-c3cnn[nH]3)cc2)C(=O)N1";"DGDLSJZUFPJYPJ-UHFFFAOYSA-N";"InChI=1S/C13H11N7O4/c21-11-9(12(22)17-13(23)16-11)10(19-24)15-7-3-1-6(2-4-7)8-5-14-20-18-8/h1-5,9,24H,(H,15,19)(H,14,18,20)(H2,16,17,21,22,23)";"False";"-1";"['BDBM524196']";"['US11168075, Compound Formula (Ic)']"
"CHEMBL5170586";"";"";"";"";"430.40";"1";"1";"3.62";"160.19";"9";"1";"0";"7";"N";"0.39";"2";"MOL";"-1";"30";"-1.33";"C18H14N4O7S";"CCOc1cc(/C=C2\SC(N)=NC2=O)ccc1Oc1ccc([N+](=O)[O-])cc1[N+](=O)[O-]";"JSTLLQWPIMUEHA-PXNMLYILSA-N";"InChI=1S/C18H14N4O7S/c1-2-28-15-7-10(8-16-17(23)20-18(19)30-16)3-5-14(15)29-13-6-4-11(21(24)25)9-12(13)22(26)27/h3-9H,2H2,1H3,(H2,19,20,23)/b16-8-";"False";"-1";"['XO-30']";"['(Z)-2-amino-5-(4-(2,4-dinitrophenoxy)-3-ethoxybenzylidene)thiazol-4(5H)-one']"
"CHEMBL5395750";"";"";"";"";"345.34";"2";"8";"0.63";"149.54";"8";"4";"0";"4";"N";"0.40";"3";"MOL";"-1";"24";"-1.79";"C13H11N7O3S";"CSc1nc(O)c(C(=O)Nc2ccc(-c3cnn[nH]3)cn2)c(=O)[nH]1";"FBGNSLBNIOMXSN-UHFFFAOYSA-N";"InChI=1S/C13H11N7O3S/c1-24-13-17-11(22)9(12(23)18-13)10(21)16-8-3-2-6(4-14-8)7-5-15-20-19-7/h2-5H,1H3,(H,14,16,21)(H,15,19,20)(H2,17,18,22,23)";"False";"-1";"['116', 'BDBM499646']";"['N-(5-(1H-1,2,3-triazol-5-yl)pyridin-2-yl)-4-hydroxy-2-(methylthio)-6-oxo-1,6-dihydropyrimidine-5-carboxamide', 'US11020397, Compound Formula-(IIjj)']"
"CHEMBL5556428";"";"";"";"";"334.38";"2";"2";"4.46";"82.45";"4";"3";"0";"5";"N";"0.64";"3";"MOL";"-1";"25";"-0.70";"C20H18N2O3";"CCc1ccc(Nc2cncc(-c3ccc(C(=O)O)c(O)c3)c2)cc1";"FFAHSLPUPVRKKW-UHFFFAOYSA-N";"InChI=1S/C20H18N2O3/c1-2-13-3-6-16(7-4-13)22-17-9-15(11-21-12-17)14-5-8-18(20(24)25)19(23)10-14/h3-12,22-23H,2H2,1H3,(H,24,25)";"False";"-1";"['II12']";"['4-(5-((4-Ethylphenyl)amino)pyridin-3-yl)-2-hydroxybenzoic acid']"
"CHEMBL5402445";"";"";"";"";"293.33";"1";"1";"2.90";"86.50";"4";"2";"0";"4";"N";"0.78";"3";"MOL";"-1";"22";"-1.87";"C16H15N5O";"CCCn1cc(C#N)c2cc(NC(=O)c3c[nH]cn3)ccc21";"ODTVIDQHXXSNTQ-UHFFFAOYSA-N";"InChI=1S/C16H15N5O/c1-2-5-21-9-11(7-17)13-6-12(3-4-15(13)21)20-16(22)14-8-18-10-19-14/h3-4,6,8-10H,2,5H2,1H3,(H,18,19)(H,20,22)";"False";"-1";"['23a']";"['N-(3-cyano-1-propyl-1H-indol-5-yl)-1H-imidazole-4-carboxamide']"
"CHEMBL3594382";"";"";"Small molecule";"";"384.38";"2";"2";"3.90";"117.20";"6";"3";"0";"8";"N";"0.50";"3";"MOL";"-1";"28";"0.88";"C21H20O7";"O=C(O)CCCCCOc1ccc(-c2cc(=O)c3c(O)cc(O)cc3o2)cc1";"WHJNNSWOPGYPFC-UHFFFAOYSA-N";"InChI=1S/C21H20O7/c22-14-10-16(23)21-17(24)12-18(28-19(21)11-14)13-5-7-15(8-6-13)27-9-3-1-2-4-20(25)26/h5-8,10-12,22-23H,1-4,9H2,(H,25,26)";"False";"-1";"['7d']";"['6-(4-(5,7-dihydroxy-4-oxo-4H-chromen-2-yl)phenoxy)hexanoic acid']"
"CHEMBL5428048";"";"";"";"";"330.39";"1";"1";"4.82";"70.63";"5";"0";"0";"4";"N";"0.81";"2";"MOL";"-1";"25";"-0.41";"C20H18N4O";"N#Cc1cc(C2C=C(c3ccncc3)N=N2)ccc1OC1CCCC1";"MYOBJQWQRKBIBT-UHFFFAOYSA-N";"InChI=1S/C20H18N4O/c21-13-16-11-15(5-6-20(16)25-17-3-1-2-4-17)19-12-18(23-24-19)14-7-9-22-10-8-14/h5-12,17,19H,1-4H2";"False";"-1";"['27']";"['2-(cyclopentyloxy)-5-(5-(pyridin-4-yl)-3H-pyrazol-3-yl)benzonitrile']"
"CHEMBL6032122";"";"";"";"";"384.42";"1";"3";"2.02";"136.65";"7";"4";"0";"6";"N";"0.38";"3";"MOL";"-1";"27";"-1.66";"C17H16N6O3S";"O=C(Nc1ccc(-c2c[nH]nn2)cc1)c1c(O)nc(SCC2CC2)[nH]c1=O";"BXVHPVZZNLLYSB-UHFFFAOYSA-N";"InChI=1S/C17H16N6O3S/c24-14(19-11-5-3-10(4-6-11)12-7-18-23-22-12)13-15(25)20-17(21-16(13)26)27-8-9-1-2-9/h3-7,9H,1-2,8H2,(H,19,24)(H,18,22,23)(H2,20,21,25,26)";"False";"-1";"['BDBM499655']";"['US11020397, Compound Formula-(IIo)']"
"CHEMBL6012949";"";"";"";"";"363.33";"1";"3";"0.77";"149.54";"8";"4";"0";"4";"N";"0.39";"3";"MOL";"-1";"25";"-1.96";"C13H10FN7O3S";"CSc1nc(O)c(C(=O)Nc2ncc(-c3c[nH]nn3)cc2F)c(=O)[nH]1";"VJPYKRXAXSXKTN-UHFFFAOYSA-N";"InChI=1S/C13H10FN7O3S/c1-25-13-18-11(23)8(12(24)19-13)10(22)17-9-6(14)2-5(3-15-9)7-4-16-21-20-7/h2-4H,1H3,(H,15,17,22)(H,16,20,21)(H2,18,19,23,24)";"False";"-1";"['BDBM499685']";"['US11020397, Compound Formula-(II9)']"
"CHEMBL4167393";"";"";"Small molecule";"";"329.38";"1";"1";"3.18";"96.10";"6";"2";"0";"5";"N";"0.65";"2";"MOL";"-1";"23";"-1.14";"C16H15N3O3S";"CCC(C)Oc1ccc(-c2cc(C(=O)O)nc(S)n2)cc1C#N";"UVRFKQYKRDFMGX-UHFFFAOYSA-N";"InChI=1S/C16H15N3O3S/c1-3-9(2)22-14-5-4-10(6-11(14)8-17)12-7-13(15(20)21)19-16(23)18-12/h4-7,9H,3H2,1-2H3,(H,20,21)(H,18,19,23)";"False";"-1";"['9e']";"['6-(4-sec-butoxy-3-cyanophenyl)-2-mercaptopyrimidine-4-carboxylic acid']"
"CHEMBL5975400";"";"";"";"";"334.36";"1";"3";"-0.08";"136.65";"7";"4";"0";"4";"N";"0.45";"2";"MOL";"-1";"23";"-1.28";"C13H14N6O3S";"CSc1nc(O)c(C(=O)NC23CC(c4c[nH]nn4)(C2)C3)c(=O)[nH]1";"FIONPEACIJTZRR-UHFFFAOYSA-N";"InChI=1S/C13H14N6O3S/c1-23-11-15-8(20)7(9(21)16-11)10(22)17-13-3-12(4-13,5-13)6-2-14-19-18-6/h2H,3-5H2,1H3,(H,17,22)(H,14,18,19)(H2,15,16,20,21)";"False";"-1";"['BDBM499648']";"['US11020397, Compound Formula-(IIhh)']"
"CHEMBL3594379";"";"";"Small molecule";"";"328.28";"2";"2";"2.33";"117.20";"6";"3";"0";"4";"N";"0.67";"3";"MOL";"-1";"24";"0.77";"C17H12O7";"O=C(O)COc1ccc(-c2cc(=O)c3c(O)cc(O)cc3o2)cc1";"AKEMKSDZCYBMAL-UHFFFAOYSA-N";"InChI=1S/C17H12O7/c18-10-5-12(19)17-13(20)7-14(24-15(17)6-10)9-1-3-11(4-2-9)23-8-16(21)22/h1-7,18-19H,8H2,(H,21,22)";"False";"-1";"['7a']";"['2-(4-(5,7-dihydroxy-4-oxo-4H-chromen-2-yl)phenoxy)acetic acid']"
"CHEMBL5821455";"";"";"";"";"302.36";"1";"3";"3.48";"83.21";"5";"1";"0";"4";"N";"0.93";"2";"MOL";"-1";"21";"-1.87";"C15H14N2O3S";"Cc1nc(-c2ccc(OC(C)C)c(C#N)c2)sc1C(=O)O";"UBKMOFWTLCOKFO-UHFFFAOYSA-N";"InChI=1S/C15H14N2O3S/c1-8(2)20-12-5-4-10(6-11(12)7-16)14-17-9(3)13(21-14)15(18)19/h4-6,8H,1-3H3,(H,18,19)";"False";"-1";"['BDBM352074']";"['US9802907, Febuxostat']"
"CHEMBL6006144";"";"";"";"";"368.25";"1";"3";"None";"None";"None";"None";"None";"None";"None";"None";"None";"MOL";"-1";"None";"None";"C17H11N3O2Se";"Cc1nc(-c2ccc(-c3ccncc3)c(C#N)c2)[se]c1C(=O)O";"PKUSCZXSEGNZHZ-UHFFFAOYSA-N";"InChI=1S/C17H11N3O2Se/c1-10-15(17(21)22)23-16(20-10)12-2-3-14(13(8-12)9-18)11-4-6-19-7-5-11/h2-8H,1H3,(H,21,22)";"False";"-1";"['BDBM352048']";"['US9802907, Compound 27']"
"CHEMBL5745192";"";"";"";"";"395.32";"1";"3";"None";"None";"None";"None";"None";"None";"None";"None";"None";"MOL";"-1";"None";"None";"C20H16N2O2Se";"CCc1ccc(-c2ccc(-c3nc(C)c(C(=O)O)[se]3)cc2C#N)cc1";"LYFKNZJGDHRQSA-UHFFFAOYSA-N";"InChI=1S/C20H16N2O2Se/c1-3-13-4-6-14(7-5-13)17-9-8-15(10-16(17)11-21)19-22-12(2)18(25-19)20(23)24/h4-10H,3H2,1-2H3,(H,23,24)";"False";"-1";"['BDBM352050']";"['US9802907, Compound 30']"
"CHEMBL5193465";"";"";"";"";"375.43";"1";"1";"3.43";"103.57";"5";"2";"0";"4";"N";"0.73";"3";"MOL";"-1";"28";"-1.53";"C21H21N5O2";"N#Cc1cn(CC2CCCCC2)c2ccc(NC(=O)c3cc(=O)[nH]cn3)cc12";"VVBRDMWVKOYCPN-UHFFFAOYSA-N";"InChI=1S/C21H21N5O2/c22-10-15-12-26(11-14-4-2-1-3-5-14)19-7-6-16(8-17(15)19)25-21(28)18-9-20(27)24-13-23-18/h6-9,12-14H,1-5,11H2,(H,25,28)(H,23,24,27)";"False";"-1";"['13h']";"['N-(3-cyano-1-cyclohexylmethyl-1H-indol-5-yl)-6-oxo-1,6-dihydropyrimidine-4-carboxamide']"
"CHEMBL5834213";"";"";"";"";"344.36";"1";"3";"1.23";"136.65";"7";"4";"0";"4";"N";"0.41";"3";"MOL";"-1";"24";"-1.94";"C14H12N6O3S";"CSc1nc(O)c(C(=O)Nc2cccc(-c3c[nH]nn3)c2)c(=O)[nH]1";"WGNZFDQBTVVYMZ-UHFFFAOYSA-N";"InChI=1S/C14H12N6O3S/c1-24-14-17-12(22)10(13(23)18-14)11(21)16-8-4-2-3-7(5-8)9-6-15-20-19-9/h2-6H,1H3,(H,16,21)(H,15,19,20)(H2,17,18,22,23)";"False";"-1";"['BDBM499653']";"['US11020397, Compound Formula-(IIm)']"
"CHEMBL5835043";"";"";"";"";"316.23";"1";"3";"-0.84";"161.22";"6";"5";"0";"2";"N";"0.45";"2";"MOL";"-1";"23";"-0.89";"C13H8N4O6";"O=C1Nc2ccc(NC(=O)c3c(O)[nH]c(=O)[nH]c3=O)cc2C1=O";"KHOIZXSCCMHINB-UHFFFAOYSA-N";"InChI=1S/C13H8N4O6/c18-8-5-3-4(1-2-6(5)15-12(8)22)14-9(19)7-10(20)16-13(23)17-11(7)21/h1-3H,(H,14,19)(H,15,18,22)(H3,16,17,20,21,23)";"False";"-1";"['BDBM524224']";"['US11168075, Compound Formula (IVb)']"
"CHEMBL5597135";"";"";"";"";"278.27";"2";"2";"3.11";"97.11";"3";"3";"0";"2";"N";"0.67";"3";"MOL";"-1";"21";"-0.19";"C16H10N2O3";"N#Cc1cc(-c2ccc(C(=O)O)c(O)c2)c2cc[nH]c2c1";"IONMVEGDQWHOAA-UHFFFAOYSA-N";"InChI=1S/C16H10N2O3/c17-8-9-5-13(11-3-4-18-14(11)6-9)10-1-2-12(16(20)21)15(19)7-10/h1-7,18-19H,(H,20,21)";"False";"-1";"['12']";"['4-(6-Cyano-1H-indol-4-yl)-2-hydroxybenzoic Acid']"
"CHEMBL5856032";"";"";"";"";"336.31";"1";"3";"-1.55";"176.85";"7";"6";"1";"3";"N";"0.39";"2";"MOL";"-1";"24";"-0.62";"C13H16N6O5";"O=C(NC1CCC(O)(c2c[nH]nn2)CC1)c1c(O)[nH]c(=O)[nH]c1=O";"QDRXXCMYGSGJDO-UHFFFAOYSA-N";"InChI=1S/C13H16N6O5/c20-9(8-10(21)16-12(23)17-11(8)22)15-6-1-3-13(24,4-2-6)7-5-14-19-18-7/h5-6,24H,1-4H2,(H,15,20)(H,14,18,19)(H3,16,17,21,22,23)";"False";"-1";"['BDBM524206']";"['US11168075, Compound Formula (Ij)']"
"CHEMBL5591362";"";"";"";"";"452.46";"1";"1";"6.47";"114.29";"6";"5";"1";"4";"N";"0.20";"5";"MOL";"-1";"34";"0.73";"C28H20O6";"Oc1ccc(/C=C/c2cc(O)cc3oc(-c4ccc(O)cc4)c(-c4cc(O)cc(O)c4)c23)cc1";"MTRJOEZPTJRJOB-DAFODLJHSA-N";"InChI=1S/C28H20O6/c29-20-7-2-16(3-8-20)1-4-18-11-24(33)15-25-26(18)27(19-12-22(31)14-23(32)13-19)28(34-25)17-5-9-21(30)10-6-17/h1-15,29-33H/b4-1+";"False";"-1";"['116']";"['Viniferifuran']"
"CHEMBL5784863";"";"";"";"";"342.32";"1";"3";"-0.17";"134.90";"8";"3";"0";"3";"N";"0.60";"3";"MOL";"-1";"25";"-1.42";"C15H14N6O4";"Cn1c(O)c(C(=O)Nc2ccc(-c3c[nH]nn3)cc2)c(=O)n(C)c1=O";"SQLSFBLMNQURTM-UHFFFAOYSA-N";"InChI=1S/C15H14N6O4/c1-20-13(23)11(14(24)21(2)15(20)25)12(22)17-9-5-3-8(4-6-9)10-7-16-19-18-10/h3-7,23H,1-2H3,(H,17,22)(H,16,18,19)";"False";"-1";"['BDBM524199']";"['US11168075, Compound Formula (Ie)']"
"CHEMBL5886087";"";"";"";"";"428.35";"2";"6";"2.13";"145.88";"8";"4";"0";"5";"N";"0.36";"3";"MOL";"-1";"29";"-1.73";"C15H11F3N6O4S";"CSc1nc(O)c(C(=O)Nc2ccc(-c3c[nH]nn3)cc2OC(F)(F)F)c(=O)[nH]1";"LMYAYFZGRWGUPZ-UHFFFAOYSA-N";"InChI=1S/C15H11F3N6O4S/c1-29-14-21-12(26)10(13(27)22-14)11(25)20-7-3-2-6(8-5-19-24-23-8)4-9(7)28-15(16,17)18/h2-5H,1H3,(H,20,25)(H,19,23,24)(H2,21,22,26,27)";"False";"-1";"['BDBM499679']";"['US11020397, Compound Formula-(II3)']"
"CHEMBL6035824";"";"";"";"";"313.28";"1";"3";"-0.32";"162.41";"6";"5";"0";"3";"N";"0.44";"3";"MOL";"-1";"23";"-1.41";"C13H11N7O3";"Nc1[nH]c(=O)[nH]c(=O)c1C(=O)Nc1ccc(-c2cnn[nH]2)cc1";"SXQTWHLVQSXLFM-UHFFFAOYSA-N";"InChI=1S/C13H11N7O3/c14-10-9(12(22)18-13(23)17-10)11(21)16-7-3-1-6(2-4-7)8-5-15-20-19-8/h1-5H,(H,16,21)(H,15,19,20)(H4,14,17,18,22,23)";"False";"-1";"['BDBM524208']";"['US11168075, Compound Formula (Ik)']"
"CHEMBL5169324";"";"";"";"";"335.37";"1";"1";"2.50";"103.57";"5";"2";"0";"4";"N";"0.76";"3";"MOL";"-1";"25";"-1.66";"C18H17N5O2";"CC(C)Cn1cc(C#N)c2ccc(NC(=O)c3cc(=O)[nH]cn3)cc21";"SRGHTGISLBEDFE-UHFFFAOYSA-N";"InChI=1S/C18H17N5O2/c1-11(2)8-23-9-12(7-19)14-4-3-13(5-16(14)23)22-18(25)15-6-17(24)21-10-20-15/h3-6,9-11H,8H2,1-2H3,(H,22,25)(H,20,21,24)";"False";"-1";"['14d']";"['N-(3-cyano-1-isobutyl-1H-indol-6-yl)-6-oxo-1,6-dihydropyrimidine-4-carboxamide']"
"CHEMBL5932546";"";"";"";"";"406.43";"1";"3";"2.84";"139.55";"6";"5";"0";"4";"N";"0.33";"4";"MOL";"-1";"29";"-1.35";"C19H14N6O3S";"O=C(Nc1ccc(-c2[nH]nnc2-c2ccccc2)cc1)c1c(O)[nH]c(=S)[nH]c1=O";"BVUGPUPMAPCWKO-UHFFFAOYSA-N";"InChI=1S/C19H14N6O3S/c26-16(13-17(27)21-19(29)22-18(13)28)20-12-8-6-11(7-9-12)15-14(23-25-24-15)10-4-2-1-3-5-10/h1-9H,(H,20,26)(H,23,24,25)(H3,21,22,27,28,29)";"False";"-1";"['BDBM524210']";"['US11168075, Compound Formula (Im)']"
"CHEMBL925";"TYROSINE";"FEMA NO. 3736|L-TYROSINE|LEVODOPA IMPURITY, L-TYROSINE-|LEVODOPA RELATED COMPOUND L-TYROSINE|NSC-82624|TIROSINA|TYROSINE";"Small molecule";"4.0";"181.19";"74";"203";"0.35";"83.55";"3";"3";"0";"3";"N";"0.63";"1";"MOL";"0";"13";"0.88";"C9H11NO3";"N[C@@H](Cc1ccc(O)cc1)C(=O)O";"OUYCCCASQSFEME-QMMMGPOBSA-N";"InChI=1S/C9H11NO3/c10-8(9(12)13)5-6-1-3-7(11)4-2-6/h1-4,8,11H,5,10H2,(H,12,13)/t8-/m0/s1";"False";"0";"['L-Tyrosine', 'SID144205147', 'TYROSINE', '6', 'TYROSINE', '9', '9', 'PheAla family, cpd3', 'L-tyrosine', '9, L-Tyr', 'SID29215265', '9', 'L-Tyr, L-Tyrosine', '9', 'Tyrosine (table SV)', 'Tyrosine', 'DL-Tyrosine', 'Tyrosine', 'Tyr', '193 (table SVIII)', '9, L-Tyr', 'Tyrosine', 'DL-Tyrosine', '1b', 'SID170466853', 'TYROSINE', 'Tyr', '9', 'Tyr', 'L-Tyrosine', '9', '(S)-Tyr', '9, L-Tyr', '9, L-Tyr', '9', 'L-tyrosine', '9', '9', '5e', 'L-Tyrosine', 'L-tyrosine', 'DL-TYROSINE', '9', 'L-Tyr', '9; L-Tyr', 'L-Tyrosine', 'L-Tyrosine', 'Tyrosine', 'L-Tyrosine', '51', '9', 'L-Tyrosine', 'L-Tyrosine', 'tyrosine', 'BDBM18129', 'TYROSINE']";"['L-Tyrosine', 'SID144205147', 'TYROSINE', '2-Amino-3-(4-hydroxy-phenyl)-propionic acid', 'TYROSINE', '(S)-2-amino-3-(4-hydroxyphenyl)propanoic acid', '(S)-2-amino-3-(4-hydroxyphenyl)propanoic acid', '(L)-4-hydroxyphenylalanine', 'L-tyrosine', '(S)-2-amino-3-(4-hydroxyphenyl)propanoic acid', 'SID29215265', 'L-Tyr', 'L-3-(4-hydroxyphenyl)alanine', '(S)-2-amino-3-(4-hydroxyphenyl)propanoic acid', 'Tyrosine', 'Tyrosine', 'DL-Tyrosine', 'Tyrosine', 'Tyrosine', '(2S)-2-amino-3-(4-hydroxyphenyl)propanoic acid', 'L-Tyrosine', 'Tyrosine', 'DL-Tyrosine', 'Tyrosine', 'SID170466853', 'TYROSINE', 'Tyrosine', 'L-Tyr', 'Tyrosine', '2-amino-3-(4-hydroxyphenyl)propanoic acid (L-tyrosine)', 'L-Tyr', '(S)-Tyrosine', '(S)-2-amino-3-(4-hydroxyphenyl)propanoic acid', '(S)-2-amino-3-(4-hydroxyphenyl)propanoic acid', 'L-Tyr', 'L-tyrosine', 'L-Tyrosine', 'L-Tyr', '(S)-2-amino-3-(4-hydroxyphenyl)propanoic acid', 'L-Tyrosine', 'L-tyrosine', 'DL-TYROSINE', '(S)-2-amino-3-(4-hydroxyphenyl)propanoic acid', 'L-tyrosine', '(S)-2-amino-3-(4-hydroxyphenyl)propanoic acid', 'L-Tyrosine', 'L-Tyrosine', 'Tyrosine', 'L-Tyrosine', '(S)-2-amino-3-(4-hydroxyphenyl)propanoic acid', 'L-Tyrosine', 'L-Tyrosine', 'L-Tyrosine', 'tyrosine', '(2S)-2-amino-3-(4-hydroxyphenyl)propanoic acid::L-[U-14C]Tyr::Tyrosine::US11021454, Compound L-tyr', 'TYROSINE']"
"CHEMBL31574";"FISETIN";"5-DESOXYQUERCETIN|C.I. 75620|C.I. NATURAL BROWN 1|FISETIN|FISIDENOLON 1521|NSC-407010|NSC-656275";"Small molecule";"2.0";"286.24";"206";"493";"2.28";"111.13";"6";"4";"0";"1";"N";"0.51";"3";"MOL";"0";"21";"1.33";"C15H10O6";"O=c1c(O)c(-c2ccc(O)c(O)c2)oc2cc(O)ccc12";"XHEFDIBZLJXQHF-UHFFFAOYSA-N";"InChI=1S/C15H10O6/c16-8-2-3-9-12(6-8)21-15(14(20)13(9)19)7-1-4-10(17)11(18)5-7/h1-6,16-18,20H";"False";"0";"['G34', '10a', 'Fisetin', '20', '6', 'fisetin', '5, Fisetin', 'Fisetin', '3', 'Fisetin', '33', 'Fisetin', '12', 'Fisetin', '6', 'Fisetin', 'SID26753766', 'Fisetin, FTN', '63', 'Fisetin', 'Fisetin', '14', 'fisetin', '7', 'SID11113263', '9', 'SID476876', 'SID124883072', 'Fisetin', 'Fisetin', '35', '5h', '20', '14', 'Fisetin', 'Fisetin', 'fisetin', '14', 'fisetin', '29', '17', '16', 'SID26749675', 'Fisetin', '54', 'NSC-407010', '16', '15', 'fisetin', '2', '13, fisetin', 'Fisetin', 'Fisetin', 'Fisetin', '2', '14', '39', '18', 'Fisetin', 'Fisetin', 'Fisetin', 'FISETIN (FUSTEL)', '25', 'SID11113262', '13', 'Fisetin', '197', '5', 'FISETIN', '34', 'Fisetin', 'SID124883071', '2', 'Fisetin', '71', 'fisetin', '15d', '24', 'Fisetin', '19', '22', '39', 'Fisetin', 'FISETIN', 'Fisetin (Fustel)', '47', 'Fisetin', 'Fisetin', 'Fisetin', '4', 'Fisetin', '22', '8', 'Fisetin (Fustel)', '35', 'Fisetin', '92', 'Fisetin', 'Fisetin (Fustel)', 'Fisetin', '33', '71', '65', 'Fis']";"['2-(3,4-Dihydroxy-phenyl)-3,7-dihydroxy-chromen-4-one', '2-(3,4-Dihydroxy-phenyl)-3,7-dihydroxy-chromen-4-one', 'Fisetin', 'fisetin', "3,7,3',4,'-Tetrahydroxyflavone", "3,7,3',4'-tetrahydroxyflavon", "3,3',4',7-tetrahydroxy flavone", 'Fisetin', 'fisetin', 'Fisetin', 'fisetin', '2-(3,4-Dihydroxy-phenyl)-3,7-dihydroxy-chromen-4-one', 'Fisetin', "3,3',4',7-tetrahydroxyflavone", '2-(3,4-Dihydroxy-phenyl)-3,7-dihydroxy-chromen-4-one', 'Fisetin', 'SID26753766', "3,7,3',4'-tetrahydroxyflavone", 'Fisetin', 'Fisetin', "3,3',4',7-tetrahydroxyflavone", '2-(3,4-dihydroxyphenyl)-3,7-dihydroxy-4H-chromen-4-one', 'fisetin', 'Fisetin', 'SID11113263', 'Fisetin', 'SID476876', 'SID124883072', 'Fisetin', '2-(3,4-dihydroxyphenyl)-3,7-dihydroxy-4H-chromen-4-one', '2-(3,4-Dihydroxy-phenyl)-3,7-dihydroxy-chromen-4-one', '2-(3,4-Dihydroxy-phenyl)-3,7-dihydroxy-chromen-4-one', '2-(3,4-dihydroxyphenyl)-3,7-dihydroxy-4H-chromen-4-one', 'Fisetin', 'Fisetin', "3,7,3',4'-tetrahydroxyflavone", '2-(3,4-dihydroxyphenyl)-3,7-dihydroxy-4H-chromen-4-one', 'fisetin', 'fisetin', 'fisetin', 'Fisetin', 'fisetin', 'SID26749675', 'Fisetin', 'Fisetin', '2-(3,4-dihydroxyphenyl)-3,7-dihydroxy-4H-chromen-4-one', 'fisetin', 'Fisetin', 'fisetin', '2-(3,4-dihydroxyphenyl)-3,7-dihydroxy-4H-chromen-4-one', "3,7,3',4'-Tetrahydroxyflavone", 'Fisetin', 'Fisetin', 'Fisetin', 'Fisetin', 'Fisetin', '2-(3,4-dihydroxyphenyl)-3,7-dihydroxy-4H-chromen-4-one', 'Fisetin', 'Fisetin', 'Fisetin', 'Fisetin', 'FISETIN (FUSTEL)', "Fisetin; 7,3',4'-trihydroxyflavonol", 'SID11113262', 'Fisetin', 'Fisetin', 'Fisetin', 'fisetin', 'FISETIN', 'Fisetin', 'Fisetin', 'SID124883071', 'Fisetin', 'Fisetin', 'Fisetin', 'fisetin', '2-(3,4-dihydroxyphenyl)-3,7-dihydroxy-4H-chromen-4-one', "3,3',4',7-Tetrahydroxyflavone", 'Fisetin', 'Fisetin', 'Fisetin', '2-(3,4-dihydroxyphenyl)-3,7-dihydroxy-4H-chromen-4-one', 'Fisetin', 'FISETIN', 'Fisetin (Fustel)', 'Fisetin', 'Fisetin', 'Fisetin', 'Fisetin', 'Fisetin', 'Fisetin', 'Fisetin', '2-(3,4-dihydroxyphenyl)-3,7-dihydroxy-4H-chromen-4-one', 'Fisetin (Fustel)', 'Fisetin', 'Fisetin', 'Fisetin', 'Fisetin', 'Fisetin (Fustel)', 'Fisetin', 'Fisetin', 'Fisetin', 'Fisetin', 'Fisetin']"
"CHEMBL863";"CYSTEINE";"CISTEINA|CYSTEINE|CYSTEINUM|E 920|E920|E921|FEMA NO. 3263|L-CYSTEINE|NSC-8746";"Small molecule";"4.0";"121.16";"53";"124";"-0.67";"63.32";"3";"3";"0";"2";"N";"0.42";"0";"MOL";"0";"7";"1.14";"C3H7NO2S";"N[C@@H](CS)C(=O)O";"XUJNEKJLAYXESH-REOHCLBHSA-N";"InChI=1S/C3H7NO2S/c4-2(1-7)3(5)6/h2,7H,1,4H2,(H,5,6)/t2-/m0/s1";"False";"0";"['L-CYSTEINE', 'Cysteine', 'L-Cysteine', 'Cysteine', '108', 'L-Cysteine', '1', 'Cysteine', 'cysteine', 'L-Cysteine', 'L-Cys', 'cysteine', '2', 'L-cystine', 'cysteine', '12', 'L-Cystine', 'L-cysteine', 'Cysteine', 'L-Cystine', 'L-cysteine', 'Cysteine', 'L-Cys', 'Cys', '3a', 'Cysteine', 'L-cystein', 'L-cysteine', 'cystein', 'Cys family, cpd1', 'L-cystine', 'L-Cys', 'Cys', 'L-cysteine', 'L-Cystine', '36', 'L-cysteine', 'COVC-0673541552', 'L-cysteine', '5862', 'CYSTEINE', '5862', 'L-cysteine', 'Cysteine', 'cysteine', 'BDBM50109609', 'CYSTEINE']";"['L-CYSTEINE', 'L-Cysteine', 'L-Cysteine', '(R)-2-Amino-3-mercapto-propionic acid', '2-Amino-3-mercapto-propionic acid', '(R)-2-Amino-3-mercapto-propionic acid', '2-Amino-3-mercapto-propionic acid', 'Cysteine', 'cysteine', 'L-Cysteine', '2-Amino-3-mercapto-propionic acid (L-Cys)', 'cysteine', 'L-cysteine', 'L-cystine', 'cysteine', 'L-cysteine', 'L-Cystine', 'L-cysteine', 'Cysteine', 'L-Cystine', 'L-cysteine', '2-Amino-3-mercapto-propionic acid', 'L-cysteine', 'Cysteine', '(R)-2-amino-3-mercaptopropanoic acid', '(R)-2-Amino-3-mercapto-propionic acid', 'L-cystein', 'L-cysteine', 'cystein', '(L)-Cysteine', "(2R,2'R)-3,3'-disulfanediylbis(2-aminopropanoic acid)", 'L-Cys', 'Cysteine', 'L-cysteine', 'L-Cystine', 'L-Cysteine', 'L-cysteine', 'L-CYSTEINE', 'L-cysteine', 'L-Cysteine', 'CYSTEINE', 'L-Cysteine', 'L-cysteine', 'Cysteine', 'cysteine', '(2R)-2-amino-3-mercaptopropanoic acid::(2R)-2-amino-3-sulfanylpropanoic acid::(R)-2-amino-3-mercaptopropanoic acid::CHEMBL863::CYSTEINE::FREE CYSTEINE::L-Cystein::L-Zystein::L-cysteine::US11021454, Compound L-cys', 'CYSTEINE']"
"CHEMBL5945181";"";"";"";"";"324.32";"3";"9";"0.80";"125.18";"8";"0";"0";"6";"N";"0.56";"2";"MOL";"-1";"22";"-1.76";"C12H12N4O5S";"COc1ccc([N+](=O)[O-])c(S(=O)(=O)CCc2cnccn2)n1";"IJVFUZWRMGSRGT-UHFFFAOYSA-N";"InChI=1S/C12H12N4O5S/c1-21-11-3-2-10(16(17)18)12(15-11)22(19,20)7-4-9-8-13-5-6-14-9/h2-3,5-6,8H,4,7H2,1H3";"False";"-1";"['BDBM522174', 'BDBM522174']";"['US11161815, Example 30', 'US11161815, Example 30']"
"CHEMBL5819142";"";"";"";"";"362.35";"2";"6";"1.37";"136.65";"7";"4";"0";"4";"N";"0.41";"3";"MOL";"-1";"25";"-2.05";"C14H11FN6O3S";"CSc1nc(O)c(C(=O)Nc2ccc(-c3c[nH]nn3)c(F)c2)c(=O)[nH]1";"HPBPUXAMLKMKPV-UHFFFAOYSA-N";"InChI=1S/C14H11FN6O3S/c1-25-14-18-12(23)10(13(24)19-14)11(22)17-6-2-3-7(8(15)4-6)9-5-16-21-20-9/h2-5H,1H3,(H,17,22)(H,16,20,21)(H2,18,19,23,24)";"False";"-1";"['BDBM499658']";"['US11020397, Compound Formula-(IIr)']"
"CHEMBL5886562";"";"";"";"";"358.38";"1";"3";"1.25";"125.79";"8";"3";"0";"4";"N";"0.47";"3";"MOL";"-1";"25";"-1.76";"C15H14N6O3S";"CSc1nc(O)c(C(=O)Nc2ccc(-c3cnn[nH]3)cc2)c(=O)n1C";"GTUUWOCWVWCZOI-UHFFFAOYSA-N";"InChI=1S/C15H14N6O3S/c1-21-14(24)11(13(23)18-15(21)25-2)12(22)17-9-5-3-8(4-6-9)10-7-16-20-19-10/h3-7,23H,1-2H3,(H,17,22)(H,16,19,20)";"False";"-1";"['BDBM524214']";"['US11168075, Compound Formula (IIa)']"
"CHEMBL5981505";"";"";"";"";"334.15";"1";"3";"None";"None";"None";"None";"None";"None";"None";"None";"None";"MOL";"-1";"None";"None";"C12H8F3NO2Se";"Cc1nc(-c2cccc(C(F)(F)F)c2)[se]c1C(=O)O";"MFFJRDFTNYKHRZ-UHFFFAOYSA-N";"InChI=1S/C12H8F3NO2Se/c1-6-9(11(17)18)19-10(16-6)7-3-2-4-8(5-7)12(13,14)15/h2-5H,1H3,(H,17,18)";"False";"-1";"['BDBM352073']";"['US9802907, Compound 86']"
"CHEMBL5556733";"";"";"";"";"284.31";"2";"2";"2.58";"79.29";"3";"2";"0";"4";"N";"0.90";"2";"MOL";"-1";"21";"-1.00";"C16H16N2O3";"CC(C)NC(=O)c1cncc(-c2ccc(C(=O)O)cc2)c1";"WWJFZNRYZSLYFD-UHFFFAOYSA-N";"InChI=1S/C16H16N2O3/c1-10(2)18-15(19)14-7-13(8-17-9-14)11-3-5-12(6-4-11)16(20)21/h3-10H,1-2H3,(H,18,19)(H,20,21)";"False";"-1";"['I5']";"['4-(5-(Isopropylcarbamoyl)pyridin-3-yl)benzoic acid']"
"CHEMBL5207937";"";"";"";"";"417.53";"2";"2";"4.42";"81.70";"5";"1";"0";"10";"N";"0.46";"2";"MOL";"-1";"29";"-0.69";"C22H27NO5S";"CCCCS(=O)(=O)Oc1ccc(/C=C/C(=O)Nc2ccc(CC)cc2)cc1OC";"VTNSEUOBSDQXAA-GXDHUFHOSA-N";"InChI=1S/C22H27NO5S/c1-4-6-15-29(25,26)28-20-13-9-18(16-21(20)27-3)10-14-22(24)23-19-11-7-17(5-2)8-12-19/h7-14,16H,4-6,15H2,1-3H3,(H,23,24)/b14-10+";"False";"-1";"['F18']";"['4-(3-((4-ethylphenyl)amino)-3-oxoprop-1-en-1-yl)-2-methoxyphenyl butane-1-sulfonate']"
"CHEMBL5987172";"";"";"";"";"399.31";"1";"3";"2.46";"136.90";"7";"4";"0";"3";"N";"0.50";"3";"MOL";"-1";"27";"-1.85";"C14H8F3N5O4S";"O=C(Nc1ccc(-c2noc(C(F)(F)F)n2)cc1)c1c(O)[nH]c(=S)[nH]c1=O";"SRTTYDYUCUYRTK-UHFFFAOYSA-N";"InChI=1S/C14H8F3N5O4S/c15-14(16,17)12-19-8(22-26-12)5-1-3-6(4-2-5)18-9(23)7-10(24)20-13(27)21-11(7)25/h1-4H,(H,18,23)(H3,20,21,24,25,27)";"False";"-1";"['BDBM524211']";"['US11168075, Compound Formula (In)']"
"CHEMBL4163955";"";"";"Small molecule";"";"430.27";"1";"1";"3.91";"72.31";"5";"2";"0";"6";"N";"0.31";"2";"MOL";"-1";"22";"-0.74";"C15H15IN2O3S";"CCCCOc1ccc(-c2cc(C(=O)O)nc(S)n2)cc1I";"IGEFDUSKWQAQPF-UHFFFAOYSA-N";"InChI=1S/C15H15IN2O3S/c1-2-3-6-21-13-5-4-9(7-10(13)16)11-8-12(14(19)20)18-15(22)17-11/h4-5,7-8H,2-3,6H2,1H3,(H,19,20)(H,17,18,22)";"False";"-1";"['8d']";"['6-(4-butoxy-3-iodophenyl)-2-mercaptopyrimidine-4-carboxylic acid']"
"CHEMBL5991304";"";"";"";"";"328.29";"1";"3";"-0.86";"167.25";"7";"5";"0";"3";"N";"0.16";"2";"MOL";"-1";"24";"-0.98";"C13H12N8O3";"N/N=C(/Nc1ccc(-c2cnn[nH]2)cc1)C1C(=O)NC(=O)NC1=O";"KDLKTGTYSOKZSZ-UHFFFAOYSA-N";"InChI=1S/C13H12N8O3/c14-19-10(9-11(22)17-13(24)18-12(9)23)16-7-3-1-6(2-4-7)8-5-15-21-20-8/h1-5,9H,14H2,(H,16,19)(H,15,20,21)(H2,17,18,22,23,24)";"False";"-1";"['BDBM524197']";"['US11168075, Compound Formula (Id)']"
"CHEMBL6040974";"";"";"";"";"412.35";"1";"3";"2.25";"136.65";"7";"4";"0";"4";"N";"0.38";"3";"MOL";"-1";"28";"-1.74";"C15H11F3N6O3S";"CSc1nc(O)c(C(=O)Nc2ccc(-c3c[nH]nn3)c(C(F)(F)F)c2)c(=O)[nH]1";"YACQTVAUSGFMAR-UHFFFAOYSA-N";"InChI=1S/C15H11F3N6O3S/c1-28-14-21-12(26)10(13(27)22-14)11(25)20-6-2-3-7(9-5-19-24-23-9)8(4-6)15(16,17)18/h2-5H,1H3,(H,20,25)(H,19,23,24)(H2,21,22,26,27)";"False";"-1";"['BDBM499682']";"['US11020397, Compound Formula-(II6)']"
"CHEMBL5429096";"";"";"";"";"365.78";"1";"1";"3.95";"96.10";"5";"1";"0";"5";"N";"0.74";"3";"MOL";"-1";"26";"-1.22";"C19H12ClN3O3";"N#Cc1cccc(COc2ccc(-c3ncc(C(=O)O)cn3)cc2)c1Cl";"SWCVPZICRIKYCQ-UHFFFAOYSA-N";"InChI=1S/C19H12ClN3O3/c20-17-13(8-21)2-1-3-14(17)11-26-16-6-4-12(5-7-16)18-22-9-15(10-23-18)19(24)25/h1-7,9-10H,11H2,(H,24,25)";"False";"-1";"['125']";"['2-(4-((2-chloro-3-cyanobenzyl)oxy)phenyl)pyrimidine-5-carboxylic acid']"
"CHEMBL4225688";"";"";"Small molecule";"";"308.34";"1";"1";"3.73";"64.69";"5";"0";"0";"5";"N";"0.41";"3";"MOL";"-1";"23";"-0.71";"C18H16N2O3";"C/C(=N\OC(=O)CCc1ccccc1)c1nc2ccccc2o1";"QIJKTYUZHJOFDZ-DEDYPNTBSA-N";"InChI=1S/C18H16N2O3/c1-13(18-19-15-9-5-6-10-16(15)22-18)20-23-17(21)12-11-14-7-3-2-4-8-14/h2-10H,11-12H2,1H3/b20-13+";"False";"-1";"['7h']";"['(E)-1-(Benzo[d]oxazol-2-yl)ethanone O-(3-phenylpropanoyl)oxime']"
"CHEMBL5825705";"";"";"";"";"313.28";"1";"3";"-0.01";"163.40";"6";"6";"1";"3";"N";"0.29";"3";"MOL";"-1";"23";"-1.08";"C13H11N7O3";"N=C(Nc1ccc(-c2c[nH]nn2)cc1)c1c(O)[nH]c(=O)[nH]c1=O";"VAKMUAWZCDDOIH-UHFFFAOYSA-N";"InChI=1S/C13H11N7O3/c14-10(9-11(21)17-13(23)18-12(9)22)16-7-3-1-6(2-4-7)8-5-15-20-19-8/h1-5H,(H2,14,16)(H,15,19,20)(H3,17,18,21,22,23)";"False";"-1";"['BDBM524194']";"['US11168075, Compound Formula (Ia)']"
"CHEMBL5170165";"";"";"";"";"377.79";"1";"1";"3.42";"107.45";"5";"2";"0";"4";"N";"0.57";"4";"MOL";"-1";"27";"-1.33";"C19H12ClN5O2";"N#Cc1cc(-c2ncc3c(=O)[nH][nH]c3n2)ccc1OCc1ccc(Cl)cc1";"VDEJZMWVYVFERO-UHFFFAOYSA-N";"InChI=1S/C19H12ClN5O2/c20-14-4-1-11(2-5-14)10-27-16-6-3-12(7-13(16)8-21)17-22-9-15-18(23-17)24-25-19(15)26/h1-7,9H,10H2,(H2,22,23,24,25,26)";"False";"-1";"['19g']";"['6-[4-(4-chlorobenzyloxy)-3-cyanophenyl]-1,2-dihydro-3H-pyrazolo[3,4-d]pyrimidin-3-one']"
"CHEMBL4174606";"";"";"Small molecule";"";"444.29";"1";"1";"4.16";"72.31";"5";"2";"0";"6";"N";"0.40";"2";"MOL";"-1";"23";"-0.66";"C16H17IN2O3S";"CC(C)CCOc1ccc(-c2cc(C(=O)O)nc(S)n2)cc1I";"CZNWOGJNDKRJPJ-UHFFFAOYSA-N";"InChI=1S/C16H17IN2O3S/c1-9(2)5-6-22-14-4-3-10(7-11(14)17)12-8-13(15(20)21)19-16(23)18-12/h3-4,7-9H,5-6H2,1-2H3,(H,20,21)(H,18,19,23)";"False";"-1";"['8c']";"['6-(3-iodo-4-(isopentyloxy)phenyl)-2-mercaptopyrimidine-4-carboxylic acid']"
"CHEMBL5939746";"";"";"";"";"413.25";"1";"3";"2.54";"136.65";"7";"4";"0";"4";"N";"0.38";"3";"MOL";"-1";"26";"-1.71";"C14H10Cl2N6O3S";"CSc1nc(O)c(C(=O)Nc2c(Cl)cc(-c3c[nH]nn3)cc2Cl)c(=O)[nH]1";"DIWWNGJCSZIMEQ-UHFFFAOYSA-N";"InChI=1S/C14H10Cl2N6O3S/c1-26-14-19-12(24)9(13(25)20-14)11(23)18-10-6(15)2-5(3-7(10)16)8-4-17-22-21-8/h2-4H,1H3,(H,18,23)(H,17,21,22)(H2,19,20,24,25)";"False";"-1";"['BDBM499667']";"['US11020397, Compound Formula-(IIy)']"
"CHEMBL5997929";"";"";"";"";"382.26";"1";"6";"0.82";"156.62";"6";"5";"0";"3";"N";"0.45";"3";"MOL";"-1";"27";"-1.57";"C14H9F3N6O4";"O=C(Nc1ccc(-c2nc(C(F)(F)F)n[nH]2)cc1)c1c(O)[nH]c(=O)[nH]c1=O";"KGRKLKULCGGVAO-UHFFFAOYSA-N";"InChI=1S/C14H9F3N6O4/c15-14(16,17)12-19-8(22-23-12)5-1-3-6(4-2-5)18-9(24)7-10(25)20-13(27)21-11(7)26/h1-4H,(H,18,24)(H,19,22,23)(H3,20,21,25,26,27)";"False";"-1";"['BDBM458102', 'BDBM458102']";"['US10752613, Compound Formula (Ie)::US11161835, Compound Formula (Ie)', 'US10752613, Compound Formula (Ie)::US11161835, Compound Formula (Ie)']"
"CHEMBL5814665";"";"";"";"";"390.40";"2";"6";"2.15";"136.65";"7";"4";"0";"5";"N";"0.39";"3";"MOL";"-1";"27";"-2.01";"C16H15FN6O3S";"CC(C)Sc1nc(O)c(C(=O)Nc2ccc(-c3c[nH]nn3)c(F)c2)c(=O)[nH]1";"IHNKIPMNBSGQSG-UHFFFAOYSA-N";"InChI=1S/C16H15FN6O3S/c1-7(2)27-16-20-14(25)12(15(26)21-16)13(24)19-8-3-4-9(10(17)5-8)11-6-18-23-22-11/h3-7H,1-2H3,(H,19,24)(H,18,22,23)(H2,20,21,25,26)";"False";"-1";"['BDBM499665']";"['US11020397, Compound Formula-(IIw)']"
"CHEMBL6028932";"";"";"";"";"395.40";"2";"6";"1.78";"149.54";"8";"4";"0";"4";"N";"0.30";"4";"MOL";"-1";"28";"-1.73";"C17H13N7O3S";"CSc1nc(O)c(C(=O)Nc2ccc3nc(-c4c[nH]nn4)ccc3c2)c(=O)[nH]1";"OFBXBTILCTZGAY-UHFFFAOYSA-N";"InChI=1S/C17H13N7O3S/c1-28-17-21-15(26)13(16(27)22-17)14(25)19-9-3-5-10-8(6-9)2-4-11(20-10)12-7-18-24-23-12/h2-7H,1H3,(H,19,25)(H,18,23,24)(H2,21,22,26,27)";"False";"-1";"['BDBM499686']";"['US11020397, Compound Formula-(II10)']"
"CHEMBL5803335";"";"";"";"";"440.41";"2";"6";"3.03";"136.65";"7";"4";"0";"5";"N";"0.35";"3";"MOL";"-1";"30";"-1.79";"C17H15F3N6O3S";"CC(C)Sc1nc(O)c(C(=O)Nc2ccc(-c3c[nH]nn3)cc2C(F)(F)F)c(=O)[nH]1";"IZHSIQHGLLEGIQ-UHFFFAOYSA-N";"InChI=1S/C17H15F3N6O3S/c1-7(2)30-16-23-14(28)12(15(29)24-16)13(27)22-10-4-3-8(11-6-21-26-25-11)5-9(10)17(18,19)20/h3-7H,1-2H3,(H,22,27)(H,21,25,26)(H2,23,24,28,29)";"False";"-1";"['BDBM499683']";"['US11020397, Compound Formula-(II7)']"
"CHEMBL5904234";"";"";"";"";"362.35";"2";"6";"1.37";"136.65";"7";"4";"0";"4";"N";"0.41";"3";"MOL";"-1";"25";"-2.09";"C14H11FN6O3S";"CSc1nc(O)c(C(=O)Nc2ccc(-c3c[nH]nn3)cc2F)c(=O)[nH]1";"JMWWCLDDKDQGNY-UHFFFAOYSA-N";"InChI=1S/C14H11FN6O3S/c1-25-14-18-12(23)10(13(24)19-14)11(22)17-8-3-2-6(4-7(8)15)9-5-16-21-20-9/h2-5H,1H3,(H,17,22)(H,16,20,21)(H2,18,19,23,24)";"False";"-1";"['BDBM499659']";"['US11020397, Compound Formula-(IIs)']"
"CHEMBL8145";"DAIDZEIN";"4',7-DIHYDROXYISOFLAVONE|DAIDZEIN";"Small molecule";"2.0";"254.24";"153";"427";"2.87";"70.67";"4";"2";"0";"1";"N";"0.70";"3";"MOL";"0";"19";"0.83";"C15H10O4";"O=c1c(-c2ccc(O)cc2)coc2cc(O)ccc12";"ZQSIJRDFPHDXIC-UHFFFAOYSA-N";"InChI=1S/C15H10O4/c16-10-3-1-9(2-4-10)13-8-19-14-7-11(17)5-6-12(14)15(13)18/h1-8,16-17H";"False";"0";"['SID124879929', 'Daidzein', 'Daidzein', 'Daidzein', '5', '12', 'Daidzein', 'SID50113498', '668', 'daidzein', 'daidzein', 'Daidzein', 'daidzein', '11', 'Daidzein', 'Diadzein', 'SID50085965', '8', 'DAI (24)', '25', 'SID26752188', 'SID26752189', '18', '8', 'Daidzein', 'daidzein', '2', 'SID124879932', '19', '17', 'daidzein', 'daidzein', '18', '31', '1', 'daidzein', 'Daidzein', 'SID26747166', 'SID17389519', 'SID124879927', 'SID11114077', 'Daidzein', 'Daidzein', '4', 'SID90341229', '18', 'daidzein', 'Daid', '8', '17', 'Dzaidzein', 'SID144213952', 'SID144208642', 'SID124879930', 'DAIDZEIN', '34', 'Daidzein', 'SID50126369', 'SID46500432', '2', 'Daidzein', '2', '2', 'BDBM23420', '17', '1', 'Daidzein', 'daidzein', '5', 'Daidzein', '2', '26', '1', '12', '31', 'Daidzein', '4', '43', '1', 'Daidzein', '11', 'Daidzein', '40', 'SID174007201', 'SID50113497', '4', '18', '87', 'SID26747167', 'SID85231010', 'SID50104845', 'SID50104846', 'SID11111095', "7,4'-dihydroxyisoflavone", 'daidzein', '28', 'SID50104847', '17', 'SID124879933', 'Daidzein', 'Daidzein', "4',7-Dihydroxyisoflavanone", 'Daidzein', 'DAIDZEIN', 'COVC-3362525253', '1', '80', 'DAIDZEIN', 'Daidzein', '41', '25', 'Daidzein', "4',7-Dihydroxyisoflavanone", 'Daidzein', 'Daidzein', 'Daidzein', 'daidzein', 'Daidzein', '1', 'Daidzein', 'Daidzein', 'Daidzein']";"['SID124879929', '7-Hydroxy-3-(4-hydroxy-phenyl)-chromen-4-one', '7-Hydroxy-3-(4-hydroxy-phenyl)-chromen-4-one', '7-Hydroxy-3-(4-hydroxy-phenyl)-chromen-4-one', 'daidzein', 'Daidzein', 'Daidzein', 'SID50113498', None, 'daidzein', 'daidzein', "4',7-Dihydroxyisoflavone", 'daidzein', 'Diadzein', 'Daidzein', 'Diadzein', 'SID50085965', 'Diadzein', '7-Hydroxy-3-(4-hydroxy-phenyl)-chromen-4-one', 'Daidzein', 'SID26752188', 'SID26752189', 'Daidzein', '7-hydroxy-3-(4-hydroxyphenyl)-4H-chromen-4-one', 'Daidzein', '7-hydroxy-3-(4-hydroxyphenyl)-4H-chromen-4-one', 'Daidzein', 'SID124879932', 'daidzein', 'Daidzein', 'daidzein', 'daidzein', 'daidzein', '7-hydroxy-3-(4-hydroxyphenyl)-4H-chromen-4-one', 'Daidzein', 'daidzein', 'Daidzein', 'SID26747166', 'SID17389519', 'SID124879927', 'SID11114077', 'Daidzein', 'Daidzein', 'Daidzein', 'SID90341229', 'Daidzein', 'daidzein', 'Daidzein', 'Daidzein', 'Daidzein', 'Dzaidzein', 'SID144213952', 'SID144208642', 'SID124879930', 'DAIDZEIN', 'Daidzein', 'Daidzein', 'SID50126369', 'SID46500432', '7-Hydroxy-3-(4-hydroxy-phenyl)-chromen-4-one', 'Daidzein', '7-Hydroxy-3-(4-hydroxy-phenyl)-chromen-4-one', '7-Hydroxy-3-(4-hydroxy-phenyl)-chromen-4-one', '7,4&#8242;-Dihydroxy-isoflavone (3a)::7-hydroxy-3-(4-hydroxyphenyl)-4H-chromen-4-one::CHEMBL8145::Daidzein::US8552057, 7', 'daidzein', 'daidzein', 'Daidzein', 'daidzein', '7-Hydroxy-3-(4-hydroxy-phenyl)-chromen-4-one', 'Daidzein', 'daidzein', 'daidzein', 'Daidzein', 'daidzein', 'Daidzein', 'Daidzein', 'Daidzein', 'daidzein', 'Daidzein', 'Daidzein', 'Daidzein', 'Daidzein', 'Daidzein', 'SID174007201', 'SID50113497', 'Daidzein', 'Daidzein', 'daidzein', 'SID26747167', 'SID85231010', 'SID50104845', 'SID50104846', 'SID11111095', "7,4'-dihydroxyisoflavone", '7-O-glucosyl-40-hydroxyisoflavone', 'Daidzein', 'SID50104847', '7-hydroxy-3-(4-hydroxyphenyl)-4H-chromen-4-one', 'SID124879933', 'Daidzein', 'Daidzein', "4',7-Dihydroxyisoflavanone", 'Daidzein', 'DAIDZEIN', 'DAIDZEIN', 'Daidzein', 'Daidzein', 'DAIDZEIN', 'Daidzein', 'Daidzein', '7-hydroxy-3-(4-hydroxyphenyl)-4H-chromen-4-one', 'Daidzein', "4',7-Dihydroxyisoflavanone", 'Daidzein', 'Daidzein', 'Daidzein', 'daidzein', 'Daidzein', 'Daidzein', 'Daidzein', 'Daidzein', 'Daidzein']"
"CHEMBL301523";"PHENYLALANINE";"FEMA NO. 3585|FENILALANINA|L-PHENYLALANINE|LAEVO-PHENYL ALANINE|NSC-79477|PHENYLALANINE";"Small molecule";"3.0";"165.19";"105";"267";"0.64";"63.32";"2";"2";"0";"3";"N";"0.69";"1";"MOL";"0";"12";"0.48";"C9H11NO2";"N[C@@H](Cc1ccccc1)C(=O)O";"COLNVLDHVKWLRT-QMMMGPOBSA-N";"InChI=1S/C9H11NO2/c10-8(9(11)12)6-7-4-2-1-3-5-7/h1-5,8H,6,10H2,(H,11,12)/t8-/m0/s1";"False";"0";"['Phe', 'Phenylalanine', 'L-phenylalanine', '5', 'Ph(phenyl alanine)', '18; L-Phe', 'phenylalanine', 'Phe', '3, L-Phe', 'L-Phenylalanine', 'L-Phenylalanine', '3', 'L-Phe', '3; L-Phe', 'L-phenylalanine', 'SID26753740', '3', '3, L-Phe', '3', 'Phenylalanine', 'L-phenylalanine', '3, L-Phe', 'Phe', 'L-Phenylalanine', 'L-Phenylalanine', 'L-phenylalanine', 'SID124877007', 'NBD-FRP', 'FRP', 'Phenylalanine', 'PHENYLALANINE', '3', 'L-Phenylalanine', 'C-phenylalanine', '2', '7', '3, L-Phe', '3', 'SID124877010', '3', 'Phenylalanine (table SV)', '3', '3', 'L-phenylalanine', 'L-phenyl alanine', '3', 'SID4252550', 'L-phenylalanine', '3', '1', 'L-Phe', 'L-Phenyl alanine', 'L-Phenyl alanine', '3', 'Phenylalanine', 'L-Phenylalanine', 'Phenylalanine', 'PHENYLALANINE', '50', '3', 'Phenylalanine', 'COVC-0678830918', '1a', 'Phenylalanine', '8', 'phenylalanine', 'L-Phe', 'Phenylalanine', 'L-Phe', 'L-phenylalanine', 'L-Phe', 'BDBM18073', 'PHENYLALANINE']";"['2-Amino-3-phenyl-propionic acid', '2-Amino-3-phenyl-propionic acid', 'L-phenylalanine', '2-Amino-3-phenyl-propionic acid', '2-Amino-3-phenyl-propionic acid', 'L-Phenylalanine', '2-Amino-3-phenyl-propionic acid', '2-Amino-3-phenyl-propionic acid', '(S)-2-amino-3-phenylpropanoic acid', '(S)-2-Amino-3-phenyl-propionic acid', 'L-Phenylalanine', 'L-Phe', 'L-phenylalanine', '(S)-2-amino-3-phenylpropanoic acid', 'L-phenylalanine', 'SID26753740', 'L-Phe', '(S)-2-amino-3-phenylpropanoic acid', '(S)-2-amino-3-phenylpropanoic acid', 'Phenylalanine', 'L-phenylalanine', 'L-Phenylalanine', 'Phenylalanine', 'L-Phenylalanine', 'L-Phenylalanine', 'L-phenylalanine', 'SID124877007', 'NBD-phenylalanine', 'phenylalanine', '2-Amino-3-phenyl-propionic acid (Phenylalanine)', 'PHENYLALANINE', 'L-phe', '2-amino-3-phenylpropanoic acid (L-phenylalanine)', '(S)-2-amino-3-phenylpropanoic acid', 'L-phenylalanine', '(S)-2-amino-3-phenylpropanoic acid', '(S)-2-amino-3-phenylpropanoic acid', 'L-Phe', 'SID124877010', 'L-Phenylalanine', 'Phenylalanine', 'L-Phe', 'L-Phe', 'L-phenylalanine', 'L-phenyl alanine', '(S)-2-amino-3-phenylpropanoic acid', 'SID4252550', 'L-phenylalanine', '(S)-2-amino-3-phenylpropanoic acid', 'L-phenylalanine', 'L-Phe', 'L-Phenyl alanine', 'L-Phenyl alanine', '(S)-2-amino-3-phenylpropanoic acid', 'Phenylalanine', 'L-Phenylalanine', 'Phenylalanine', 'PHENYLALANINE', '(S)-2-amino-3-phenylpropanoic acid; Phenylalanine', 'L-Phenylalanine', 'Phenylalanine', 'D-PHENYLALANINE', 'Phenylalanine', 'Phenylalanine', 'L-phenylalanine', 'phenylalanine', 'L-Phenylalanine', 'Phenylalanine', 'L-Phenylalanine', 'L-phenylalanine', 'L-Phenylalanine', '(2S)-2-amino-3-phenylpropanoic acid::CHEMBL301523::L-[2,3,4,5,6-3H]phenylalanine::L-phenylalanine::Phenylalanine::US11021454, Compound L-phe', 'PHENYLALANINE']"
"CHEMBL1009";"LEVODOPA";"BENDOPA|BROCADOPA|CVT-301|DOPAR|INBRIJA|LARODOPA|LEVODOPA|LEVODOPA COMPONENT OF /CARBIDOPA/ENTACAPONE ORION|LEVODOPA COMPONENT OF CARBILEV|LEVODOPA COMPONENT OF CORBILTA|LEVODOPA COMPONENT OF CREXONT|LEVODOPA COMPONENT OF DHIVY|LEVODOPA COMPONENT OF DOPASNAP|LEVODOPA COMPONENT OF DUOPA|LEVODOPA COMPONENT OF IPX-203|LEVODOPA COMPONENT OF IPX203|LEVODOPA COMPONENT OF PARCOPA|LEVODOPA COMPONENT OF RYTARY|LEVODOPA COMPONENT OF SINEMET|LEVODOPA COMPONENT OF STALEVO|LEVODOPUM|NSC-118381|V-1512";"Small molecule";"4.0";"197.19";"246";"1275";"0.05";"103.78";"4";"4";"0";"3";"N";"0.51";"1";"MOL";"0";"14";"1.19";"C9H11NO4";"N[C@@H](Cc1ccc(O)c(O)c1)C(=O)O";"WTDRDQBEARUVNC-LURJTMIESA-N";"InChI=1S/C9H11NO4/c10-6(9(13)14)3-5-1-2-7(11)8(12)4-5/h1-2,4,6,11-12H,3,10H2,(H,13,14)/t6-/m0/s1";"False";"0";"['L-DOPA', 'L-Dopa', 'Levodopa', '62', 'L-Dopa', 'L-dopa', 'L-Dopamine', 'L-DOPA', '5', '5', 'L-dopa', 'Levodopa', 'L-DOPA', 'L-3,4-Dihydroxyphenylalanine', 'LEVODOPA', '5, L-DOPA', 'L-dopa', '10', 'L-DOPA', 'Levodopa', 'L-Dopa', 'LD, L-dopa', '5, L-DOPA', '5', '85', '5, L-DOPA', 'L-DOPA', 'L-dopa', 'SID11111115', 'L-dopa', 'L-DOPA', 'SID11112155', 'LEVODOPA', 'Levo-dopa', 'SID90341430', '5, L-DOPA', '5', 'PheAla family, cpd4', 'SID144203889', 'LEVODOPA', 'L-Dopa', 'LEVODOPA', 'SID104171278', 'SID26753566', 'L dopa', 'LEVODOPA', '5', 'LEVODOPA', 'L-DOPA', 'levodopa', 'levodopa', '5, L-DOPA', 'LEVODOPA', '5, L-DOPA', 'Levodopa', '5, L-DOPA', '5', 'Levodopa', 'levodopa', 'L-DOPA', 'Levodopa', 'L-DOPA', '186', 'Levodopa', '5', '5, L-DOPA', 'L-Dopa', 'L-Dopa', 'Levodopa', 'Levodopa', 'Levodopa', 'SID11532916', 'LEVODOPA', 'Levodopa', 'LEVODOPA', '5; L-DOPA', 'L-3,4 dihydroxyphenylalanine', 'L-dopa', 'COVC-2826339908', 'Levodopa', '155', 'L-DOPA', 'L-DOPA', 'Levodopa', '5', 'L-Dopa', 'Levodopa', 'BA1000168', 'Levodopa', '7; L-dopa', 'L-dopa', '71', 'LEVODOPA', 'LEVODOPA', 'L-DOPA', 'L-DOPA', 'Levodopa', 'L-Dopa', 'levodopa', 'L-Dopa', 'LEVODOPA', 'L-DOPA', 'LEVODOPA', 'L-DOPA', 'LEVODOPA', 'BDBM60928', 'LEVODOPA']";"['(S)-2-amino-3-(3,4-dihydroxyphenyl)propanoic acid', 'L-Dopamine', 'Levodopa', '2-Amino-3-(3,4-dihydroxy-phenyl)-propionic acid', 'L-Dopa', '(S)-2-Amino-3-(3,4-dihydroxy-phenyl)-propionic acid', '4-(2-Amino-ethyl)-benzene-1,2-diol', "3-(3'4'-dihydroxyphenyl)-L-alanine", 'L-DOPA', '(S)-2-amino-3-(3,4-dihydroxyphenyl)propanoic acid', '(S)-2-amino-3-(3,4-dihydroxyphenyl)propanoic acid', 'Levodopa', '(S)-2-amino-3-(3,4-dihydroxyphenyl)propanoic acid', 'L-3,4-Dihydroxyphenylalanine', 'LEVODOPA', '(S)-2-amino-3-(3,4-dihydroxyphenyl)propanoic acid', '(S)-2-amino-3-(3,4-dihydroxyphenyl)propanoic acid', '2-Amino-3-(3,4-dihydroxy-phenyl)-propionic acid', '(S)-2-amino-3-(3,4-dihydroxyphenyl)propanoic acid', 'Levodopa', '2-Amino-3-(3,4-dihydroxy-phenyl)-propionic acid', '(S)-2-amino-3-(3,4-dihydroxyphenyl)propanoic acid', '(S)-2-amino-3-(3,4-dihydroxyphenyl)propanoic acid', '(S)-2-amino-3-(3,4-dihydroxyphenyl)propanoic acid', '2-Amino-3-(3,4-dihydroxy-phenyl)-propionic acid (levodopa)', '(S)-2-amino-3-(3,4-dihydroxyphenyl)propanoic acid', 'L-3-(3,4-dihydroxyphenyl)alanine', 'Levodopa', 'SID11111115', '(S)-2-amino-3-(3,4-dihydroxyphenyl)propanoic acid', 'levodopamine', 'SID11112155', 'LEVODOPA', 'Levo-dopa', 'SID90341430', '(S)-2-amino-3-(3,4-dihydroxyphenyl)propanoic acid', '(S)-2-amino-3-(3,4-dihydroxyphenyl)propanoic acid', '(L)-3,4-dihydroxyphenylalanine', 'SID144203889', 'LEVODOPA', 'L-Dopa', 'Levodopa', 'SID104171278', 'SID26753566', 'L dopa', 'LEVODOPA', 'L-dopa', 'LEVODOPA', '(S)-2-Amino-3-(3,4-dihydroxy-phenyl)-propionic acid', '(S)-2-amino-3-(3,4-dihydroxyphenyl)propanoic acid', 'levodopa', '(S)-2-amino-3-(3,4-dihydroxyphenyl)propanoic acid', 'LEVODOPA', '(S)-2-amino-3-(3,4-dihydroxyphenyl)propanoic acid', 'Levodopa', '(S)-2-amino-3-(3,4-dihydroxyphenyl)propanoic acid', 'L-DOPA', 'Levodopa', 'levodopa', 'L-3,4-Dihydroxyphenylalanine', 'Levodopa', 'L-3,4-dihydroxyphenylalanine', 'Levodopa', 'Levodopa', '(S)-2-amino-3-(3,4-dihydroxyphenyl)propanoic acid', '(S)-2-amino-3-(3,4-dihydroxyphenyl)propanoic acid', '(S)-2-amino-3-(3,4-dihydroxyphenyl)propanoic acid', '(S)-2-amino-3-(3,4-dihydroxyphenyl)propanoic acid', 'Levodopa', 'Levodopa', 'Levodopa', 'SID11532916', 'LEVODOPA', 'Levodopa', 'LEVODOPA', '(S)-2-amino-3-(3,4-dihydroxyphenyl)propanoic acid', 'L-3,4 dihydroxyphenylalanine', 'L-dopa', 'LEVODOPA', 'Levodopa', 'Levodopa', '(S)-2-amino-3-(3,4-dihydroxyphenyl)propanoic acid', '(S)-2-amino-3-(3,4-dihydroxyphenyl)propanoic acid', 'Levodopa', '(S)-2-amino-3-(3,4-dihydroxyphenyl)propanoic acid', 'L-Dopa', 'Levodopa', 'LEVODOPA', 'Levodopa', '(S)-2-amino-3-(3,4-dihydroxyphenyl)propanoic acid', 'L-2-amino-3-(3,4-dihydroxyphenyl)propanoic acid', '(2S)-2-amino-3-(3,4-dihydroxyphenyl)propanoic acid', 'LEVODOPA', 'LEVODOPA', '(S)-2-amino-3-(3,4-dihydroxyphenyl)propanoic acid', '(S)-2-amino-3-(3,4-dihydroxyphenyl)propanoic acid', 'Levodopa', 'L-Dopa', 'levodopa', '(2S)-2-amino-3-(3,4-dihydroxyphenyl)propanoic acid', 'LEVODOPA', 'Levodopa', 'LEVODOPA', '(S)-2-amino-3-(3,4-dihydroxyphenyl)propanoic acid', 'LEVODOPA', 'BDBM50130192::L-3,4-dihydroxyphenylalanine::L-DOPA::US11021454, Compound L-dopa::dihydroxyphenylalanine', 'LEVODOPA']"
"CHEMBL6";"INDOMETHACIN";"ACONIP|ARTRACIN|ARTRACIN SR|BERLIND 75 RET|DURAMETACIN|FLEXIN-25 CONTINUS|FLEXIN-50 CONTINUS|FLEXIN-75 CONTINUS|IMBRILON|INDO-LEMMON|INDO-PAED|INDOCID RET|INDOCID-R|INDOCIN|INDOCIN SR|INDODERM|INDOFLEX|INDOLAR|INDOLAR SR|INDOMAX-25|INDOMAX-75 SR|INDOMETACIN|INDOMETACIN FARNESIL|INDOMETACINA|INDOMETACINE|INDOMETACINUM|INDOMETHACIN|INDOMOD|INDOPTOL|INDOTARD MR 75|LEDMECIN|MAXIMET SR|MOBILAN|NSC-757061|NSC-77541|PARDELPRIN MR|REUMACIDE|RHEUMACIN LA|RIMACID|SLO-INDO|TIVORBEX";"Small molecule";"4.0";"357.79";"373";"7764";"3.93";"68.53";"4";"1";"0";"4";"N";"0.77";"3";"MOL";"0";"25";"-0.72";"C19H16ClNO4";"COc1ccc2c(c1)c(CC(=O)O)c(C)n2C(=O)c1ccc(Cl)cc1";"CGIGDMFJXJATDK-UHFFFAOYSA-N";"InChI=1S/C19H16ClNO4/c1-11-15(10-18(22)23)16-9-14(25-2)7-8-17(16)21(11)19(24)12-3-5-13(20)6-4-12/h3-9H,10H2,1-2H3,(H,22,23)";"False";"0";"['Indomethacin', 'Indomethacin', 'INDO', 'Indomethacin', 'indomethacin', 'Indomethacin', 'Indomethacin', 'Indomethacin', 'Indomethacin', '90c', '1', 'Indomethacin', 'Indomethacin', 'Indomethacin', 'Indomethacin', 'Indomethacin', 'Indomethacin', 'Indometacin', 'Indomethacin', 'Indomethacin', 'Indomethacin', 'INDO, Indomethacin', 'Indomethacin', 'Indomethacin', 'Indomethacin', 'indomethacin', 'Indomethacin', 'Indomethacin', 'Indomethacin', 'Indomethacin', 'Indomethacin', 'Indomethacin', 'Indomethacin', 'Indomethacin', 'Indomethacin', 'Indomethacin', 'Indomethacin', 'Indomethacin', 'Indomethacin', 'Indomethacin', 'Indomethacin', 'Indomethacin', 'Indomethacin', 'Indomethacin', 'Indomethacin', 'Indomethacin', 'Indomethacin', 'indomethacin', 'Indomethacin', 'Indomethacin', 'Indomethacin', 'Indomethacin', 'Indomethacin', 'IND', 'Indomethacin', 'Indomethacin', 'SID144206660', 'Indomethacin', 'Indomethacin', 'Indomethacin', 'Indomethacin', 'Indomethacin', 'Indomethacin', 'indomethacin', 'Indomethacin', 'Indomethacin', 'Indomethacin', '11', 'Indomethacin', 'Indomethacin', 'indomethacin', 'Indomethacin', 'Indomethacin', 'Indomethacin', 'Indomethacin', 'Indomethacin', '190', 'Indomethacin', 'Indomethacin', 'Indomethacin', 'Indomethacin', 'Indomethacin', 'Indomethacin', 'Indomethacin', 'Indomethacin', 'Indomethacin', 'Indomethacin', 'Indomethacin', 'Indomethacin', '2', 'indomethacin', '1', 'indomethacin', 'indomethacin', 'Indomethacin', 'SID856012', 'Indomethacin', 'Indomethacin', '26', 'Indomethacin', 'Indomethacin', '9 Indomethacin', 'Indomethacin', 'Indomethacin', 'indomethacin', 'Indomethacin', 'Indomethacin', 'Indomethacin', '6', 'Indomethacin', 'Indomethacin', 'Indomethacin', 'Indomethacin', 'Indomethacin', '32', 'Indomethacinin', 'SID90340917', 'Indomethacin', 'Indomethacin', '1', 'Indomethacin', 'Indomethacin', 'Indomethacin', 'Indomethacin', 'Indomethacin', 'IMA', 'Indomethacin', 'Indomethacin', 'IM', 'indomethacin', 'indomethacin', 'Indomethacin', 'Indomethcin', 'Indomethacin', 'Indomethacin', 'Indomethacin', 'Indomethacin', 'Indomethacin', '6', 'Indomethacin', 'Indomethacin', 'INDO', 'Indomethacin', 'indomethacin', 'Indomethacin', 'Indomethacin', '1, Indomethacin', 'indomethacin', 'Indomethacin', 'Indomethacin', 'Indomethasone', 'Indomethacin', 'Indomethacin', 'Indomethacin', '4', 'Indomethacin', 'Indomethacin', '1, Indomethacin', 'INDOMETHACIN', 'Indomethacin', 'Indomethacin', 'Indomethacin', 'Indomethacin', 'Table 1,C1R17', 'Indomethacin', 'Indomethacin', 'Indomethacin', 'Indomethacin', 'Indomethacin', 'indomethacin', 'INDOMETHACIN', 'Indomethacin', 'Indomethacin', 'Indomethacin', 'INDOMETHACIN', 'Indomethacin', 'Indomethacin', 'Indomethacin', 'IMA', 'Indomethacin', 'Indomethacin', 'Indomethacin', 'indomethacin', 'Indomethacin', 'indomethacin', 'Indomethacin', 'Indomethacin', 'Indomethacin', 'INDO', '3', 'Indomethacin', 'IND', 'Indomethacin', 'Indomethacin', 'Indomethacin', 'Indomethacin', 'Indomethacin', 'Indomethacin', 'Indomethacin', 'Indomethacin', 'Indomethacin', 'Indomethacin', 'Indomethacin', 'Indomethacin', 'Indomethacin', 'indoemthacin', 'SID56422212', '11', 'Indomethacin', 'Indomethacin', '1', 'Indomethacin', 'Indomethacin', 'Indomethacin', 'INDOMETHACIN', 'indomethacin', 'Indomethacin', 'Indomethacin', 'Indomethacin', 'Indomethacin', 'Indo', 'Indomethacin', 'Indomethacin', 'Indomethacin', 'Indomethacin', 'Indomethacin', 'indomethacin', 'Indomethacin', 'Indomethacin', 'indomethacin', 'indomethacin', 'Indomethacin', 'Indomethacin', 'indomethacin', 'Indomethacin', 'indomethacin', 'Indomethacin', 'indomethacin', 'Indomethacin', 'Indomethacin', 'Indomethacin', 'indomethacin', 'Indo', 'indomethacin', 'Indomethacin', 'Indomethacin', 'indomethacin', 'Indomethacin', 'Indomethacin', 'Indomethacin', '32', 'indomethacin', '1a (synthesized)', 'Indomethacin', 'indomethacin', 'Indomethacin', 'INDOMETHACIN', 'Indomethacin', 'Indomethacin', 'indomethacin', 'Indomethacin', 'Indomethacin', 'Indomethacin', 'Indomethacin', 'Indomethacin', 'indomethacin', 'Indomethacin', 'Indomethacin', 'Indomethacin', 'Indomethacin', '24', 'indomethacin', 'Indomethacin', 'Indomethacin', 'Indomethecin', 'Indomthacin', 'Indomethacin', '61', 'indomethacin', 'Indomethacin', 'indomethacin', 'Indomethacin', 'Indomethacin', 'indomethacin', 'Indomethacin', 'Indomethacin', 'Indomethacin', 'Indomethacin', 'Indomethacin', 'Indomethacin', 'Indomethacin', 'Indo', 'indomethacin', 'SID124880453', 'indomethacin', 'Indomethacin', 'Indomethacin', 'Indomethacin', 'IMA', 'Indomethacin', 'SID11113361', 'indomethacin', 'indomethacin', 'Indomethacin', 'Indomethacin', 'Indomethacin', 'Indomethacin', 'Indomethacin', '1', 'I', 'indomethacin', 'Indomethacin', 'Imn', 'Indomethacin', 'Indomethacin', 'indomethacin', 'Indomethacin', 'Indomethacin', '39', 'Indomethacin', 'Indomethacin', 'indomethacin', 'indomethacin', 'indomethacin', 'Indomethacin', 'Indomethacin', 'Indomethacin', 'indomethacin', 'indomethacin', 'Indomethacin', 'Indo', 'Indomethacin', 'Indo', 'Indomethacin', 'Indomethacin', 'Indomethacin', 'Indomethacin', 'Indomethacin', 'Indomethacin', 'SID11111329', 'Indomethacin', 'Indomethacin', 'Indomethacin', 'Indomethacin', 'Indomethacin', 'Indomethacin', 'SID17389851', 'Indomethacin', 'indomethacin', 'Indomethacin', 'Indomethacin', 'Indomethacin', 'Indomethacin', 'Indomethacin', 'Indomethacin', 'Indomethacin', 'BDBM17638', 'p.c.-1', 'Indo', 'Indomethacin', 'Indomethacin', 'Indomethacin', 'Indomethacin', 'INDOMETHACIN', 'Indomethacin', 'indomethacin', '3', 'indomethacin', 'IMA', 'Indomethacin', 'Indomethacin', 'Indomethacin', 'Indomethacin', 'Indomethacin', 'IND', 'Indomethacin', 'Indomethacin', 'Indomethacin', 'Indomethacin', 'Indomethacin', 'Indomethacin', 'Indomethacin', 'Indomethacin', 'Indomethacin', 'Indomethacin', 'SID144208989', 'Indometacin', 'IND', 'indomethacin', 'Indomethacin', '67', 'Indomethacin', 'Indomethacin', 'Indomethacin', 'Indomethacin', 'Indomethacin', '18', 'indomethacin', 'Indomethacin', 'indomethacin', 'Indomethacin', 'Indometacin', 'Indomethacin', 'Indomethacin', 'Indomethacin', 'Indomethacin', '3', 'Indomethacin', 'SID174007200', 'Indomethacin', 'Indomethacin', 'indomethacin', 'Indomethacin', 'S1', 'Indomethacin', 'Indomethacin', 'indomethacin', 'Indomethacin', 'Indomethacin', 'Indomethacin', 'Indomethacin', 'SID144210586', 'Indomethacin', 'Indomethacin', 'Indomethacin', 'indomethacin', '6', 'indomethacin', 'Indomethacin', 'Indomethacin', 'Indomethacin', 'Indomethacin', 'Indomethacin', 'Indomethacin', 'Indomethacin', 'Indomethacin', 'Indomethacin', '63, Table 2', 'Indomethacin', 'Indomethacin (table 1)', 'Indomethacin', 'SID26747087', 'indomethacin', 'Indomethacin', 'Indomethacin', 'Indomethacin', 'Indomethacin', 'SID50126367', 'Indomethacin', 'SID124880457', 'Indomethacin', 'indomethacin', 'indomethacin', 'Indomethacin', 'indomethacin', 'Indomethacin', 'Indomethacin', '1 Indomethacin', 'Indomethacin', 'Indomethacin', 'Indomethacin', 'Indomethacin', '1', 'Indo', 'Indomethacin', 'Indo', 'Indomethacin', 'Indomethacin', 'Indomethacin', 'Ia', '1, IMN', 'Indomethacin', 'Indomethacin', 'Indomethacin', 'indomethacin', 'Indomethacin', 'Indomethacin', '6 Indomethacin', 'Indomethacin', '42', 'Indomethacin', 'Indom/cine', 'Indomethacin', 'Indomethacin', 'SID170464705', 'Indomethacin', 'INDOMETHACIN', '3', 'Indomethacin', 'Indomethacin', 'Indomethacin', 'Indomethacin', 'Indomethacin', 'Indomethacin', 'Indomethacin', 'IDM Indomethacin', 'Indomethacin', 'INDO', 'Indomethacin', 'Indomethacin', 'Indomethacin', 'indomethacin', 'Indomethacin', 'Indomethacin', 'Indomethacin', '26', 'Indomethacin', 'indomethacin', 'Indomethacin', '27', 'Indomethacin', '11, INDM', 'Indomethacin', 'indomethacin', 'Indomethacin', 'Indomethacin', 'Indomethacin', 'indomethacin', 'Indomethacin', 'IND', 'Indomethacin', 'Indomethecin', 'Indomethacin', 'indomethacin', 'Indomethacin', 'Indomethacin', 'Indomethacin', 'Indomethacin', 'indomethacin', 'Indomethacin', '6', 'Indomethacin', 'Indomethacin', '26', 'Indomethacin', 'Indomethacin', 'Indomethacin', 'Ind', 'indomethacin', '4', 'Indomethacin', 'Indomethacin', 'Indomethacin', '1', 'Indomethacin', 'Indomethacin', 'Indomethacin', 'Indomethacin', 'Indomethacin', 'Indomethacin', 'Indomethacin', 'IMA', '37, indomethacin', 'Indomethacin', 'indomethacin', 'Indomethacin', '1a', 'Indomethacin', 'Indomethacin', 'Indomethacin', 'Indomethacin', 'Indomethacin', 'Indomethacin', 'Indomethacin', 'Indomethacin', 'Indomethacin', 'Indomethacin', 'Indomethacin', 'Indomethacin', 'Indomethacin', 'Indomethacin', 'Indomethacin', 'indomethacin', 'Indomethecin', 'indomethacin', 'Indometacin', 'Indomethacin', 'Indomethacin', '9b', 'INDO', 'indomethacin', 'Indomethacin', 'Indo', 'IND', 'Indomethacin', 'Indomethacin', 'Indomethazine', 'Indomethacin', 'Indomethacin (table SV)', 'Indomethacin', 'Indomethacin', '172', 'Indomethacin', 'indomethacin', 'indomethacin', 'Indomethacin', 'Indomethacin', 'Indomethacin', 'Indomethacin', 'Indomethacin', 'Indomethacin', 'Indomethacin', 'Indomethacin', 'Indomethacin', 'Indomethecin', 'Indomethacin', 'Indomethacin', 'Indomethacin', '19', 'Indomethacin', 'Indomethacin', 'Indomethacin', 'indomethacin', 'Indomethacin', 'Indomethacin', 'Indomethacin', 'indomethacin', 'SID11111328', '1, indomethacin (S-trans form)', 'Indomethacin', '2', 'Indomethacin', '1', '12', 'indomethacin', 'Indomethacin', 'Indomethacin', '1', 'Indomethacin', 'INDOMETACINE', 'Indomethacin', '11', 'Indomethacin', 'Indomethacin', 'Indomethacin', 'Indomethacin', '4', 'Indomethacin', 'INDO', 'Indomethacin', 'Ind', '1', 'Indomethacin', 'Indomethacin', 'Indomethacin', 'Indomethacin', 'Indomethacin', 'Indomethacin', 'Indomethacin', 'Indomethacin', 'Indomethacin', 'Indomethacin', 'Indomethacin', 'Indomethacin', 'Indomethacin', 'Indomethacin', 'SID50100255', '11', 'Indomethacin', 'Indomethacin', 'Indomethacin', 'Indomethacin', 'indomethacin', 'Indomethacin', 'SID26751593', 'Indomethacin', 'Indomethacin', 'Indomethacin', 'C', 'SID50104238', 'Indomethacin', 'Indomethacin', '61', 'Indomethacin', 'Indomethacin', 'indomethacin', 'INDOMETHACIN', 'Indomethacin', 'Indomethacin', '4', 'Indomethacin', 'Indomethacin', 'Indomethacin', 'Indomethacin', 'Indomethacin', 'Indomethacin', 'Indomethacin', 'Indomethacin', '5', 'Indomethacin', 'indomethacin', 'indomethacin', 'Indomethacin', 'Indomethacin', 'indomethacin', 'Indomethacin', 'Indomethacin', 'Indomethacin', 'SID26747086', 'Indomethacin', 'Indomethacin', 'Indomethacin', 'indometacin', 'Indometacin', 'Indomethacin', 'Indomethacin', 'indomethacin', 'SID85231093', 'Indomethacin', 'Indomethacin', 'Indomethacin', 'Indomethacin', 'Indomethacin', 'Indomethacin', 'Indomethacin', 'Indomethacin', 'Indomethacin', 'Indometacin', 'Indomethacin', 'Indomethacin', 'Indomethacin', 'Indomethacin', 'Indomethacin', 'Indomethacin', 'Indomethacin', 'Indo', 'INDOMETHACIN', 'Indo', 'Indomethacin', 'Indo', 'Indomethacin', 'SID50104239', 'Indomethacin', 'SID124880455', 'Indomethacin', 'Indomethacin', 'Indomethacin', 'Indomethacin', 'Indomethacin', 'Indomethacin', 'Indomethacin', 'Indo', 'Indomethacin', 'Indomethacin', '4', 'Indomethacin', 'Indomethacin', 'Indomethacin', 'Indomethacin', 'Indomethacin', 'Indomethacin', 'Indomethacin', 'Indomethacin', 'Indomethacin', 'Indomethacin', 'IND', 'Indomethacin', 'Indomethacin', 'Indomethacin', 'Indomethacin', 'Indomethacin', 'Indomethacin', 'Indomethacin', 'Indomethacin', 'INDOMETHACIN', 'Indomethacin', 'Indomethacin', 'Indomethacin', 'Indomethacin', 'Indomethacin', 'Indomethacin', 'Indomethacin', 'Indomethacin', 'Indomethacin', 'indomethacin', 'Indomethacin', 'Idm', 'Indomethacin', 'Indomethacin', 'Indomethacin', 'Indomethacin', 'SID124880458', 'Indomethacin', 'Indomethacin', 'INDO', 'Indo', 'Indomethacin', 'Indomethacin', 'Indomethacin', '1a, synthesized', 'indomethacin', 'Indomethacin', 'Indomethacin', 'Indomethacin', 'Indomethacin', 'Indo', 'Indomethacin', 'Indomethacin', 'Indomethacin', 'Indometacin', 'Indomethacin', '1', 'indomethacin', 'Indomethacin', 'Indomethacin', 'INDOMETHACIN', 'Indomethacin', 'Indomethacin', 'Indomethacin', 'indomethacin', 'Indomethacin', 'Indomethacin', 'Indomethacin', 'Indomethacin', 'Indomethacin', '136', 'Indomethacin', 'Indomethacin', 'indomethacin', 'INDOMETHACIN', 'indomethacin', 'Indomethacin', 'Indomethacin', 'Indomethacin', 'Indomaethacin', 'Indomethacin', 'Indomethacin', 'Indomethacin', 'Indomethacin', 'Indomethacin', 'indomethacin', 'indomethacin', 'Indomethacin', '1a (purchased)', 'Indomethacin', '4', 'Indomethacin', 'Ind', 'Indomethacin', 'Indomethacin', 'Indomethacin', 'indomethacin', 'INM', '3', 'Indomethacin', 'Indomethacin', 'Indomethacin', 'Ind', 'Indomethacin', 'Indo', 'Indo', 'Indomethacin', '7', 'Ind', 'Indomethacin', 'Indomethacin', 'Indomethacin', '8 (table SI)', 'Indomethacin', 'Indomethacin', 'Indomethacin', '34, indomethacin', 'Indomethacin', 'Indomethacin', 'COVC-1214903948', 'Indomethacin', 'Idm', '30', 'Indomethacin', 'Indomethacin', '1', 'Indomethacin', 'Indomethacin', 'Indomethacin', 'Indomethacin', 'Indomethacin', 'Indomethacin', 'Indomethacin', 'Ind', 'Indocid', 'Indomethacin', 'Indomethacin', '1; INM', 'Indomethacin', 'Indomethacin', 'Indomethacin', 'Indomethacin', 'Indomethacin', 'Indomethacin', 'Indomethacin', 'indomethacin', 'Indometacin', 'INDOMETHACIN', 'Indomethacin', 'INDOMETHACIN', 'Indomethacin', 'Indo', 'Indomethacin', 'Indomethacin', 'Indomethacin', 'Indomethacin', 'Indomethacin', 'IDM', 'Indo', 'INM', 'Indomethacin', 'Indomethacin', 'Indomethacin', 'Indomethacin', 'Indomethacin', 'Indomethacin', 'INDO', 'Idm', 'Indomethacin', 'Indomethacin', 'Indometacin', 'IND', 'Indomethacin', 'BA1000452', 'Indometacin', 'IND', 'Indomethacin', 'Indomethacin', 'Ind', 'Indomethacin', 'INDOMETHACIN', 'Indomethacin', 'Indomethacin', 'Indomethacin', 'Indomethacin', 'Indomethacin', 'Indomethacin', '4; Ind', 'Indomethacin', '56', 'Indo', 'Indomethacin', 'Indomethacin', 'INDO', 'Indomethacin', 'Indomethacin', 'Indomethacin', 'Indomethacin', '18', 'Indomethacin', 'INDOMETHACIN', 'Indomethacin', 'Indomethacin', 'INDOMETHACIN', 'BDBM17638']";"['[1-(4-Chloro-benzoyl)-5-methoxy-2-methyl-1H-indol-3-yl]-acetic acid', 'Indomethacin', 'indomethacin', 'Indomethacin', 'Indomethacin', 'Indomethacin', 'Indomethacin', 'Indomethacin', 'Indomethacin', '[1-(4-Chloro-benzoyl)-5-methoxy-2-methyl-1H-indol-3-yl]-acetic acid', '[1-(4-Chloro-benzoyl)-5-methoxy-2-methyl-1H-indol-3-yl]-acetic acid', 'Indomethacin', '[1-(4-Chloro-benzoyl)-5-methoxy-2-methyl-1H-indol-3-yl]-acetic acid', '[1-(4-Chloro-benzoyl)-5-methoxy-2-methyl-1H-indol-3-yl]-acetic acid', '[1-(4-Chloro-benzoyl)-5-methoxy-2-methyl-1H-indol-3-yl]-acetic acid', '(indomethacin) [1-(4-Chloro-benzoyl)-5-methoxy-2-methyl-1H-indol-3-yl]-acetic acid', 'Indomethacin', 'Indomethacin', 'Indomethacin', '[1-(4-Chloro-benzoyl)-5-methoxy-2-methyl-1H-indol-3-yl]-acetic acid', 'Indomethacin', '2-(1-(4-chlorobenzoyl)-5-methoxy-2-methyl-1H-indol-3-yl)ethanoic acid', 'Indomethacin', 'Indomethacin', 'Indomethacin', '[1-(4-Chloro-benzoyl)-5-methoxy-2-methyl-1H-indol-3-yl]-acetic acid', '2-[1-(4-chlorobenzoyl)-5-methoxy-2-methyl-1H-3-indolyl]acetic acid', 'Indomethacin', '[1-(4-Chloro-benzoyl)-5-methoxy-2-methyl-1H-indol-3-yl]-acetic acid', '[1-(4-Chloro-benzoyl)-5-methoxy-2-methyl-1H-indol-3-yl]-acetic acid', 'Indomethacin', '[1-(4-Chloro-benzoyl)-5-methoxy-2-methyl-1H-indol-3-yl]-acetic acid', '[1-(4-Chloro-benzoyl)-5-methoxy-2-methyl-1H-indol-3-yl]-acetic acid', '[1-(4-Chloro-benzoyl)-5-methoxy-2-methyl-1H-indol-3-yl]-acetic acid', 'Indomethacin', '[1-(4-Chloro-benzoyl)-5-methoxy-2-methyl-1H-indol-3-yl]-acetic acid', 'Indomethacin', 'Indomethacin', 'Indomethacin', '(indomethacin) [1-(4-Chloro-benzoyl)-5-methoxy-2-methyl-1H-indol-3-yl]-acetic acid', '[1-(4-Chloro-benzoyl)-5-methoxy-2-methyl-1H-indol-3-yl]-acetic acid', 'Indomethacin', 'Indomethacin', 'Indomethacin', '[1-(4-Chloro-benzoyl)-5-methoxy-2-methyl-1H-indol-3-yl]-acetic acid', '[1-(4-Chloro-benzoyl)-5-methoxy-2-methyl-1H-indol-3-yl]-acetic acid', 'Indomethacin', '[1-(4-Chloro-benzoyl)-5-methoxy-2-methyl-1H-indol-3-yl]-acetic acid', '[1-(4-Chloro-benzoyl)-5-methoxy-2-methyl-1H-indol-3-yl]-acetic acid', '[1-(4-Chloro-benzoyl)-5-methoxy-2-methyl-1H-indol-3-yl]-acetic acid', 'Indomethacin', '[1-(4-Chloro-benzoyl)-5-methoxy-2-methyl-1H-indol-3-yl]-acetic acid', '1-(4-chlorobenzoyl)-5-methoxy-2-methyl-1H-indole-3-acetic acid', 'Indomethacin', '[1-(4-Chloro-benzoyl)-5-methoxy-2-methyl-1H-indol-3-yl]-acetic acid', 'Indomethacin', 'SID144206660', 'Indomethacin', 'Indomethacin', '[1-(4-Chloro-benzoyl)-5-methoxy-2-methyl-1H-indol-3-yl]-acetic acid', '[1-(4-Chloro-benzoyl)-5-methoxy-2-methyl-1H-indol-3-yl]-acetic acid', '[1-(4-Chloro-benzoyl)-5-methoxy-2-methyl-1H-indol-3-yl]-acetic acid', 'Indomethacin', 'indomethacin', 'Indomethacin', '[1-(4-Chloro-benzoyl)-5-methoxy-2-methyl-1H-indol-3-yl]-acetic acid', '[1-(4-Chloro-benzoyl)-5-methoxy-2-methyl-1H-indol-3-yl]-acetic acid', '[1-(4-Chloro-benzoyl)-5-methoxy-2-methyl-1H-indol-3-yl]-acetic acid', '[1-(4-Chloro-benzoyl)-5-methoxy-2-methyl-1H-indol-3-yl]-acetic acid', 'Indomethacin', 'indomethacin', '[1-(4-Chloro-benzoyl)-5-methoxy-2-methyl-1H-indol-3-yl]-acetic acid', 'Indomethacin', 'Indomethacin', 'Indomethacin', '[1-(4-Chloro-benzoyl)-5-methoxy-2-methyl-1H-indol-3-yl]-acetic acid', '[1-(4-Chloro-benzoyl)-5-methoxy-2-methyl-1H-indol-3-yl]-acetic acid', 'Indomethacin', 'Indomethacin', '[1-(4-Chloro-benzoyl)-5-methoxy-2-methyl-1H-indol-3-yl]-acetic acid', 'Indomethacin', 'Indomethacin', 'Indomethacin', 'Indomethacin', '[1-(4-Chloro-benzoyl)-5-methoxy-2-methyl-1H-indol-3-yl]-acetic acid', 'Indomethacin', '[1-(4-Chloro-benzoyl)-5-methoxy-2-methyl-1H-indol-3-yl]-acetic acid', '[1-(4-Chloro-benzoyl)-5-methoxy-2-methyl-1H-indol-3-yl]-acetic acid', '[1-(4-Chloro-benzoyl)-5-methoxy-2-methyl-1H-indol-3-yl]-acetic acid', '[1-(4-Chloro-benzoyl)-5-methoxy-2-methyl-1H-indol-3-yl]-acetic acid', '[1-(4-Chloro-benzoyl)-5-methoxy-2-methyl-1H-indol-3-yl]-acetic acid', '[1-(4-Chloro-benzoyl)-5-methoxy-2-methyl-1H-indol-3-yl]-acetic acid', '[1-(4-Chloro-benzoyl)-5-methoxy-2-methyl-1H-indol-3-yl]-acetic acid', '[1-(4-Chloro-benzoyl)-5-methoxy-2-methyl-1H-indol-3-yl]-acetic acid', '[1-(4-Chloro-benzoyl)-5-methoxy-2-methyl-1H-indol-3-yl]-acetic acid', 'SID856012', '[1-(4-Chloro-benzoyl)-5-methoxy-2-methyl-1H-indol-3-yl]-acetic acid', '[1-(4-Chloro-benzoyl)-5-methoxy-2-methyl-1H-indol-3-yl]-acetic acid', 'Indomethacin', '(indomethacin) [1-(4-Chloro-benzoyl)-5-methoxy-2-methyl-1H-indol-3-yl]-acetic acid', '[1-(4-Chloro-benzoyl)-5-methoxy-2-methyl-1H-indol-3-yl]-acetic acid', '[1-(4-Chloro-benzoyl)-5-methoxy-2-methyl-1H-indol-3-yl]-acetic acid', '[1-(4-Chloro-benzoyl)-5-methoxy-2-methyl-1H-indol-3-yl]-acetic acid', '[1-(4-Chloro-benzoyl)-5-methoxy-2-methyl-1H-indol-3-yl]-acetic acid', 'indomethacin', '[1-(4-Chloro-benzoyl)-5-methoxy-2-methyl-1H-indol-3-yl]-acetic acid', '[1-(4-Chloro-benzoyl)-5-methoxy-2-methyl-1H-indol-3-yl]-acetic acid', '[1-(4-Chloro-benzoyl)-5-methoxy-2-methyl-1H-indol-3-yl]-acetic acid', '[1-(4-Chloro-benzoyl)-5-methoxy-2-methyl-1H-indol-3-yl]-acetic acid (indomethacin)', '[1-(4-Chloro-benzoyl)-5-methoxy-2-methyl-1H-indol-3-yl]-acetic acid', '[1-(4-Chloro-benzoyl)-5-methoxy-2-methyl-1H-indol-3-yl]-acetic acid', '[1-(4-Chloro-benzoyl)-5-methoxy-2-methyl-1H-indol-3-yl]-acetic acid', '[1-(4-Chloro-benzoyl)-5-methoxy-2-methyl-1H-indol-3-yl]-acetic acid', '[1-(4-Chloro-benzoyl)-5-methoxy-2-methyl-1H-indol-3-yl]-acetic acid', '[1-(4-Chloro-benzoyl)-5-methoxy-2-methyl-1H-indol-3-yl]-acetic acid (indomethacin)', '[1-(4-Chloro-benzoyl)-5-methoxy-2-methyl-1H-indol-3-yl]-acetic acid', 'SID90340917', '[1-(4-Chloro-benzoyl)-5-methoxy-2-methyl-1H-indol-3-yl]-acetic acid', '[1-(4-Chloro-benzoyl)-5-methoxy-2-methyl-1H-indol-3-yl]-acetic acid', 'Indomethacin', '[1-(4-Chloro-benzoyl)-5-methoxy-2-methyl-1H-indol-3-yl]-acetic acid', '[1-(4-Chloro-benzoyl)-5-methoxy-2-methyl-1H-indol-3-yl]-acetic acid', '[1-(4-Chloro-benzoyl)-5-methoxy-2-methyl-1H-indol-3-yl]-acetic acid', '[1-(4-Chloro-benzoyl)-5-methoxy-2-methyl-1H-indol-3-yl]-acetic acid', '[1-(4-Chloro-benzoyl)-5-methoxy-2-methyl-1H-indol-3-yl]-acetic acid', 'Indomethacin', 'Indomethacin', '(indomethacin) [1-(4-Chloro-benzoyl)-5-methoxy-2-methyl-1H-indol-3-yl]-acetic acid', 'Indometacin', '[1-(4-Chloro-benzoyl)-5-methoxy-2-methyl-1H-indol-3-yl]-acetic acid', 'indomethacin', '[1-(4-Chloro-benzoyl)-5-methoxy-2-methyl-1H-indol-3-yl]-acetic acid', '[1-(4-Chloro-benzoyl)-5-methoxy-2-methyl-1H-indol-3-yl]-acetic acid', '[1-(4-Chloro-benzoyl)-5-methoxy-2-methyl-1H-indol-3-yl]-acetic acid', '[1-(4-Chloro-benzoyl)-5-methoxy-2-methyl-1H-indol-3-yl]-acetic acid', '[1-(4-Chloro-benzoyl)-5-methoxy-2-methyl-1H-indol-3-yl]-acetic acid', '[1-(4-Chloro-benzoyl)-5-methoxy-2-methyl-1H-indol-3-yl]-acetic acid', '[1-(4-Chloro-benzoyl)-5-methoxy-2-methyl-1H-indol-3-yl]-acetic acid', '[1-(4-Chloro-benzoyl)-5-methoxy-2-methyl-1H-indol-3-yl]-acetic acid (Indomethacin series)', '[1-(4-Chloro-benzoyl)-5-methoxy-2-methyl-1H-indol-3-yl]-acetic acid', '[1-(4-Chloro-benzoyl)-5-methoxy-2-methyl-1H-indol-3-yl]-acetic acid', '[1-(4-Chloro-benzoyl)-5-methoxy-2-methyl-1H-indol-3-yl]-acetic acid', '[1-(4-Chloro-benzoyl)-5-methoxy-2-methyl-1H-indol-3-yl]-acetic acid', '[1-(4-Chloro-benzoyl)-5-methoxy-2-methyl-1H-indol-3-yl]-acetic acid', '[1-(4-Chloro-benzoyl)-5-methoxy-2-methyl-1H-indol-3-yl]-acetic acid', '[1-(4-Chloro-benzoyl)-5-methoxy-2-methyl-1H-indol-3-yl]-acetic acid', '2-{1-[(4-chlorophenyl)carbonyl]-5-methoxy-2-methyl-1H-indol-3-yl}acetic acid', '[1-(4-Chloro-benzoyl)-5-methoxy-2-methyl-1H-indol-3-yl]-acetic acid', '[1-(4-Chloro-benzoyl)-5-methoxy-2-methyl-1H-indol-3-yl]-acetic acid', 'Indomethacin', '2-[1-(4-chlorobenzoyl)-5-methoxy-2-methyl-1H-3-indolyl]acetic acid', '[1-(4-Chloro-benzoyl)-5-methoxy-2-methyl-1H-indol-3-yl]-acetic acid', '[1-(4-Chloro-benzoyl)-5-methoxy-2-methyl-1H-indol-3-yl]-acetic acid', '[1-(4-Chloro-benzoyl)-5-methoxy-2-methyl-1H-indol-3-yl]-acetic acid', '[1-(4-Chloro-benzoyl)-5-methoxy-2-methyl-1H-indol-3-yl]-acetic acid', '[1-(4-Chloro-benzoyl)-5-methoxy-2-methyl-1H-indol-3-yl]-acetic acid', '[1-(4-Chloro-benzoyl)-5-methoxy-2-methyl-1H-indol-3-yl]-acetic acid', '[1-(4-Chloro-benzoyl)-5-methoxy-2-methyl-1H-indol-3-yl]-acetic acid', 'INDOMETHACIN', 'Indomethacin', 'Indomethacin', 'Indomethacin', 'Indomethacin', 'Indomethacin', 'Indomethacin', 'Indomethacin', '2-(1-(4-chlorobenzoyl)-5-methoxy-2-methyl-1H-indol-3-yl)acetic acid', '[1-(4-Chloro-benzoyl)-5-methoxy-2-methyl-1H-indol-3-yl]-acetic acid', '2-[1-(4-chlorobenzoyl)-5-methoxy-2-methyl-1H-3-indolyl]acetic acid', '2-(1-(4-chlorobenzoyl)-5-methoxy-2-methyl-1H-indol-3-yl)acetic acid', 'INDOMETHACIN', 'Indomethacin', '[1-(4-Chloro-benzoyl)-5-methoxy-2-methyl-1H-indol-3-yl]-acetic acid', 'Indomethacin', 'INDOMETHACIN', 'Indomethacin', 'Indomethacin', 'Indomethacin', 'indomethacin', 'Indomethacin', 'Indomethacin', 'Indomethacin', '2-(1-(4-chlorobenzoyl)-5-methoxy-2-methyl-1H-indol-3-yl)acetic acid', '2-(1-(4-chlorobenzoyl)-5-methoxy-2-methyl-1H-indol-3-yl)acetic acid', '2-(1-(4-chlorobenzoyl)-5-methoxy-2-methyl-1H-indol-3-yl)acetic acid', 'Indomethacin', '2-(1-(4-chlorobenzoyl)-5-methoxy-2-methyl-1H-indol-3-yl)acetic acid', 'Indomethacin', 'Indomethacin', 'indomethacin', 'Indomethacin', 'Indomethacin', 'Indomethacin', 'Indomethacin', 'Indomethacin', 'Indomethacin', 'indomethacin', 'Indomethacin', 'Indomethacin', 'Indomethacin', 'Indomethacin', 'Indomethacin', '2-[1-(4-chlorobenzoyl)-5-methoxy-2-methyl-1H-indol-3-yl]acetic acid', 'Indomethacin', '2-(1-(4-chlorobenzoyl)-5-methoxy-2-methyl-1H-indol-3-yl)acetic acid', 'Indomethacin', 'SID56422212', 'Indomethacin', '[1-(4-Chloro-benzoyl)-5-methoxy-2-methyl-1H-indol-3-yl]-acetic acid', '[1-(4-Chloro-benzoyl)-5-methoxy-2-methyl-1H-indol-3-yl]-acetic acid', '[1-(4-Chloro-benzoyl)-5-methoxy-2-methyl-1H-indol-3-yl]-acetic acid', 'Indomethacin', '[1-(4-Chloro-benzoyl)-5-methoxy-2-methyl-1H-indol-3-yl]-acetic acid', 'Indomethacin', 'INDOMETHACIN', 'indomethacin', 'Indomethacin', 'Indomethacin', 'Indomethacin', 'Indomethacin', 'Indomethacin', 'Indomethacin', 'Indomethacin', 'Indomethacin', 'Indomethacin', 'Indomethacin', 'indomethacin', '2-(1-(4-chlorobenzoyl)-5-methoxy-2-methyl-1H-indol-3-yl)acetic acid', 'Indomethacin', 'indomethacin', '[1-(4-Chloro-benzoyl)-5-methoxy-2-methyl-1H-indol-3-yl]-acetic acid', 'Indomethacin', 'Indomethacin', 'indomethacin', '[1-(4-Chloro-benzoyl)-5-methoxy-2-methyl-1H-indol-3-yl]-acetic acid', 'indomethacin', 'Indomethacin', 'Indomethacin', '[1-(4-Chloro-benzoyl)-5-methoxy-2-methyl-1H-indol-3-yl]-acetic acid', '[1-(4-Chloro-benzoyl)-5-methoxy-2-methyl-1H-indol-3-yl]-acetic acid', 'Indomethacin', 'Indomethacin', 'Indomethacin', '[1-(4-Chloro-benzoyl)-5-methoxy-2-methyl-1H-indol-3-yl]-acetic acid', '[1-(4-Chloro-benzoyl)-5-methoxy-2-methyl-1H-indol-3-yl]-acetic acid', '2-(1-(4-chlorobenzoyl)-5-methoxy-2-methyl-1H-indol-3-yl)acetic acid', '[1-(4-Chloro-benzoyl)-5-methoxy-2-methyl-1H-indol-3-yl]-acetic acid', '[1-(4-Chloro-benzoyl)-5-methoxy-2-methyl-1H-indol-3-yl]-acetic acid', 'Indomethacin', '[1-(4-Chloro-benzoyl)-5-methoxy-2-methyl-1H-indol-3-yl]-acetic acid', '[1-(4-Chloro-benzoyl)-5-methoxy-2-methyl-1H-indol-3-yl]-acetic acid', 'indomethacin', '(s-cis)-Indomethacin', 'indomethacin', 'indomethacin', 'Indomethacin', 'INDOMETHACIN', 'Indomethacin', '2-(1-(4-chlorobenzoyl)-5-methoxy-2-methyl-1H-indol-3-yl)acetic acid', 'indomethacin', '2-(1-(4-chlorobenzoyl)-5-methoxy-2-methyl-1H-indol-3-yl)acetic acid', 'Indomethacin', 'indomethacin', 'Indomethacin', 'Indomethacin', 'Indomethacin', '[1-(4-Chloro-benzoyl)-5-methoxy-2-methyl-1H-indol-3-yl]-acetic acid', 'indomethacin', '[1-(4-Chloro-benzoyl)-5-methoxy-2-methyl-1H-indol-3-yl]-acetic acid', '[1-(4-Chloro-benzoyl)-5-methoxy-2-methyl-1H-indol-3-yl]-acetic acid', 'Indomethacin', 'indomethacin', '[1-(4-Chloro-benzoyl)-5-methoxy-2-methyl-1H-indol-3-yl]-acetic acid', 'Indomethacin', 'Indomethecin', '[1-(4-Chloro-benzoyl)-5-methoxy-2-methyl-1H-indol-3-yl]-acetic acid', 'Indomethacin', '[1-(4-Chloro-benzoyl)-5-methoxy-2-methyl-1H-indol-3-yl]-acetic acid (Indomethacin)', '[1-(4-Chloro-benzoyl)-5-hydroxy-2-methyl-1H-indol-3-yl]-acetic acid', '[1-(4-Chloro-benzoyl)-5-methoxy-2-methyl-1H-indol-3-yl]-acetic acid', '[1-(4-Chloro-benzoyl)-5-methoxy-2-methyl-3a,7a-dihydro-1H-indol-3-yl]-acetic acid', '[1-(4-Chloro-benzoyl)-5-methoxy-2-methyl-1H-indol-3-yl]-acetic acid', '[1-(4-Chloro-benzoyl)-5-methoxy-2-methyl-1H-indol-3-yl]-acetic acid', '2-(1-(4-chlorobenzoyl)-5-methoxy-2-methyl-1H-indol-3-yl)acetic acid', 'Indomethacin', '[1-(4-Chloro-benzoyl)-5-methoxy-2-methyl-1H-indol-3-yl]-acetic acid', 'Indomethacin', '[1-(4-Chloro-benzoyl)-5-methoxy-2-methyl-1H-indol-3-yl]-acetic acid', '[1-(4-Chloro-benzoyl)-5-methoxy-2-methyl-1H-indol-3-yl]-acetic acid', 'Indomethacin', 'Indomethacin', 'Indomethacin', 'indomethacin', 'SID124880453', 'indomethacin', 'Indomethacin', '[1-(4-Chloro-benzoyl)-5-methoxy-2-methyl-1H-indol-3-yl]-acetic acid', '[1-(4-Chloro-benzoyl)-5-methoxy-2-methyl-1H-indol-3-yl]-acetic acid', '2-(1-(4-chlorobenzoyl)-5-methoxy-2-methyl-1H-indol-3-yl)acetic acid', 'Indomethacin', 'SID11113361', '2-(1-(4-chlorobenzoyl)-5-methoxy-2-methyl-1H-indol-3-yl)acetic acid', '2-(1-(4-chlorobenzoyl)-5-methoxy-2-methyl-1H-indol-3-yl)acetic acid', '[1-(4-Chloro-benzoyl)-5-methoxy-2-methyl-1H-indol-3-yl]-acetic acid', 'Indomethacin', 'Indomethacin', '[1-(4-Chloro-benzoyl)-5-methoxy-2-methyl-1H-indol-3-yl]-acetic acid', 'Indomethacin', 'Indomethacin', 'indomethacin', 'indomethacin', 'Indomethacin', 'Indomethacin', '2-(1-(4-chlorobenzoyl)-5-methoxy-2-methyl-1H-indol-3-yl)acetic acid', 'Indomethacin', 'Indomethacin', 'Indomethacin', 'Indomethacin', 'indomethacin', 'Indomethacin', '1-(p-chlorobenzoyl)-5-methoxy-2-methylindole-3-acetic acid', 'indomethacin', 'indomethacin', 'indomethacin', 'Indomethacin', 'Indomethacin', 'Indomethacin', 'indomethacin', 'indomethacin', 'Indomethacin', 'indomethacin', 'Indomethacin', 'Indomethacin', 'Indomethacin', 'Indomethacin', 'Indomethacin', '2-(1-(4-chlorobenzoyl)-5-methoxy-2-methyl-1H-indol-3-yl)acetic acid', 'Indomethacin', 'Indomethacin', 'SID11111329', 'Indomethacin', 'Indomethacin', 'Indomethacin', 'Indomethacin', 'Indomethacin', 'Indomethacin', 'SID17389851', 'Indomethacin', 'Indomethacin', 'Indomethacin', 'Indomethacin', 'Indomethacin', 'Indomethacin', 'Indomethacin', 'Indomethacin', 'Indomethacin', '2-{1-[(4-chlorophenyl)carbonyl]-5-methoxy-2-methyl-1H-indol-3-yl}acetic acid::CHEMBL6::Indocin::Indomethacin::US9271961, Indomethacin::indometacin', 'indomethacin', 'Indomethacin', 'Indomethacin', 'Indomethacin', 'Indomethacin', 'Indomethacin', 'INDOMETHACIN', 'Indomethacin', 'indomethacin', 'Indomethacin', 'indomethacin', 'Indomethacin', 'Indomethacin', 'Indomethacin', 'Indomethacin', 'Indomethacin', 'Indomethacin', 'Indomethacin', 'Indomethacin', 'Indomethacin', 'Indomethacin', 'Indomethacin', 'Indomethacin', 'Indomethacin', 'Indomethacin', 'Indomethacin', 'Indomethacin', 'Indomethacin', 'SID144208989', 'Indometacin', 'Indomethacin', 'indomethacin', 'Indomethacin', 'Indomethacin', 'Indomethacin', 'Indomethacin', 'Indomethacin', 'Indomethacin', 'Indomethacin', '2-(1-(4-chlorobenzoyl)-5-methoxy-2-methyl-1H-indol-3-yl)acetic acid', 'indomethacin', 'Indomethacin', 'indomethacin', 'Indomethacin', 'Indometacin', 'Indomethacin', 'Indomethacin', 'Indomethacin', 'Indomethacin', 'Indomethacin', 'Indomethacin', 'SID174007200', 'Indomethacin', 'Indomethacin', 'indomethacin', 'Indomethacin', 'indomethacin', 'Indomethacin', 'Indomethacin', 'indomethacin', 'Indomethacin', 'Indomethacin', 'Indomethacin', 'Indomethacin', 'SID144210586', 'Indomethacin', 'Indomethacin', 'Indomethacin', 'indomethacin', '[1-(4-Chloro-benzoyl)-5-methoxy-2-methyl-1H-indol-3-yl]-acetic acid', 'indomethacin', 'Indomethacin', 'Indomethacin', '[1-(4-Chloro-benzoyl)-5-methoxy-2-methyl-1H-indol-3-yl]-acetic acid', 'Indomethacin', '[1-(4-Chloro-benzoyl)-5-methoxy-2-methyl-1H-indol-3-yl]-acetic acid', '[1-(4-Chloro-benzoyl)-5-methoxy-2-methyl-1H-indol-3-yl]-acetic acid', '[1-(4-Chloro-benzoyl)-5-methoxy-2-methyl-1H-indol-3-yl]-acetic acid', 'Indomethacin', 'Indomethacin', '2-(1-(4-chlorobenzoyl)-5-methoxy-2-methyl-1H-indol-3-yl)acetic acid', 'Indomethacin', '[3-(4-Chloro-benzoyl)-6-methoxy-indan-1-yl]-acetic acid', 'Indomethacin', 'SID26747087', 'indomethacin', 'Indomethacin', '[1-(4-Chloro-benzoyl)-5-methoxy-2-methyl-1H-indol-3-yl]-acetic acid', 'Indomethacin', 'Indomethacin', 'SID50126367', '[1-(4-Chloro-benzoyl)-5-methoxy-2-methyl-1H-indol-3-yl]-acetic acid', 'SID124880457', 'Indomethacin', 'indomethacin', '[1-(4-Chloro-benzoyl)-5-methoxy-2-methyl-1H-indol-3-yl]-acetic acid', 'Indomethacin', 'indomethacin', '[1-(4-Chloro-benzoyl)-5-methoxy-2-methyl-1H-indol-3-yl]-acetic acid', 'Indomethacin', '[1-(4-Chloro-benzoyl)-5-methoxy-2-methyl-1H-indol-3-yl]-acetic acid', 'Indomethacin', '[1-(4-Chloro-benzoyl)-5-methoxy-2-methyl-1H-indol-3-yl]-acetic acid', 'Indomethacin', 'Indomethacin', 'Indomethacin', 'Indomethacin', 'Indomethacin', 'Indomethacin', '[1-(4-Chloro-benzoyl)-5-methoxy-2-methyl-1H-indol-3-yl]-acetic acid', '[1-(4-Chloro-benzoyl)-5-methoxy-2-methyl-1H-indol-3-yl]-acetic acid', '[1-(4-Chloro-benzoyl)-5-methoxy-2-methyl-1H-indol-3-yl]-acetic acid', '[1-(4-Chloro-benzoyl)-5-methoxy-2-methyl-1H-indol-3-yl]-acetic acid', 'Indomethacin', '[1-(4-Chloro-benzoyl)-5-methoxy-2-methyl-1H-indol-3-yl]-acetic acid', '2-[1-(4-chlorobenzoyl)-5-methoxy-2-methyl-1H-3-indolyl]acetic acid', 'Indomethacin', 'indomethacin', '[1-(4-Chloro-benzoyl)-5-methoxy-2-methyl-1H-indol-3-yl]-acetic acid', 'Indomethacin', '[1-(4-Chloro-benzoyl)-5-methoxy-2-methyl-1H-indol-3-yl]-acetic acid', '[1-(4-Chloro-benzoyl)-5-methoxy-2-methyl-1H-indol-3-yl]-acetic acid', 'Indomethacin', 'Indomethacin', 'Indomethacin', '[1-(4-Chloro-benzoyl)-5-methoxy-2-methyl-1H-indol-3-yl]-acetic acid', 'Indomethacin', 'SID170464705', '[1-(4-Chloro-benzoyl)-5-methoxy-2-methyl-1H-indol-3-yl]-acetic acid', 'INDOMETHACIN', 'indomethacin', 'Indomethacin', '[1-(4-Chloro-benzoyl)-5-methoxy-2-methyl-1H-indol-3-yl]-acetic acid', 'Indomethacin', '2-(1-(4-chlorobenzoyl)-5-methoxy-2-methyl-1H-indol-3-yl)acetic acid', 'Indomethacin', '[1-(4-Chloro-benzoyl)-5-methoxy-2-methyl-1H-indol-3-yl]-acetic acid', '[1-(4-Chloro-benzoyl)-5-methoxy-2-methyl-1H-indol-3-yl]-acetic acid', '[1-(4-Chloro-benzoyl)-5-methoxy-2-methyl-1H-indol-3-yl]-acetic acid', '[1-(4-Chloro-benzoyl)-5-methoxy-2-methyl-1H-indol-3-yl]-acetic acid', 'Indomethacin', '[1-(4-Chloro-benzoyl)-5-methoxy-2-methyl-1H-indol-3-yl]-acetic acid', '[1-(4-Chloro-benzoyl)-5-methoxy-2-methyl-1H-indol-3-yl]-acetic acid', '[1-(4-Chloro-benzoyl)-5-methoxy-2-methyl-1H-indol-3-yl]-acetic acid; Indomethacin', '[1-(4-Chloro-benzoyl)-5-methoxy-2-methyl-1H-indol-3-yl]-acetic acid', '[1-(4-Chloro-benzoyl)-5-methoxy-2-methyl-1H-indol-3-yl]-acetic acid', '[1-(4-Chloro-benzoyl)-5-methoxy-2-methyl-1H-indol-3-yl]-acetic acid', '[1-(4-Chloro-benzoyl)-5-methoxy-2-methyl-1H-indol-3-yl]-acetic acid', '2-(1-(4-chlorobenzoyl)-5-methoxy-2-methyl-1H-indol-3-yl)acetic acid', 'Indomethacin', 'indomethacin', 'Indomethacin', 'Indomethacin', 'Indomethacin', 'Indomethacin', '2-(1-(4-chlorobenzoyl)-5-methoxy-2-methyl-1H-indol-3-yl)acetic acid', 'indomethacin', 'Indomethacin', '[1-(4-Chloro-benzoyl)-5-methoxy-2-methyl-1H-indol-3-yl]-acetic acid', 'Indomethacin', '2-(1-(4-chlorobenzoyl)-5-methoxy-2-methyl-1H-indol-3-yl)acetic acid', '[1-(4-Chloro-benzoyl)-5-methoxy-2-methyl-1H-indol-3-yl]-acetic acid', 'Indomethacin', 'Indomethacin', 'Indomethecin', 'Indomethacin', 'Indomethacin', 'Indomethacin', '[1-(4-Chloro-benzoyl)-5-methoxy-2-methyl-1H-indol-3-yl]-acetic acid', 'Indomethacin', '(indomethacin) [1-(4-Chloro-benzoyl)-5-methoxy-2-methyl-1H-indol-3-yl]-acetic acid', '[1-(4-Chloro-benzoyl)-5-methoxy-2-methyl-1H-indol-3-yl]-acetic acid', 'Indomethacin', '[1-(4-Chloro-benzoyl)-5-methoxy-2-methyl-1H-indol-3-yl]-acetic acid', '2-(1-(4-chlorobenzoyl)-5-methoxy-2-methyl-1H-indol-3-yl)acetic acid', '2-(1-(4-chlorobenzoyl)-5-methoxy-2-methyl-1H-indol-3-yl)acetic acid', 'Indomethacin', 'Indomethacin', 'Indomethacin', 'Indomethacin', '[1-(4-Chloro-benzoyl)-5-methoxy-2-methyl-1H-indol-3-yl]-acetic acid', '2-(1-(4-chlorobenzoyl)-5-methoxy-2-methyl-1H-indol-3-yl)acetic acid', 'Indomethacin', 'Indomethacin', 'Indomethacin', 'Indomethacin', 'Indomethacin', 'Indomethacin', '2-(1-(4-chlorobenzoyl)-5-methoxy-2-methyl-1H-indol-3-yl)acetic acid', 'indomethacin', 'Indomethacin', 'Indomethacin', 'Indomethacin', 'Indomethacin', 'Indomethacin', '2-[1-(4-chlorobenzoyl)-5-methoxy-2-methyl-1H-indol-3-yl]acetic acid)', 'Indomethacin', '2-(1-(4-chlorobenzoyl)-5-methoxy-2-methyl-1H-indol-3-yl)acetic acid', 'Indomethacin', 'Indomethacin', 'Indomethacin', 'Indomethacin', 'Indomethacin', 'Indomethacin', 'Indomethacin', 'Indomethacin', 'Indomethacin', 'Indomethacin', 'Indomethacin', 'Indomethacin', 'Indomethacin', '2-(1-(4-chlorobenzoyl)-5-methoxy-2-methyl-1H-indol-3-yl)acetic acid', 'indomethacin', 'Indomethacin', 'Indomethacin', 'indomethacin', 'Indomethecin', 'Indomethacin', 'Indometacin', 'Indomethacin', 'Indomethacin', 'Indomethacin', 'indomethacin', 'indomethacin', 'Indomethacin', 'Indomethacin', 'Indomethacin', 'Indomethacin', 'Indomethacin', 'Indomethazine', 'Indomethacin', 'Indomethacin', 'Indomethacin', 'Indomethacin', 'Indomethacin', 'Indomethacin', 'indomethacin', '2-(1-(4-chlorobenzoyl)-5-methoxy-2-methyl-1H-indol-3-yl)acetic acid', 'Indomethacin', 'Indomethacin', 'Indomethacin', 'Indomethacin', '2-(1-(4-chlorobenzoyl)-5-methoxy-2-methyl-1H-indol-3-yl)acetic acid', 'Indomethacin', 'Indomethacin', 'Indomethacin', 'Indomethacin', 'Indomethecin', 'Indomethacin', 'Indomethacin', 'Indomethacin', '2-(1-(4-chlorobenzoyl)-5-methoxy-2-methyl-1H-indol-3-yl)acetic acid', 'Indomethacin', 'Indomethacin', 'Indomethacin', 'indomethacin', 'Indomethacin', 'Indomethacin', 'Indomethacin', 'Indomethacin', 'SID11111328', '2-(1-(4-chlorobenzoyl)-5-methoxy-2-methyl-1H-indol-3-yl)acetic acid', 'Indomethacin', 'Indomethacin', 'Indomethacin', 'indomethacin', 'indomethacin', 'Indomethacin', 'Indomethacin', 'Indomethacin', 'Indomethacin', 'Indomethacin', 'INDOMETACINE', '2-(1-(4-chlorobenzoyl)-5-methoxy-2-methyl-1H-indol-3-yl)acetic acid', '2-(1-(4-chlorobenzoyl)-5-methoxy-2-methyl-1H-indol-3-yl)acetic acid', 'Indomethacin', 'Indomethacin', 'Indomethacin', 'Indomethacin', 'indomethacin', '2-(1-(4-chlorobenzoyl)-5-methoxy-2-methyl-1H-indol-3-yl)acetic acid', 'Indomethacin', 'Indomethacin', 'Indomethacin', 'Indomethacin', 'Indomethacin', '2-(1-(4-chlorobenzoyl)-5-methoxy-2-methyl-1H-indol-3-yl)acetic acid', 'Indomethacin', '2-(1-(4-chlorobenzoyl)-5-methoxy-2-methyl-1H-indol-3-yl)acetic acid', '2-(1-(4-chlorobenzoyl)-5-methoxy-2-methyl-1H-indol-3-yl)acetic acid', 'Indomethacin', 'Indomethacin', 'Indomethacin', 'Indomethacin', 'Indomethacin', 'Indomethacin', 'Indomethacin', 'Indomethacin', 'Indomethacin', 'SID50100255', 'Indomethacin', 'Indomethacin', 'Indomethacin', 'Indomethacin', 'Indomethacin', 'indomethacin', 'Indomethacin', 'SID26751593', 'Indomethacin', 'Indomethacin', 'Indomethacin', 'Indomethacin', 'SID50104238', 'Indomethacin', 'Indomethacin', 'indomethacin', 'Indomethacin', 'Indomethacin', 'indomethacin', 'INDOMETHACIN', 'Indomethacin', 'Indomethacin', 'Indomethacin', 'Indomethacin', 'Indomethacin', 'Indomethacin', 'Indomethacin', 'Indomethacin', 'Indomethacin', 'Indomethacin', 'Indomethacin', 'indomethacin', 'Indomethacin', 'indomethacin', 'indomethacin', 'Indomethacin', 'Indomethacin', 'indomethacin', 'Indomethacin', 'Indomethacin', 'Indomethacin', 'SID26747086', 'Indomethacin', 'Indomethacin', 'Indomethacin', 'indometacin', 'Indometacin', 'Indomethacin', 'Indomethacin', 'indomethacin', 'SID85231093', 'Indomethacin', 'Indomethacin', 'Indomethacin', 'Indomethacin', 'Indomethacin', 'Indomethacin', 'Indomethacin', 'Indomethacin', 'Indomethacin', 'Indometacin', 'Indomethacin', 'Indomethacin', 'Indomethacin', 'Indomethacin', 'Indomethacin', 'Indomethacin', 'Indomethacin', 'Indomethacin', 'Indomethacin', 'Indomethacin', 'Indomethacin', 'Indomethacin', 'Indomethacin', 'SID50104239', 'Indomethacin', 'SID124880455', 'Indomethacin', 'Indomethacin', 'Indomethacin', 'Indomethacin', 'Indomethacin', 'Indomethacin', 'Indomethacin', 'Indomethacin', 'Indomethacin', 'Indomethacin', 'Indomethacin', 'Indomethacin', 'Indomethacin', 'Indomethacin', 'Indomethacin', 'Indomethacin', 'Indomethacin', 'Indomethacin', 'Indomethacin', 'Indomethacin', 'Indomethacin', 'Indomethacin', 'Indomethacin', 'Indomethacin', 'Indomethacin', 'Indomethacin', 'Indomethacin', 'Indomethacin', 'Indomethacin', 'Indomethacin', 'INDOMETHACIN', 'Indomethacin', 'Indomethacin', 'Indomethacin', 'Indomethacin', 'Indomethacin', 'Indomethacin', 'Indomethacin', 'Indomethacin', 'Indomethacin', 'indomethacin', 'Indomethacin', 'Indomethacin', 'Indomethacin', 'Indomethacin', 'Indomethacin', 'Indomethacin', 'SID124880458', 'Indomethacin', 'Indomethacin', 'Indomethacin', 'Indomethacin', 'Indomethacin', 'Indomethacin', 'Indomethacin', 'Indomethacin', 'indomethacin', 'Indomethacin', 'Indomethacin', 'Indomethacin', 'Indomethacin', 'Indomethacin', 'Indomethacin', 'Indomethacin', 'Indomethacin', 'Indometacin', 'Indomethacin', 'indomethacin', 'indomethacin', 'Indomethacin', 'Indomethacin', 'INDOMETHACIN', 'Indomethacin', 'Indomethacin', 'Indomethacin', 'indomethacin', 'Indomethacin', 'Indomethacin', 'Indomethacin', 'Indomethacin', 'Indomethacin', 'Indomethacin', 'Indomethacin', 'Indomethacin', 'indomethacin', 'INDOMETHACIN', '2-(1-(4-chlorobenzoyl)-5-methoxy-2-methyl-1H-indol-3-yl)acetic acid', 'Indomethacin', 'Indomethacin', 'Indomethacin', 'Indomaethacin', 'Indomethacin', 'Indomethacin', 'Indomethacin', 'Indomethacin', 'Indomethacin', 'indomethacin', 'indomethacin', 'Indomethacin', 'Indomethacin', 'Indomethacin', 'Indomethacin', 'Indomethacin', 'Indomethacin', 'Indomethacin', 'Indomethacin', 'Indomethacin', 'indomethacin', 'Indomethacin', 'Indomethacin', 'Indomethacin', 'Indomethacin', 'Indomethacin', 'Indomethacin', 'Indomethacin', 'Indomethacin', 'Indomethacin', 'Indomethacin', 'Indomethacin', 'Indomethacin', 'Indomethacin', 'Indomethacin', 'Indomethacin', '2-{1-[(4-chlorophenyl)carbonyl]-5-methoxy-2-methyl-1H-indol-3-yl}acetic acid', 'Indomethacin', 'Indomethacin', 'Indomethacin', '2-[1-(4-chlorobenzoyl)-5-methoxy-2-methyl-1Hindol-3-yl]acetic acid', 'Indomethacin', 'Indomethacin', 'INDOMETACIN', 'Indomethacin', 'Indomethacin', 'Indomethacin', 'Indomethacin', 'Indomethacin', 'Indomethacin V', 'Indomethacin', 'Indomethacin', 'Indomethacin', 'Indomethacin', 'Indomethacin', 'Indomethacin', 'Indomethacin', 'Indomethacin', 'Indomethacin', 'Indomethacin', 'Indomethacin', 'Indomethacin', 'Indomethacin', 'Indomethacin', 'Indomethacin', 'Indomethacin', 'Indomethacin', 'Indomethacin', 'Indomethacin', 'indomethacin', 'Indometacin', 'INDOMETHACIN', 'Indomethacin', 'INDOMETHACIN', 'Indomethacin', 'Indometacin', 'Indomethacin', 'Indomethacin', 'Indomethacin', 'Indomethacin', 'Indomethacin', 'Indomethacin', 'Indomethacin', 'Indomethacin', 'Indomethacin', 'Indomethacin', 'Indomethacin', 'Indomethacin', 'Indomethacin', 'Indomethacin', 'Indomethacin', 'Indomethacin', 'Indomethacin', 'Indomethacin', 'Indometacin', 'Indomethacin', 'Indomethacin', 'INDOMETHACIN', 'Indometacin', 'Indomethacin', 'Indomethacin', 'Indomethacin', 'Indomethacin', 'Indomethacin', 'INDOMETHACIN', 'Indomethacin', 'Indomethacin', 'Indomethacin', 'Indomethacin', 'Indomethacin', 'Indomethacin', 'Indomethacin', 'Indomethacin', '2-(1-(4-chlorobenzoyl)-5-methoxy-2-methyl-1H-indol-3-yl)acetic acid', 'Indomethacin', 'Indomethacin', 'Indomethacin', 'Indomethacin', 'Indomethacin', 'Indomethacin', 'Indomethacin', 'Indomethacin', 'Indomethacin', 'Indomethacin', 'INDOMETHACIN', 'Indomethacin', 'Indomethacin', 'INDOMETHACIN', '2-{1-[(4-chlorophenyl)carbonyl]-5-methoxy-2-methyl-1H-indol-3-yl}acetic acid::CHEMBL6::Indocin::Indomethacin::US11478464, Compound Indomethacin::US9271961, Indomethacin::indometacin']"
"CHEMBL5802156";"";"";"";"";"358.38";"2";"6";"1.62";"136.65";"7";"4";"0";"5";"N";"0.40";"3";"MOL";"-1";"25";"-1.93";"C15H14N6O3S";"CCSc1nc(O)c(C(=O)Nc2ccc(-c3c[nH]nn3)cc2)c(=O)[nH]1";"QSMPGZMAVNHSIO-UHFFFAOYSA-N";"InChI=1S/C15H14N6O3S/c1-2-25-15-18-13(23)11(14(24)19-15)12(22)17-9-5-3-8(4-6-9)10-7-16-21-20-10/h3-7H,2H2,1H3,(H,17,22)(H,16,20,21)(H2,18,19,23,24)";"False";"-1";"['BDBM499652']";"['US11020397, Compound Formula-(IIl)']"
"CHEMBL50";"QUERCETIN";"3'-HYDROXYKAEMPFEROL|C.I. 75670|C.I. Natural Red 1|CI-75670|CORVITIN|CYANIDENOLON 1522|KORVITIN|LDN 0052529|LDN-0052529|LIPOFLAVON|MELETIN|NSC 57655|NSC 9219|NSC-57655|NSC-9219|QUERCETIN|QUERCETIN (CONSTITUENT OF GINKGO)|QUERCETINE|QUERCETOL|QUERTIN|QUERTINE|SOPHORETIN|XANTHAURINE";"Small molecule";"3.0";"302.24";"700";"2930";"1.99";"131.36";"7";"5";"0";"1";"N";"0.43";"3";"MOL";"0";"22";"1.70";"C15H10O7";"O=c1c(O)c(-c2ccc(O)c(O)c2)oc2cc(O)cc(O)c12";"REFJWTPEDVJJIY-UHFFFAOYSA-N";"InChI=1S/C15H10O7/c16-7-4-10(19)12-11(5-7)22-15(14(21)13(12)20)6-1-2-8(17)9(18)3-6/h1-5,16-19,21H";"False";"0";"['Quercetin', '5k', '23', 'Quercetin', 'quercetin', '33', '16', 'Quercetin', '6', '21', '39', '1', 'quercetin', '27', 'quercetin', '18', '2', 'Quercetin', 'Quercetin', '49', '7', '1', '21', 'Quercetin', '5a', 'Quercetin', 'quercetin', 'Quercetin, QTN', 'Quercetin', '142', '10', 'Quercetin', '15', 'quercetine', 'Quercetin', 'Quercetin', 'Quercetin', 'Quercetin', '2', '2', 'Quercetin', 'Quercitin', '23', '3', '1', 'Quercetin', 'quercetin', 'Quercetin', '1', 'Quercetin', 'Quercetin', '(2) quercetin', '16', '26', 'Table 2', 'Quercetin', 'SID26752085', 'quercetin', '27', '19', 'Quercetin', 'quercetin', 'SID99460891', '17', 'Quercetin', 'Quercetin', 'Quercetin', 'Quercetin', '1', '8', '12', 'quercetin', '10', 'Quercetin', 'Quercetin', 'SID85231204', '20', '23', 'Quercetin', 'Quercetin', 'quercetin', '1', 'SID50104738', 'Quercetin', 'QE', 'Quercetin', '12', 'quercetin', '1', 'Quercetin', 'quercetin', 'quercetin', '16', '7', '8', 'Quercetin', 'Quercetin', 'BDBM7460', 'quercetin', 'SID124881262', 'Quercetin', 'quercetin', '6', 'Quercetin', 'quercetin', '4', 'quercetin', 'Quercetin', 'quercerin', 'Quercetin', 'Quercetin', '35', 'SID74741', 'quercetin', 'SID50113480', '7', '13', 'quercetin', 'Compound 4', 'quercetin', 'Quercetin', 'Quercetin', 'Quercetin', 'Quercetin', 'Quercetin', 'Quercetin', 'Quercetin', '29', '1', '7', '10', '34', '4', '1', 'Quercetin', '3', 'Quercetin', 'quercetin', 'Quercetin', 'quercetin', '8', 'Quercetin', 'Quercetin', 'Quercetin', 'Quercetin', 'quercetin', '3', 'Quercetin', '18', 'Quercetin', 'Quercetin', '9', 'G35', 'NSC-9219', 'quercetin', 'Quercetin', 'Quercetin', 'BDBM7460', '1', 'quercetin', 'quercetin', 'quercetin', '5, quercetin', '28', 'Quercetin', 'quercetin', 'Q', '9', 'SID26752084', '7', '13', 'SID11113933', 'Quercetin', 'quercetin', 'Quercetin', 'quercetin', '4', 'Quercetin', '5', 'Quercetin', '4', 'Quercitin', '14', 'quercetin', 'quercetin', 'quercetin', '4i', 'Quercetin', 'Quercetin', 'Quercetin', '1', 'Quercetin', '2', 'Quercetin', 'Quercetin', 'Quercetin', 'Quercetin', '51', '62', 'Quercetin', 'Quercetin', 'Quercetin', 'quercetin', 'H3', 'Quercetin', '22', 'quercetin', 'Quercetin', 'quercetin', '2', 'Quercetin', 'Quercetine', 'quercetin', 'Quercetin', 'Quercetin', '2', 'quercetin', '1', '1', 'Quercetin', 'Quercetin', 'Quercetin', 'SID50104737', 'QUERCETIN', '2', 'quercetin', '4', 'Quercetin', '2', 'SID124881274', 'Quercetin', 'Quercetin', '7', 'Quercetin', 'Quercetin', '2', 'SID144210605', '3', 'Quercetin', 'Quercetin', 'Quercetin', 'Quercetin', 'Quercetin', 'Quercetin', 'Quercetin', 'Quercetin', 'Quercetin', 'Q', 'Quercetin', '1', '6c', 'Quercetin', 'Q', 'quercetin', 'quercetin', 'Quercetin', 'quercetin', 'Quercetin', '5', 'Quercetin', '9', '76', 'Quercetin', '4', 'SID144209506', 'Quercetin', 'Quercetin', '1', '4', '10', '53', '1, Que', 'Quercetin', 'Quercetin', 'Quercetin', 'quercetin', 'SID50113478', 'SID50113481', 'SID124881267', 'Quercetin', 'quercetin', 'Quercetin', 'quercetin', '14', 'Quercetin', 'Qu', 'Quercetin', 'Quercetin', '2', 'quercetin', 'querecetin', 'Quercetin', 'Quercetin', '10', 'Quercetin', 'Quercetin', 'Quercetin', 'QC', 'Quercetin', '8', 'Quercetin', '1', 'quercetin', 'Quercetin', '63', 'Quercetin', 'Quercetin', 'Quercetin', 'quercetin', 'Quercetin', 'quercetin', 'quercetin', 'quercetin', 'Quercetin', '2', '5 (Quercetin)', 'quercetin', 'Quercetin', 'Quercetin', 'SID11111706', 'Quercetin', 'Quercetin', 'quercetin', 'quercetin', 'Quercetin', '1', 'quercetin', 'quercetin', 'Quercetin', '10', '1', 'Quercetin', 'quercetin', 'quercetin', 'quercetin', '5', '7', 'Quercetin', 'quercetin', '5', 'quercetin', 'Quercetin', '1', 'quercetin', '13', '7', 'K00029', '32', 'quercetin', 'quercetin', '4i', 'quercetin', 'Quercetin', '51', '12', 'quercetin', '6', '1g', 'Quercetin', '42', 'Quercetin', '5', 'quercetin', 'quercetin', 'Quercetin', 'Quercetin', 'quercetin', 'quercetin', 'Quercetin', '1', 'quercetin', '9', 'Quercetin', 'quercetin', 'Quercetin', 'Quercetin', 'quercetin', 'quercetin', '15', '1', 'Quercetin', '3', '1', 'Quercetin', 'Quercetin', '33', 'Quercetin', 'quercetin', '6', '4', 'Quercetin', 'Quercetin', 'Quercetin', 'quercetin', '1', 'Quercetin', '62', '25, quercetin dehydrate', 'Quercetin', 'Quercetin', 'Quercetin', 'Quercetin', '4', 'Quercetin', 'quercetin', 'quercetin', 'V', 'Quercetin', 'quercetin', 'Quercetin', 'Quercetin', '20', '3', 'Quercetin', 'quercetin', '9', 'quercetin', '2, quercetin', 'quercetin', 'Quercetin', '8', 'quercetin', 'Quercetin', 'quercetin', 'quercetin', '5', 'Quercetin', 'quercetin', 'quercetin', 'Quercetin', 'SID11111704', 'SID11111705', 'Quercetin', 'Quercetin', 'Quercetin', '126', 'quercetin', '5', 'SID124881266', '6', 'Quercetin', 'quercetin', '1', 'Quercetin', 'Quercetin', '1', 'Quercetin', 'quercetin', 'Quercetin', 'Quercetin', 'SID26752086', '10', 'Quercetin', 'Quercetin', '31', '1', 'Quercetin', '1', 'Quercetin', 'quercetin', '55', '11', '52', 'Quercetin', 'Quercetin', '6', 'Quercetin', 'Quercetin', 'quercetin', '9', '10', '25', '17', 'Quercetin', '6', 'Quercetin', 'Quercetin', 'Q', 'Quercetin', '14', '11', 'Quercetin', 'Quercetin', 'Quercetin', 'quercetin', '13', '12', '7a', '24', 'Quercetin', '22', 'Quer', 'SID50113479', 'Quercetin', 'quercetin', 'Quercetin', '2', 'Quercetin', 'quercetin', 'Quercetin', '12; XBX00307', 'Quer', 'Quercetin', 'SID50104739', 'Quercetin', '2', '4', 'Que', '1', 'Quercetin', 'Quercetin', 'kp20', 'Quercetin', 'Quercetin', 'Quercetin', 'Quercetin', 'Quercetin', 'Quercetin', 'Quercetin', '3', 'Quercetin', 'Quercetin', 'Quercetin', 'Quercetin', 'SID26747157', 'Quercetin', 'Quercetin', "3,5,7,3',4'-Pentahydroxyflavone", 'Quercetin', 'Quercetin', 'Quercetin', '3; Quercetin', 'Quercetin', 'Quercetin', 'Quercetin', 'Quercetin', 'Quercetin', '32', '34', '10', 'Quercetin', 'SID124881263', 'SID124881264', 'SID124881272', 'Quercetin', 'Quercetin', 'Quercetin', 'Quercetin', 'Quercetin', '20', 'Quercetin', 'Quercetin', '18', 'Quercetin', 'Quercetin', 'D9', 'Quercetin', 'Quercetin', 'Quercetin', 'Quercetin', 'Quercetin', 'Quercetin', 'Quercetin', 'Quercetin', '3', 'Quercetin', 'Quercetin', 'Quercetin', 'Quercetin', '31', 'Quercetin', '3', 'Quercetin', 'QUERCETIN', 'QUERCETIN', 'SID90341524', 'Quercetin', 'Quercetin', '42', '1', 'Quercetin', 'Quercetin', 'Quercetin', 'Quercetin', 'Quercetin', 'Quercetin', '7', 'Quercetin', 'Quercetin', '2', 'Quercetin', 'Quercetin', 'Quercetin', '9', '1', 'quercetin', 'quercetin', 'quercetin', 'COVC-3362350744', 'Quercetin', 'quercetin', '3a', 'Quercetin', '31', 'Quercetin', 'Quercetin', '19', '96; 99', 'Quercetin', 'Quercetin', 'Quercetin', 'Quercetin', 'Quercetin', 'Quercetin', 'Quercetin', '33', 'Quercetin', 'Quercetin', '9', 'Quercetin', '9', 'QR', 'Quercetin', 'QUER', 'QUE, Quercetin', 'Quercetin', 'Quercetin', '1', '1', 'Quercetin', '7', 'Quercetin', 'Quercetin', 'Quercetin', '71', 'Quercetin', '40', '4', 'Quercetin', '31', 'Quercetin', '32', 'Que', 'Quercetin', 'Quercetin', 'quercetin', 'Quercetin', 'Quercetin', '20b', 'Quercetin', 'Quercetin', '30', 'Quercetin', '39', '1; 43', 'Quercetin', '14', '61', '9', 'Quercetin', 'Quercetin', '1', 'Quercetin', 'Quercetin', 'Quercetin', '3b', '43', 'Quercetin', '8', 'Quercetin', 'Quercetin', 'Quercetin', '23', '12a', 'Quercetin', 'Quercetin', '92', 'Quercetin', '1', 'Quercetin', '72', '31', '69', '1', 'quercetin', 'Quercetin', '36', 'Quercetin', 'Quercetin', 'Quercetin', 'Quercetin', '9', 'Quercetin', 'Quercetin', 'Quercetin', 'Quercetin', '16', '19', 'Quercetin', 'Quercetin', 'Quercetin', 'Quercetin', '41', 'Quercetin', 'Quercetin', 'Quercetin', 'quercetin', '118', 'Quercetin', '14', '3', 'Quercetin', 'Quercetin', 'Quercetin', '3', 'Quercetin', '15', 'Quercetin', 'Quercetin', 'Quercetin', 'Quercetin', 'Qc', 'Quercetin', '20', '19', '18', 'Quercetin', '5', 'Quercetin', 'QUR', 'Quercetin', '26a', 'Quercetin', 'Qu', 'Quercetin', 'Quercetin', 'Quercetin', 'Quercetin', 'QC', 'Que', 'Chemical probe: Quercetin', 'Quercetin', '8', 'QUR', 'Cpd Q', '17', '26', 'Quercetin', 'Quercetin', 'BDBM7460']";"['Quercetin', '2-(3,4-Dihydroxy-phenyl)-3,6,7-trihydroxy-chromen-4-one', 'Quercetin', 'Quercetin', 'quercetin', 'Quercetin', 'Quercetin', 'Quercetin', 'Quercetin', '2-(3,4-dihydroxyphenyl)-3,5,7-trihydroxy-4H-chromen-4-one', '2-(3,4-Dihydroxy-phenyl)-3,5,7-trihydroxy-chromen-4-one', 'Quercetin', '2-(3,4-Dihydroxy-phenyl)-3,5,7-trihydroxy-chromen-4-one', '2-(3,4-Dihydroxy-phenyl)-3,5,7-trihydroxy-chromen-4-one', 'Quercetin', 'Quercetin', 'Quercetin', 'Quercetin', 'Quercetin', "Quercetin; 3,3',4',5,7-pentahydroxyflavone", 'Quercetin', 'quercetin', '2-(3,4-Dihydroxyphenyl)-3,5,7-trihydroxy-4H-chromen-4-one', 'Quercetin', '2-(3,4-Dihydroxy-phenyl)-3,5,7-trihydroxy-chromen-4-one', 'Quercetin', '2-(3,4-Dihydroxy-phenyl)-3,5,7-trihydroxy-chromen-4-one', "3,5,7,3',4'-pentahydroxyflavone", 'Quercetin', 'Quercetin', 'Quercetin', 'Quercetin', 'Quercetin', '2-(3,4-Dihydroxy-phenyl)-3,5,7-trihydroxy-chromen-4-one (quercetine)', 'Quercetin', 'Quercetin', 'Quercetin', 'Quercetin', 'Quercetin', 'Quercetin', 'Quercetin', '2-(3,4-Dihydroxy-phenyl)-3,5,7-trihydroxy-chromen-4-one', '2-(3,4-Dihydroxy-phenyl)-3,5,7-trihydroxy-chromen-4-one', '2-(3,4-Dihydroxy-phenyl)-3,5,7-trihydroxy-chromen-4-one', '2-(3,4-Dihydroxy-phenyl)-3,5,7-trihydroxy-chromen-4-one', '2-(3,4-Dihydroxy-phenyl)-3,5,7-trihydroxy-chromen-4-one', '2-(3,4-Dihydroxy-phenyl)-3,5,7-trihydroxy-chromen-4-one (quercetin)', '2-(3,4-Dihydroxy-phenyl)-3,5,7-trihydroxy-chromen-4-one', '2-(3,4-Dihydroxy-phenyl)-3,5,7-trihydroxy-chromen-4-one', 'Quercetin', '2-(3,4-Dihydroxy-phenyl)-3,5,7-trihydroxy-chromen-4-one', '2-(3,4-Dihydroxy-phenyl)-3,5,7-trihydroxy-chromen-4-one', '2-(3,4-dihydroxyphenyl)-3,5,7-trihydroxy-4H-chromen-4-one', '2-(3,4-Dihydroxy-phenyl)-3,5,7-trihydroxy-chromen-4-one', '2-(3,4-Dihydroxy-phenyl)-3,5,7-trihydroxy-chromen-4-one', '2-(3,4-Dihydroxy-phenyl)-3,5,7-trihydroxy-chromen-4-one', 'SID26752085', '2-(3,4-Dihydroxy-phenyl)-3,5,7-trihydroxy-chromen-4-one', '2-(3,4-Dihydroxy-phenyl)-3,5,7-trihydroxy-chromen-4-one', '2-(3,4-Dihydroxy-phenyl)-3,5,7-trihydroxy-chromen-4-one', 'Quercetin', '2-(3,4-Dihydroxy-phenyl)-3,5,7-trihydroxy-chromen-4-one (quercetin)', 'SID99460891', 'Quercetin', 'Quercetin', 'Quercetin', 'Quercetin', 'Quercetin', 'Quercetin', 'Quercetin', 'quercetin', 'Quercetin', '2-(3,4-Dihydroxy-phenyl)-3,5,7-trihydroxy-chromen-4-one', 'Quercetin', 'Quercetin', 'SID85231204', 'Quercetin', '2-(3,4-dihydroxyphenyl)-3,5,7-trihydroxy-4H-chromen-4-one', 'Quercetin', 'Quercetin', '2-(3,4-dihydroxyphenyl)-3,5,7-trihydroxy-4H-chromen-4-one', 'Quercetin', 'SID50104738', 'Quercetin', 'Quercetin', 'Quercetin', "3,5,7,3',4'-Pentahydroxyflavone", "3,5,7,3',4'-pentahydroxyflavon", 'Quercetin', 'Quercetin', 'quercetin', 'quercetin', 'Quercetin', 'quercetin', 'Quercetin', 'Quercetin', 'Quercetin', '2-(3,4-dihydroxyphenyl)-3,5,7-trihydroxy-4H-chromen-4-one::2-(3,4-dihydroxyphenyl)-3,5,7-trihydroxy-chromen-4-one::2-(3,4-dihydroxyphenyl)-3,5,7-trihydroxy-chromone;hydrate::CHEMBL50::Quercetin::Quercetin (10)::Quercetin (21)::Quercetin (Qur)::US9180183, Quercetin', 'quercetin', 'SID124881262', 'Quercetin', 'quercetin', 'quercetin', 'Quercetin', '2-(3,4-dihydroxyphenyl)-3,5,7-trihydroxy-4H-chromen-4-one', 'Quercetin', 'quercetin', 'Quercetin', 'quercerin', 'Quercetin', 'Quercetin', '2-(3,4-dihydroxyphenyl)-3,5,7-trihydroxy-4H-chromen-4-one', 'SID74741', 'quercetin', 'SID50113480', 'quercetin', 'quercetin', 'quercetin', 'quercetin', 'quercetin', 'Quercetin', '2-(3,4-Dihydroxy-phenyl)-3,5,7-trihydroxy-chromen-4-one', 'Quercetin', 'Quercetin', 'Quercetin', 'Quercetin', 'Quercetin', 'quercetin', 'Quercetin', 'quercetin', 'quercetin', 'Quercetin', 'Quercetin', 'Quercetin', '2-(3,4-dihydroxyphenyl)-3,5,7-trihydroxy-4H-chromen-4-one', '2-(3,4-dihydroxyphenyl)-3,5,7-trihydroxy-4H-chromen-4-one', 'Quercetin', 'quercetin', 'Quercetin', 'quercetin', 'quercetin', 'Quercetin', 'Quercetin', 'Quercetin', 'Quercetin', 'quercetin', 'quercetin', 'Quercetin', 'quercetine', 'Quercetin', 'Quercetin', 'Quercetin', '2-(3,4-Dihydroxy-phenyl)-3,5,7-trihydroxy-chromen-4-one', '2-(3,4-dihydroxyphenyl)-3,5,7-trihydroxy-4H-chromen-4-one', 'quercetin', 'Quercetin', '2-(3,4-Dihydroxy-phenyl)-3,5,7-trihydroxy-chromen-4-one (Quercetin)', '2-(3,4-dihydroxyphenyl)-3,5,7-trihydroxy-4H-chromen-4-one::2-(3,4-dihydroxyphenyl)-3,5,7-trihydroxy-chromen-4-one::2-(3,4-dihydroxyphenyl)-3,5,7-trihydroxy-chromone;hydrate::CHEMBL50::Quercetin::Quercetin (10)::Quercetin (21)::Quercetin (Qur)::US9180183, Quercetin', 'Quercetin', 'quercetin', 'quercetin', 'quercetin', '2-(3,4-dihydroxyphenyl)-3,5,7-trihydroxy-2,3-dihydrochromen-4-one', 'quercetin', 'Quercetin', 'quercetin', '2-(3,4-Dihydroxy-phenyl)-3,5,7-trihydroxy-chromen-4-one', 'quercetin', 'SID26752084', 'Quercetin', '2-(3,4-dihydroxyphenyl)-3,5,7-trihydroxy-4H-chromen-4-one', 'SID11113933', 'Quercetin', '2-(3,4-dihydroxyphenyl)-3,5,7-trihydroxy-4H-chromen-4-one', 'Quercetin', 'quercetin', 'Quercetin', 'Quercetin', 'Quercetin', 'Quercetin', 'Quercetin', 'Quercitin', 'Quercetin', 'quercetin', 'quercetin', 'quercetin', 'Quercetin', 'Quercetin', 'Quercetin', 'Quercetin', 'Quercetin', 'Quercetin', 'quercetin', 'Quercetin', '2-(3,4-dihydroxyphenyl)-3,5,7-trihydroxy-4H-chromen-4-one', 'Quercetin', 'Quercetin', 'quercetin', 'Quercetin', 'Quercetin', 'Quercetin', 'Quercetin', 'quercetin', 'Quercetin', 'Quercetin', 'Quercetin', 'quercetin', 'Quercetin', 'quercetin', 'Quercetin', 'Quercetin', 'Quercetine', 'quercetin', 'Quercetin', 'Quercetin', 'quercetin', 'quercetin', 'Quercetin', 'Quercetin', 'Quercetin', 'Quercetin', 'Quercetin', 'SID50104737', 'QUERCETIN', 'Quercetin', 'quercetin', 'Quercetin', 'Quercetin', 'Quercetin', 'SID124881274', 'Quercetin', 'Quercetin', 'Quercetin', 'Quercetin', 'Quercetin', 'Quercetin', 'SID144210605', 'Quercetin', '2-(3,4-dihydroxyphenyl)-3,5,7-trihydroxychromen-4-one', 'Quercetin', 'Quercetin', 'Quercetin', 'Quercetin', 'Quercetin', 'Quercetin', 'Quercetin', 'Quercetin', 'Quercetin', 'Quercetin', 'Quercetin', 'Quercetin', 'Quercetin', 'Quercetin', 'quercetin', 'quercetin', 'Quercetin', 'quercetin', 'Quercetin', 'Quercetin', "3,3',4',5,7-pentahydroxyflavone", 'Quercetin', 'Quercetin', 'Quercetin', "Quercetin; 3,3',4',5,7-pentahydroxyflavone", 'SID144209506', 'Quercetin', 'Quercetin', 'Quercetin', 'Quercetin', 'quercetin', '2-(3,4-dihydroxyphenyl)-3,5,7-trihydroxy-4H-chromen-4-one', 'quercetin', 'Quercetin', 'Quercetin', 'Quercetin', 'quercetin', 'SID50113478', 'SID50113481', 'SID124881267', 'Quercetin', 'quercetin', 'Quercetin', '2-(3,4-Dihydroxy-phenyl)-3,5,7-trihydroxy-chromen-4-one (quercetin)', 'Quercetin', 'Quercetin', 'quercetin', 'Quercetin', 'Quercetin', '2-(3,4-Dihydroxy-phenyl)-3,5,7-trihydroxy-chromen-4-one', 'quercetin', '2-(3,4-Dihydroxy-phenyl)-3,5,7-trihydroxy-chromen-4-one', '2-(3,4-Dihydroxy-phenyl)-3,5,7-trihydroxy-chromen-4-one', '2-(3,4-dihydroxyphenyl)-3,5,7-trihydroxy-4H-chromen-4-one', 'Quercetin', 'Quercetin', 'Quercetin', 'Quercetin', 'quercetin', 'Quercetin', 'Quercetin', 'Quercetin', 'Quercetin', '2-(3,4-dihydroxyphenyl)-3,5,7-trihydroxy-4H-chromen-4-one', 'Quercetin', 'Quercetin', 'Quercetin', 'Quercetin', 'Quercetin', '2-(3,4-Dihydroxy-phenyl)-3,5,7-trihydroxy-chromen-4-one', 'Quercetin', 'quercetin', 'quercetin', 'quercetin', 'Quercetin', '2-(3,4-dihydroxyphenyl)-3,5,7-trihydroxy-4H-chromen-4-one', '2-(3,4-Dihydroxy-phenyl)-3,5,7-trihydroxy-chromen-4-one', 'quercetin', '2-(3,4-Dihydroxy-phenyl)-3,5,7-trihydroxy-chroman-4-one', 'Quercetin', 'SID11111706', '2-(3,4-dihydroxyphenyl)-3,5,7-trihydroxy-4H-chromen-4-one', '2-(3,4-Dihydroxy-phenyl)-3,5,7-trihydroxy-chromen-4-one', '2-(3,4-dihydroxyphenyl)-3,5,7-trihydroxy-4H-chromen-4-one', '2-(3,4-dihydroxyphenyl)-3,5,7-trihydroxy-4H-chromen-4-one', 'Quercetin', 'Quercetin', 'quercetin', 'quercetin', 'Quercetin', 'quercetin', '2-(3,4-Dihydroxy-phenyl)-3,5,7-trihydroxy-chromen-4-one', 'Quercetin', 'quercetin', '2-(3,4-dihydroxyphenyl)-3,5,7-trihydroxy-4H-chromen-4-one', '2-(3,4-dihydroxyphenyl)-3,5,7-trihydroxy-4H-chromen-4-one', '2-(3,4-Dihydroxy-phenyl)-3,5,7-trihydroxy-chromen-4-one', 'Quercetin', "3,3',4',5,7-pentahydroxyflavon", 'quercetin', 'Quercetin', '2-(3,4-dihydroxyphenyl)-3,5,7-trihydroxy-4H-chromen-4-one', "3,5,7,3',4'-pentahydroxyflavone", 'Quercetin', '2-(3,4-dihydroxyphenyl)-3,5,7-trihydroxy-4H-chromen-4-one', '2-(3,4-Dihydroxy-phenyl)-3,5,7-trihydroxy-chromen-4-one', 'quercetin', 'Quercetin', '2-(3,4-Dihydroxy-phenyl)-3,5,7-trihydroxy-chromen-4-one', 'quercetin', 'quercetin', 'Quercetin', 'quercetin', 'Quercetin', '2-(3,4-dihydroxyphenyl)-3,5,7-trihydroxy-4H-chromen-4-one', '2-(3,4-dihydroxyphenyl)-3,5,7-trihydroxy-4H-chromen-4-one', 'Quercetin', 'quercetin', 'Quercetin', 'Quercetin', '2-(3,4-Dihydroxy-phenyl)-3,5,7-trihydroxy-chromen-4-one', 'Quercetin', 'Quercetin', 'Quercetin', 'quercetin', 'Quercetin', 'Quercetin', 'quercetin', 'quercetin', 'Quercetin', 'quercetin', 'quercetin', 'quercetin', 'Quercetin', 'quercetin', 'Quercetin', 'Quercetin', 'quercetin', 'quercetin', 'quercetin', 'quercetin', 'Quercetin', 'Quercetin', 'Quercetin', 'Quercetin', 'Quercetin', 'Quercetin', 'Quercetin', 'quercetin', 'Quercetin', 'Quercetin', 'Quercetin', '2-(3,4-Dihydroxyphenyl)-3,5,7-trihydroxy-4H-1-Benzopyran-4-one', 'Quercetin', 'quercetin', '2-(3,4-dihydroxyphenyl)-3,5,7-trihydroxy-4H-chromen-4-one', 'Quercetin', 'Quercetin', "3,5,7,3',4'-Pentahydroxyflavone", 'Quercetin', 'Quercetin', 'Quercetin', 'Quercetin', 'quercetin', 'Quercetin', 'quercetin', 'quercetin', 'Quercetin', 'Quercetin', '2-(3,4-dihydroxyphenyl)-3,5,7-trihydroxy-4H-chromen-4-one', "3,3',4',5,7-pentahydroxyflavone", 'Quercetin', 'quercetin', 'quercetin', 'Quercetin', 'quercetin', 'quercetin', 'quercetin', '2-(3,4-dihydroxyphenyl)-3,5,7-trihydroxy-2,3-dihydrochromen-4-one', '2-(3,4-dihydroxyphenyl)-3,5,7-trihydroxy-4H-chromen-4-one', 'Quercetin', 'Quercetin', 'Quercetin', 'Quercetin', '2-(3,4-dihydroxyphenyl)-3,5,7-trihydroxy-4H-chromen-4-one', 'quercetin', 'Quercetin', 'Quercetin', 'quercetin', '3-(3,4-dihydroxyphenyl)-2,6,8-trihydroxy-4H-chromen-4-one', 'Quercetin', 'SID11111704', 'SID11111705', 'Quercetin', 'Quercetin', 'Quercetin', 'Quercetin', 'quercetin', 'quercetin', 'SID124881266', 'Quercetin', 'Quercetin', '2-(3,4-dihydroxyphenyl)-3,5,7-trihydroxy-4H-chromen-4-one', 'Quercetin', 'Quercetin', 'Quercetin', 'Quercetin', 'Quercetin', 'quercetin', 'Quercetin', 'Quercetin', 'SID26752086', 'Quercetin', 'Quercetin', 'Quercetin', 'quercetin', 'Quercetin', 'Quercetin', 'Quercetin', 'Quercetin', 'quercetin', 'quercetin', 'quercetin', 'Quercetin', 'Quercetin', 'Quercetin', 'Quercetin', 'Quercetin', 'Quercetin', 'quercetin', 'Quercetin', 'Quercetin', "3,3',4',5,7-Pentahydroxyflavone", 'Quercetin', 'Quercetin', 'Quercetin', 'Quercetin', 'Quercetin', 'Quercetin', 'Quercetin', 'Quercetin', 'Quercetin', 'Quercetin', 'Quercetin', 'Quercetin', 'quercetin', 'Quercetin', 'Quercetin', '2-(3,4-dihydroxyphenyl)-3,5,7-trihydroxy-4H-chromen-4-one', '2-(3,4-dihydroxyphenyl)-3,5,7-trihydroxy-4H-chromen-4-one', 'Quercetin', "Quercetin; 3',4',5,7-tetrahydroxyflavonol", 'Quercetin', 'SID50113479', 'Quercetin', 'quercetin', 'Quercetin', 'Quercetin', 'Quercetin', 'quercetin', 'Quercetin', '2-(3,4-dihydroxyphenyl)-3,5,7-trihydroxy-4H-chromen-4-one', 'quercetin', 'Quercetin', 'SID50104739', 'Quercetin', 'Quercetin', 'quercetin', 'Quercetin', 'Quercetin', 'Quercetin', 'Quercetin', 'Quercetin', 'Quercetin', 'Quercetin', 'Quercetin', 'Quercetin', 'Quercetin', 'Quercetin', 'Quercetin', 'Quercetin', 'Quercetin', 'Quercetin', 'Quercetin', 'Quercetin', 'SID26747157', 'Quercetin', 'Quercetin', "3,5,7,3',4'-Pentahydroxyflavone", 'Quercetin', 'Quercetin', 'Quercetin', "3,3',4',5,7-pentahydroxyflavone", 'Quercetin', 'Quercetin', 'Quercetin', 'Quercetin', 'Quercetin', 'Quercetin', 'Quercetin', 'Guercetin', 'Quercetin', 'SID124881263', 'SID124881264', 'SID124881272', 'Quercetin', 'Quercetin', 'Quercetin', 'Quercetin', 'Quercetin', 'Quercetin', 'Quercetin', 'Quercetin', 'Quercetin', 'Quercetin', 'Quercetin', 'Quercetin', 'Quercetin', 'Quercetin', 'Quercetin', 'Quercetin', 'Quercetin', 'Quercetin', 'Quercetin', 'Quercetin', 'Quercetin', 'Quercetin', 'Quercetin', 'Quercetin', 'Quercetin', 'Quercetin', 'Quercetin', 'Quercetin', 'Quercetin', 'QUERCETIN', 'QUERCETIN', 'SID90341524', 'Quercetin', 'Quercetin', 'Quercetin', "Quercetin; 3,5,7,3',4'-pentahydroxy flavone", 'Quercetin', 'Quercetin', 'Quercetin', 'Quercetin', 'Quercetin', 'Quercetin', 'quercetin', 'Quercetin', 'Quercetin', 'quercetin', 'Quercetin', 'Quercetin', 'Quercetin', 'Quercetin', 'quercetin', 'quercetin', 'quercetin', 'quercetin', 'QUERCETIN', 'Quercetin', 'quercetin', 'Quercetin', 'Quercetin', 'Quercetin', 'Quercetin', 'Quercetin', 'Quercetin', 'Quercetin', 'Quercetin', 'Quercetin', 'Quercetin', 'Quercetin', 'Quercetin', 'Quercetin', 'Quercetin', 'Quercetin', 'Quercetin', 'Quercetin', 'quercetin', 'Quercetin', 'Quercetin', 'Quercetin', 'Quercetin', 'Quercetin', "3,5,7,3',4'-pentahydroxyflavone", 'Quercetin', 'Quercetin', 'Quercetin', 'Quercetin', 'Quercetin', 'Quercetin', 'Quercetin', 'Quercetin', 'Quercetin', 'Quercetin', 'Quercetin', 'Quercetin', 'Quercetin', 'Quercetin', 'Quercetin', 'Quercetin', 'Quercetin', 'Quercetin', 'Quercetin', 'Quercetin', 'quercetin', 'Quercetin', 'Quercetin', 'Quercetin', 'Quercetin', 'Quercetin', '2-(3,4-dihydroxyphenyl)-3,5,7-trihydroxy-chromen-4-one', 'Quercetin', 'Quercetin', 'Quercetin', 'Quercetin', 'Quercetin', 'Quercetin', 'Quercetin', 'Quercetin', 'Quercetin', 'Quercetin', 'Quercetin', 'Quercetin', 'Quercetin', 'Quercetin', 'Quercetin', 'Quercetin', 'Quercetin', 'Quercetin', 'Quercetin', 'Quercetin', 'Quercetin', 'Quercetin', 'Quercetin', 'Quercetin', '2-(3,4-dihydroxyphenyl)-3,5,7-trihydroxy-4H-chromen-4-one', 'Quercetin', 'Quercetin', 'Quercetin', 'Quercetin', 'Quercetin', 'Quercetin', 'Quercetin', 'quercetin', 'Quercetin', 'Quercetin', 'Quercetin', 'Quercetin', 'Quercetin', 'Quercetin', 'Quercetin', 'Quercetin', 'Quercetin', 'Quercetin', 'Quercetin', 'Quercetin', 'Quercetin', 'Quercetin', 'Quercetin', 'Quercetin', 'Quercetin', 'Quercetin', 'Quercetin', 'Quercetin', 'Quercetin', 'quercetin', 'Quercetin', 'Quercetin', 'Quercetin', 'Quercetin', 'Quercetin', 'Quercetin', 'Quercetin', 'Quercetin', 'Quercetin', 'Quercetin', 'Quercetin', 'Quercetin', 'Quercetin', 'Quercetin', 'Quercetin', 'Quercetin', 'Quercetin', 'Quercetin', '2-(3,4-dihydroxyphenyl)-3,5,7-trihydroxy-4H-chromen-4-one', 'Quercetin', 'Quercetin', 'Quercetin', 'Quercetin', 'Quercetin', 'Quercetin', 'Quercetin', 'Quercetin', 'Quercetin', 'Quercetin', 'Quercetin', 'Quercetin', 'Quercetin', 'Quercetin', 'Quercetin', 'Quercetin', 'Quercetin', 'Quercetin', 'Quercetin', 'Quercetin', 'Quercetin', 'Quercetin', 'Quercetin', '2-(3,4-dihydroxyphenyl)-3,5,7-trihydroxy-4H-chromen-4-one::2-(3,4-dihydroxyphenyl)-3,5,7-trihydroxy-chromen-4-one::2-(3,4-dihydroxyphenyl)-3,5,7-trihydroxy-chromone;hydrate::CHEMBL50::Quercetin::Quercetin (10)::Quercetin (21)::Quercetin (Qur)::US11021454, Compound Quercetin::US9180183, Quercetin::med.21724, Compound 4']"
"CHEMBL185";"FLUOROURACIL";"5 FU|5-FLUORURACIL|5-FU|5-Fluorouracil|5.F.U.|ACCUSITE|ACTIKERALL|ADRUCIL|CARAC|EFUDEX|EFUDIX|FLUORO-URACIL ROCHE|FLUOROPLEX|FLUOROURACIL|FLUOROURACIL COMPONENT OF FOLFOX|FLUOROURACILO|FLUOROURACILUM|FLUOROURICIL|FLURACIL|NSC-19893|PHTHORURACIL|QUEROPLEX|RO 2-9757|RO-2-9757|RO-29757|TOLAK";"Small molecule";"4.0";"130.08";"542";"6884";"-0.80";"65.72";"2";"2";"0";"0";"N";"0.48";"1";"MOL";"0";"9";"-0.80";"C4H3FN2O2";"O=c1[nH]cc(F)c(=O)[nH]1";"GHASVSINZRGABV-UHFFFAOYSA-N";"InChI=1S/C4H3FN2O2/c5-2-1-6-4(9)7-3(2)8/h1H,(H2,6,7,8,9)";"False";"0";"['5-fluorouracil', '5-FU, NSC 19893', '5-Fu', '5-FU', 'FLUOROURACIL', '2', '5-fu', '5-Flourouracil', '5-Fuorouracil', '5-Fu', '5-Fluorouracil', '5-FU', '5-Fu', '5-FU', '5-Fu', '54', '5-FU', '5-FU', '5-FU', '5-fluorouracil', '5-flourouracil', '5-FU', 'SID144209533', '5-Fu', '5-Fu', '5-FU', 'fluorouracil', '5-FU', '5-FU(1)', '5-Fluorouracil', '5-FU', '5-FU', '5-Fu', '5-FU', '5-FU', 'SID124880118', '5-Fluorouracil', '5-FU', '5-FU', '5-Fu', 'FUra', '5-FU', '5-Fluorouracil', '5-FU', '5-FU', '5-FU', '5-Fluorouracil', '5-FU', '5-fluorouracil', '5-fluorouracil', '5FU', '5-FU', '5-Fluorouracil', '5-fluorouracil', '5-Fu', '5-fluorouracil', '5-FU (5-fluorouracil)', '5-FU', '5FU', '5-FU', '5-Fluorouracil', '5-FU', '5-FU', '5-FU', '5-Fluorouracil', '5-fluorouracil', '5-FU', 'Flurouracil', '5-Fu', '5-FU', '5-FU', '5-FU', '5-FU', '5-FU', '5-FU', '5-FU', '5-fluorouracil', '5-fluorouracil', '5-fluorouracil', '5-fluorouracil', '5-FU', '5-Fluorouracil', '6', '5-FU', '5-fluorouracil', '5-FluoroUracil', 'SID104171158', '5-fluoroUracil', '5-FU', '5 fluorouracil', '5-fluorouracil', '5-FU', '5-FU', '5-FU', '5-FU', '5-Fluorouracil', '5-fluorouracil', '5-FU', '5-FU', '5-Fluorouracil', '5-FU', '5-Fluorouracil', '5-fluorouracil', '5-FU', '5-FU', '5-Fu', '5-Fu', '5-FU', '5-FU', '5-fluorouracil', 'fluorouracil', 'Fluorouracil', 'FLUOROURACIL', '5-Fu', '5-FU', '5-fluorouracil', '5-Fu', '5-FU', '5-FU', '5-Fu', '5-Fu', 'Table S4, R4C1', '5-FU', '5-FU', '5-FU', '5-FU', 'SID50105574', '5-FU', '5-Fu', '5-FU', 'F', '5-FU', '5-FU', '5-FU', '5-FU', '5-FU', '5-Fluorouracil', 'FLUOROURACIL', '5-Fluorouracil', '5-FU', '5-FU', 'FLUOROURACIL', '5-fluorouracil', '5FU', '5-FU', 'Fluorouracil', '5-Flourouracil', '5-FU', '5-FU', '5-Fluorouracil', '5-Fu', '5-Fu', '5-FU', '5-FU', '5-FU', '5-FU', '5-Fluorouracil', '5-Fluorouracil', '5-Fluorouracil', '5-FU', '8', 'Fluorouracil', '5-Fluorouracil', '5-Fluorouracil', '5FU', '5', '5-FU', '5-FU', '5-Fluorouracil', 'SID82653', '5-Fluorouracil', '5-Fluorouracil', '5-fluorouracil', '5-Fluorouracil', 'FU', '5-FU', '5-FU', '5-FU', '5FU', '5-FU', '5FU', '5-fluorouracil', '5-Fluoruracil', '5-Fluorouracil', '5-FU', '5FU', '5-Fluorouracil', '5-fluorouracil', '5-FU', '5-FU', '5-FU', '5-FU', 'Fluorouracil', '5-FU', '5-Fu', '5-fluorouracil', '5-fluorouracil', '5-fluorouracil', '5-fluorouracil', '5-FU', '5-FU', '5-FU', '5-FU', '5-Fluorouracil (5-FU)', '5-fluorouracil', 'SID170464762', '5-Fluorouracil', '5-fluorouracil', '5-FU', '[14C]5-FU', '5-fluorouracil', '5-Fluorouracil', '5-FU', '5-Fluorouracil', 'fluorouracil', '5-FU', '5-Fluorouracil', '5-FU', '5-fluorouracil', '5-Fu', '5-fu', '5-fluorouracil', 'FU (5-fluorouracil)', '5-FU', 'Fluorouracil', '5-FU', 'FU', '5-fluorouracil', 'FUra', '5-Fluorouracil', '5FU', 'Fluorouracil', '5-Fluorouracil', '5-fluorouracil', '5-fluorouracil', '5-fluorouracil', '5FU', 'Fluorouracil, 5-', '5-FU', '5-FU', '5-FU', '5-FU', '5-Fluorouracil', '5-fluorouracil', '5-Fu', '5-Fu', '5-FU', '5-FU', '5-FU', '5-Fu', '5-Fu', '5-Fu', '5FU', '5-Fluorouracil', '5-fluorouracil', '5-FU', '5-fluorouracil', '5-fluorouracil', '5-fluorouracil', '5-fluorouracil', '5-FU', '5-Fluorouracil', '5-FU', 'FU', '5-Fu', '5-FU', '5-FU', '5-Fluorouracil', '5-Fu', '5-FU', '5-FU', 'Fluorouracil', '5-Fu', '5-FU', '5-Fluoro uracil', '5-Fu', '5-FU', '5-fluorouracil', '5-FU', '5-FU', '5-Fluoro uracilc', '5-fluorouracil', '5-fluorouracil', '5-FU', '5-Fluorouracil', '5FU', 'FUra', '5-FU', '5-FU', '5-fluorouracil', '5-FU', '5-F', '5-fluorouracil', '5-FU', '5-fluorouracil', 'SID11111190', '5-Fu', '5-FU', '5-fluorouracil', '5-FU', 'FLUOROURACIL', '5-FU', '5-Fu', '5-FU', '5-FU', '1, Fluoro, NSC 19893', 'NCGC00091349-02', '5-fluorouracil', 'SID17389875', '5-FU', '5-Fluorouracil', '5-fluorouracil', '5-Fu', 'SID174007005', 'SID144210432', '5-Fu', '5-Fluorouracil', '5-Fluorouracil', '5-FU', '5-FU', '5-FU', '5-FU', '5-FU', '5-Fu', '5-FU', '5-Fu', '5-Fluorouracil', '5-Fu', '5-Fu', '5-Fluorouracil', '5-Fluorouracil', '5-FU', '5-fluorouracil', '5FU', 'Fluorouracil', '5-Fluorouracil', '5-FU', '5-Fluorouracil', '5-FU', '5-Fluorouracil', '5-Fluorouracil', '5-FU', '5FU', '5-FU', 'Fluorouracil', '5-Fu', '5-FU', '5-FU', '5-FU', '5-FU', '5-FU', '5-Florouracil', 'Fluorouracil', '5-Fluorouracil', '5-FU', '5-FU', '5-Fu', '5-FU', '5-FU', '5-FU', 'FLUOROURACIL', '5-FU', '5-Fu', '5-FU', '5-FU', 'SID8139872', '5-FU', 'Fluorouracil', '5-FU', '2; 5-FU', '5-FU', '5-Fluorouracil', '5-FU', '5-FU', '5-FU', '5-FU', '5-Fu', '5-Fluorouracil', '5-Fluorouracil', '5-Fluorouracil', '5-FU', 'fluorouracil', '5-FU', '5-FU', '5-FU', '5-FU', '5-Flourouracil', '5-Fu', '5FU', '5-Fluorouracil', 'fluorouracil', '5-Fu', 'SID144203701', '5-fluorouracil', '5-FU', '5-Fu', '5-Fu', '5-FU', '5-FU', '5-FU', 'SID124880121', '5-fluorouracil', '5-FU', '5-Fu', '5-FU', 'FLUOROURACIL', 'SAM002264615', '5-Fu', '5-Fluorouracil', '5-FU', '5-FU', '5-FU', '5FU', '5-F', '5-Fu', 'Fluorouracil', '5-fluorouracil', '5-Fluorouracil', '5-Fu', '5-Fluorouracil', '5-Fu', 'FU', 'FUra', '5-fluorouracil', '5-Fu', '5FU', '5-FU', '5-FU', '5-Fu', '5-FLUOROURACIL', '5-FU', '5-FU', '5-Fu', '5-FU', '5-FU', '6', '5-Fu', '5-FU', '5-Fluorouracil', 'Fluorouracil', '5-fluoro uracil', 'Fluorouracil', '5-fluorouracil', '5-FU', '5-FU', '5-FU', '5-Fu', '5-FU', '5-Fluorouracil', '5-FU', 'FUra', 'Fluorouracil', '5-FU', '5-Fluorouracil', '5-FU', 'F-Uracil', '5-FU', '5-FU', '5-FU', '5-FUra', '5-FU', '5-Fu', '5-FU', '5-FU', '5-FU', '5-fluorouracil', '5-FU', '5-FU', '5-F-Ura', '5-FU', '5-Fluorouracil', '5-FU', '5-FU', '5-fluorouracil', '5-FU', '5-FU', '5-Fluorouracil', '5-FU', '5-Fu', '5-FU', '5-FU', '5-FU', '5-Fu, fluorouracil', '5-Fu', '5-Fu', '5-FU', '5-flurouracil', '5-FU', '5-Fu', '5-fluorouracil', '5-Fu', '5-FU', '5-Fluorouracil', '5-FU', '5FU', '5-Fluorouracil', '5-Fluorouracil', '5-flurouracil', '5-FU', '5-FU', '5-Fluorouracil', '5-Fu', '5-FU', 'CMC 1%', '5-fluorouracil', '5-fluorouracil', '5-FU', 'FU', '5-Fu', '5FU', '99', '5-fluorouracil', '5FU', '5-FU', '5-fluorouracil', '5-FU', '5-FU', '5-fluorouracil', '5-Fluorouracil', 'SID26747342', '5-FU', '5-Fu', '5-Fluorouracil', '1', '5-fluorouracil', '5-FU', '5-FU', '5-fluoro uracil', '5-FU', '5-fluorouracil', '5-FU', '5-Fu', '5-Fu', '5-FU', '5-FU', '5-Fluorouracil', '5-FU', '5-Fluorouracil', '5-FU', '5-flu', '5-FU', '5-Fluorouracil', '5-Fluorouracil', '5-Fluorouracil', '5-FU', 'FUra', '5-Fu', '1, 5-FU', '5-fluorouracil', '5-Fluorouracil', '5-fluorouracil', '5-FU', '5-fluorouracil', '5-FU', '5-FU', '5-FU', '5-fluorouracil', '5-fluorouracil', '5-Fu', '5-FU', '5-Fu', '5-FU', '5FU', '5-fluorouracil', '5-FU', '5-Fluorouracil', '5-FU', '5-FU', '5-Fluorouracil', '5-FU', '1, 5-FU', 'fluorouracil', '5-Fu', '5-FU', '5-Fu', '5-FU', '5-FU', '5-Fluorouracil', '5-fluorouracil', '5-Fluorouracil', '5-Fu', '5-Fluorouracil', '5-FU', '5-Fu', '5-FU', 'Fluorouracil', '5-fluorourasil', '5-FU', '5-FU', '18b', '5-FU', '5-FU', 'V, 5-FU', '5-Fu', '5-FU', 'Fluorouracil', '5-fluorouracil', '5-FU, 5-fluorouracil', '5-FU', '5-FU', '5-Fluorouracil', '5-FU', '5-FU', '5-Fluorouracil', '5-fu', '5-FU', '5-fluorouracil', '5-fluorouracil', '5-fluorouracil', '5-FU', '5-Fu', '5-fluorouracil', 'Fluorouracil, FU', '5FU', '5-fu', 'fluorouracil', '5-Fu', '5-FU', '5-Fluorouracil', '89', '5-fluorouracil', 'Fluorouracil', '5-fluorouracil', '5-FU', '5-Fu', '5-FU, S3', '5-FU', '5-Fluorouracil', '5-F', '5-Fu', '5-Fu', '5-FU', '5FU', '5-FU', '5-FU', '5-fu', '5-Fluorouracil', '5-Fluorouracil', '142', '5-fluorouracil', '5-FU', '5-FU', '5-FU', '5FU', '5-FU', '5-FU', '5-Fu', '5-FU', '5-FU', '5-FU', '5-fluorouracil', '5-fluorouracil', '5-Fu', '5-fluorouracil', '5-FU', '5-FU', '5-FU', '5-Fu', '5-Fluorouracil', '5-Fluorouracil', '5-FU', '5-FU', '5-FU', '5FU', '5-FU', 'FLUOROURACIL', '5-Fluorouracil', '6, 5-FU', '5-Fluorouracil', '5-Fluorouracil', '5-Fu', '5-FU', '5-FU', '5-FU', '5FU', '5-fluorouracil', '5-Fluorouracil', '5-FU', '5-FU', '5-FU', '5-FU', '5-FU', '5-FU', '5-Fu', '5-FU', '5-FU', '5-FU', '5-FU', '5-Fu', 'Fluorouracil, 5-', '5-FU', '5-fluorouracil', '5-Fu', '5-Fu', '5-fluorouracil', 'SID85231050', '5-FU', '5-Fluorouracil', '5-Fu', '5-FU', '5-Fu', '5-Fluorouracil', 'Fluorouracil', '5-FU', '5-Fu', '5-FU', '5-FU', '5FU', '5-FU', 'Fluorouracil', '5-FU', '5-FU', '5-Fu', '5-fluorouracil', '5-FU', '5-Fu', '5-Fluorouracil', '5-FU', '5-FU', '5-FU', '5-FU', '5-FU', '5-FU', '5-FU', '5-FU', '5-FU', '5-FU', '5-FU', '5-FU', '5-FU', '5-FU', '5-Fluorouracil', 'Fluorouracil', '5-Fluorouracil', '5-Fu', '5-Fu', '5-Fu', '5-Fu', '5-Fu', '5-Fu', '5-Fu', '5-FU', '5-FU', 'SID26752979', '5-Fu', 'FLUOROURACIL', '5-FU', '5-FU', '5-Fluorouracil', '5-FU', '5-FU', '5-FU', '5-FU', '5-fluorouracil', '5-FU', '5-Fu', '5-FU', '5-FU', '4; 5-FU', 'Fluorouracil', '5-FU', '5-Fluorouracil', '5-fu', '5-Fu', '5-Fluorouracil', '5-Fu', '5-FU', '5-Fluorouracil', '5-Fluorouracil', '5-FU', '5-Fluorouracil', '5-FU', '5-FU', 'FLUOROURACIL', '5-Fluorouracil', '5-Fu', '5-Fu', '5-Fu', '5-FU', '5-FU', '5-FU', '5-Fu', '5-FU', 'Fluorouracil', 'Fluorouracil, 5-', '5-Fluorouracil', '5-FU', '5-Fu', '5-FU', '5-Fluorouracil', '5-FU', '5-FU', '5-FU', '5-FU', '5-FU', '5-FU', '5-FU', '5-FU', 'Adrucil', 'FLUOROURACIL', '5-FU', '5-Fu', '5-Fu', '5-FU', '5-FU', '5-FU', '5-Fu', '5-Fu', '5-FU', '5-Fu', '5FU', '5-FU', '5-FU', '2; 5-FU', '5-FU', '5-Fluorouracil', '5-Fluorouracil', '5-Fu', '5-FU', '5-FU', 'Fluorouracil', '5-FU', '5-FU', '5-Fu', '5-FU', '5-FU', '5-FU', '5-FU', '5-FU', 'FLUOROURACIL', '5-FU', '5-FU', '5-Fu', '5-fluorouracil', '5-Fluorouracil', '5-FU', '5-FU', 'SID90341469', '5-fluorouracil', '5-FU', '5-Fu', '5FU', '5-FU', '5-Fu', '5-FU', '5-fluorouracil', '5-FU', '5-Fluorouracil', 'FLUOROURACIL', '5-fluorouracil', '5-fluorouracil', '5-Fu', '5-FU', 'BA1001030', '5-FU', '5-FU', '5-FU', '5-Fu', '5-Fu', '5-FU', '5-FU', '5-FU', '5-FU', '5-FU', '5-fluorouracil', '5-fluorouracil', '5-Fluorouracil', '5-Fu', '5-Fu', '5-Fu', '5-FU', '5-FU', '5-Fluorouracil', '5-FU', '5-FU', '5-fluorouracil', '5-FU', '5-FU', '5-FU', '5-Fu', '5-FU', '5-FU', '49; 5-FU', '5-FU', '5-FU', '5-Fu', '5-FU', '5-FU', '5-FU', '5-Fu', '5-fluorouracil', '5-Fu', '5-FU', '5-FU', '5-FU', '5-Fu', '5-FU', '5-Fluorouracil', '5-FU', '5-FU', '5-FU', '5-fluorouracil', '5-fluourouracil 0.45 micromolar', '5-Fu', 'COVC-3356862360', '5-Fu', '5-FU', '5-Fluorouracil', '5-FU', '5-Fu', '5-FU', '5-FLU', '5-FU', '5-FU', '5-FU', '5-FU', '5-Fu', '5-FU', '5-FU', '5-fluorouracil', '5-fluorouracil', '5-FU', '5-FU', '5-FU', '5-Fluorouracil', '5-FU', '5-FU', '5-Fu', '5-fluoro uracil', '5-FU', '5-FU', '5-FU', '5-FU', '5-FU', '5-FU', '5-FU', '5-FU', '5-FU', '5-Fluorouracil', '5-FU', '5-FU', '5-FU', '5-FU', '5-Fu', '5-FLU', '5-FU', '5-Fu', '5-FU', '5-FU', '5-Fu', '5-Fu', '5-Fu', '5-FU', '5-FU', '5-fluorouracil', '5-FU', '5-FU', '5-FU', '5-Fu', '5-Fu', '5-FU', '5-FU', '5-FU', '5-FU', '5-Fluorouracil', '5-Fluorouracil', '5-fluorouracil', '5-Fu', '5-FU', 'FLUOROURACIL', '5-Fluorouracil', '5-fluorouracil', '5-Fu', '5-fluorouracil', '5-FU', '5-FU', '5-Fu', '5-FU', '5-FU', '5-FU', '5-Fu', '5-FU', '5-Fu', '5-FU', '5-fluorouracil', '5-FU', '5-Fluorouracil', 'FUra', '5-fluorouracil', '5-FU', '5 Fluorouracil', '5-FU', '5-FU', '5-FU', '5-FU', '5-fluorouracil', '5-Fu', '5-FU', '5-FU', '5-FU', '5-FU', '5-fluorouracil', '5-FU', '5-Fu', '5-FU', '5-FU', '5-fluorouracil', '5-Fu', '5-FU', '5-FU', '5-FU', '5-FU', '5-Fu', '5-Fu', '5-FU', '5-Fu', '5-FU', '5-FU', '5-fluorouracil', '5-FU', '5-Fu', '5-Fu', '5FU', '5-FU', '5-Fu', '5-FU', '5-FU', '5-FU', '5-FU', '5-FU', '5-Fluorouracil', '5-Fluorouracil', '5-FU', 'FLUOROURACIL', '5-FU', '5-Fu', '5-fluorouracil', '5-FU', '5-Fu', '5-Fluorouracil', '5-Fu', '5-fluorouracil', '5-FU', '5-Fluorouracil', '5-Fu', '5-FU', '5-FU', '5-fluorouracil', '5-fluorouracil', '5-Fu', '5-FU', '5-FU', '5-FU', '5-Fluorouracil', 'fluorouracil', '5-FU', '5-FU', '5-FU', '5-FU', '5-Fu', '5-FU', '5-fluorouracil', '5-Fu', '5-Fu', '5-FU', '5-Fu', '5-Fu', '5-FU', '5-FU', '5Fu', '5-Fluorouracil', '5-fluorouracil', '1; 5-FU', '1; 5-FU', '5-FU', '5-Fu', '1; 5-FU', '5-FU', '5-FU', '5-Fu', '5-Fu', '5-Fu', '5-Fu', '5-FU', '5-FU', '5-FU', '5-Fluorouracil', '5-Fu', '5-FU', '5-FU', '5-FU', '5-Fu', 'FLUOROURACIL']";"['5-Fluoro-1H-pyrimidine-2,4-dione', '5-fluorouracil', '5-fluorouracil', '5-fluorouracil', 'FLUOROURACIL', '5-Fluoro-1H-pyrimidine-2,4-dione', '5-Fluorouracil', '5-Flourouracil', '5-Fuorouracil', '5-Fluorouracil', '5-Fluorouracil', '5-Fluoro-1H-pyrimidine-2,4-dione', '5-fluoropyrimidine-2,4(1H,3H)-dione', '5-Fluoro-1H-pyrimidine-2,4-dione', '5-fluorouracil', '5-Fluoro-1H-pyrimidine-2,4-dione', '5-fluorouracil', '5-fluorouracil', '5-fluorouracil', '5-fluorouracil', '5-flourouracil', '5-Fluorouracil', 'SID144209533', '5-fluorouracil', '5-fluorouracil', '5-Fluorouracil', '5-Fluoro-1H-pyrimidine-2,4-dione', '5-fluorouracil', '5-Fluoro-1H-pyrimidine-2,4-dione (5-FU)', '5-Fluorouracil', '5-fluoropyrimidine-2,4(1H,3H)-dione', '5-fluorouracil', '5-fluorouracil', '5-Fluoro-1H-pyrimidine-2,4-dione (5-FU)', '5-Fluoro-1H-pyrimidine-2,4-dione (5-fluoro uracil)', 'SID124880118', '5-Fluorouracil', '5-Fluorouracil', '5-fluorouracil', '5-fluoropyrimidine-2,4(1H,3H)-dione', '5-Fluoro-1H-pyrimidine-2,4-dione', '5-Fluoro-1H-pyrimidine-2,4-dione', '5-Fluorouracil', '5-fluorouracil', '5-Fluorouracil', '5-Fluorouracil', '5-Fluoro-1H-pyrimidine-2,4-dione', 'Fluorouracil', '5-Fluoro-1H-pyrimidine-2,4-dione (5-fluorouracil)', '5-fluorouracil', '5-Fluorouracil', '5-fluorouracil', '5-Fluorouracil', '(5-fluorouracil)5-Fluoro-1H-pyrimidine-2,4-dione', '5-fluorouracil', '5-Fluoro-1H-pyrimidine-2,4-dione', '5-Fluoro-1H-pyrimidine-2,4-dione', '5-fluorouracil', '5-fluorouracil', '5-fluoropyrimidine-2,4(1H,3H)-dione', '5-Fluorouracil', '5-Fluoro-1H-pyrimidine-2,4-dione', '5-fluorouracil', '5-Fluoro-1H-pyrimidine-2,4-dione', '5-Fluorouracil', '5-Fluoro-1H-pyrimidine-2,4-dione', '5-fluorouracil', 'Fluorouracil', '5-Fluorouracil', '5-Fluoro-1H-pyrimidine-2,4-dione (5-Fluorouracil)', '5-fluorouracil', '5-fluorouracil', '5-Fluoro-1H-pyrimidine-2,4-dione', '5-Fluoro-1H-pyrimidine-2,4-dione (5-FU)', '5-Fluorouracil', '5-fluorouracil', '5-fluorouracil', '5-Fluoro-1H-pyrimidine-2,4-dione', '5-Fluoro-1H-pyrimidine-2,4-dione', '5-Fluoro-1H-pyrimidine-2,4-dione (5-fluorouracil)', '5-Fluoro-1H-pyrimidine-2,4-dione', '5-Fluoro-1H-pyrimidine-2,4-dione (5-Fluorouracil)', '5-Fluoro-1H-pyrimidine-2,4-dione', '5-Fluoro-1H-pyrimidine-2,4-dione (5-Fluorouracil)', '5-fluorouracil', '5-Fluoro-1H-pyrimidine-2,4-dione', 'SID104171158', '5-fluoropyrimidine-2,4(1H,3H)-dione', '5-Fluoro-1H-pyrimidine-2,4-dione (5-fluorouracil)(5-FU)', '5 fluorouracil', '5-fluorouracil', '5-Fluorouracil', '5-fluorouracil', '5-fluorouracil', '5-Fluoro-1H-pyrimidine-2,4-dione', '5-Fluorouracil', '5-Fluoro-1H-pyrimidine-2,4-dione', '5-fluoropyrimidine-2,4(1H,3H)-dione', '5-Fluorouracil', '5-Fluoro-1H-pyrimidine-2,4-dione', '5-Flurouracil', '5-Fluoro-1H-pyrimidine-2,4-dione', '5-Fluoro-1H-pyrimidine-2,4-dione', '5-fluorouracil', '5-fluorouracil', '5-fluorouracil', '5-fluorouracil', '5-fluorouracil', '5-fluorouracil', '5-fluorouracil', 'fluorouracil', 'Fluorouracil', 'FLUOROURACIL', '5-fluorouracil', '5-Fluoro-1H-pyrimidine-2,4-dione', '5-fluoropyrimidine-2,4(1H,3H)-dione', '5-fluoropyrimidine-2,4(1H,3H)-dione', '5-fluorouracil', '5-fluorouracil', '5-fluorouracil', '5-fluorouracil', '5-fluorouracil', '5-Fluorouracil', '5-fluoropyrimidine-2,4(1H,3H)-dione', '5-Fluorouracil', '5-fluorouracil', 'SID50105574', '5-fluorouracil', '5-Fluorouracil', '5-fluoropyrimidine-2,4(1H,3H)-dione', '5-Fluorouracil', '5-Fluorouracil', '5-fluorouracil', '5-Flurouracil', '5-fluoropyrimidine-2,4(1H,3H)-dione', 'fluorouracil', '5-fluoropyrimidine-2,4(1H,3H)-dione', None, '5-Fluorouracil', '5-fluoropyrimidine-2,4(1H,3H)-dione', '5-Fluorouracil', 'Fluorouracil', '5-fluorouracil', '5-Fluoruracil', '5-Fluorouracil', 'Fluorouracil', '5-Fluorouracil', '5-fluorouracil', '5-fluorouracil', '5-Fluorouracil', '5-fluoropyrimidine-2,4(1H,3H)-dione', 'Fluorouracil', '5-Fluorouracil', '5-Fluorouracil', '5-fluorouracil', '5-fluoropyrimidine-2,4(1H,3H)-dione', '5-Fluorouracil', '5-Fluorouracil', '5-Fluorouracil', '5-Flurouracil', '5-fluoropyrimidine-2,4(1H,3H)-dione', 'Fluorouracil', '5-Fluorouracil', '5-Fluorouracil', '5-fluorouracil', '5-fluorouracil', '5-fluorouracil', '5-Fluorouracil', '5-Fluorouracil', 'SID82653', '5-Fluorouracil', '5-Fluorouracil', '5-Fluoro-1H-pyrimidine-2,4-dione', '5-Fluorouracil', '5-fluoropyrimidine-2,4(1H,3H)-dione', '5-fluoropyrimidine-2,4(1H,3H)-dione', '5-fluorouracil', '5-Fluoro-1H-pyrimidine-2,4-dione', '5-fluorouracil', 'fluorouracil', '5-Fluorouracil', '5-fluorouracil', '5-Fluoruracil', '5-Fluorouracil', '5-fluorouracil', '5-fluoruracil', '5-Fluorouracil', '5-fluorouracil', '5-Fluoro-1H-pyrimidine-2,4-dione', '5-Fluorouracil', '5-Fluorouracil', '5-fluorouracil', 'Fluorouracil', '5-Fluorouracil', '5-fluorouracil', '5-fluorouracil', '5-fluorouracil', '5-fluorouracil', '5-fluorouracil', '5-Fluoro-1H-pyrimidine-2,4-dione', '5-fluoropyrimidine-2,4(1H,3H)-dione', '5-Fluorouracil', '5-Fluoro-1H-pyrimidine-2,4-dione', '5-Fluoro-1H-pyrimidine-2,4-dione', '5-fluorouracil', 'SID170464762', '5-Fluorouracil', '5-fluorouracil', 'Fluorouracil', '[14C]5-fluorouracil', '5-fluorouracil', '5-Fluorouracil', '5-Fluorouracil', '5-Fluorouracil', '5-fluoropyrimidine-2,4(1H,3H)-dione', '5-fluorouracil', '5-Fluorouracil', '5-fluoropyrimidine-2,4(1H,3H)-dione', '5-fluorouracil', '5-fluorouacil', '5-fluorouracil', '5-fluorouracil', '5-Fluoro-1H-pyrimidine-2,4-dione', '5-Fluorouracil', 'Fluorouracil', '5-fluoropyrimidine-2,4(1H,3H)-dione', '5-Fluoro-1H-pyrimidine-2,4-dione', '5-fluorouracil', '5-Fluoro-1H-pyrimidine-2,4-dione', '5-Fluorouracil', '5-fluorodideoxyuridine', '5-fluoropyrimidine-2,4(1H,3H)-dione', '5-Fluorouracil', '5-fluorouracil', '5-fluorouracil', '5-Fluoro-1H-pyrimidine-2,4-dione', '5-fluoropyrimidine-2,4(1H,3H)-dione', '5-fluoropyrimidine-2,4(1H,3H)-dione', '5-Fluoro-1H-pyrimidine-2,4-dione', '5-fluorouracil', '5-fluorouracil', '5-fluorouracil', '5-Fluorouracil', '5-fluorouracil', '5-fluoropyrimidine-2,4(1H,3H)-dione', '5-fluorouracil', '5-fluorouracil', '5-fluorouracil', '5-fluorouracil', '5-Fluorouracil', 'fluorouracil', '5-fluorouracil', '5-fluoro Uracil', '5-Fluorouracil', '5-fluorouracil', '5-fluoropyrimidine-2,4(1H,3H)-dione', '5-fluorouracil', '5-fluorouracil', '5-fluorouracil', '5-fluorouracil', '5-fluorouracil', '5-fluoropyrimidine-2,4(1H,3H)-dione', '5-fluorouracil', '5-fluorouracil', '5-fluorouracil', '5-Fluorouracil', '5-fluorouracil', '5-Fluorouracil', '5-Fluorouracil', 'Fluorouracil', '5-fluorouracil', 'Fluorouracil', 'Fluorouracil', '5-fluorouracil', '5-Fluoro uracil', '5-fluorouracil', '5-fluorouracil', '5-fluorouracil', '5-fluorouracil', '5-Fluorouracil', '5-Fluoro uracil', '5-fluorouracil', '5-fluorouracil', 'Fluorouracil', '5-Fluorouracil', '5-fluorouracil', '5-fluorouracil', '5-fluorouracil', '5-fluorouracil', '5-fluorouracil', '5-Fluorouracil', 'Fluorouracil', '5-fluorouracil', '5-Flurouracil', '5-Fluoro-1H-pyrimidine-2,4-dione', 'SID11111190', '5-Fluorouracil', '5-Fluoro-1H-pyrimidine-2,4-dione', '5-fluorouracil', '5-fluorouracil', 'FLUOROURACIL', '5-Fluoropyrimidine-2,4(1H,3H)-dione', 'fluorouracil', '5-fluoropyrimidine-2,4(1H,3H)-dione', '5-fluorouracil', 'Fluorouracil', '5-Fluorouracil', '5-fluorouracil', 'SID17389875', '5-fluorouracil', '5-Fluorouracil', '5-fluorouracil', '5-fluorouracil', 'SID174007005', 'SID144210432', '5-fluorouracil', '5-Fluorouracil', '5-Fluorouracil', '5-fluorouracil', '5-fluorouracil', '5-fluorouracil', '5-fluorouracil', '5-fluorouracil', '5-fluorouracil', '5-fluorouracil', '5-fluorouracil', '5-Fluorouracil', '5-fluorouracil', '5-fluorouracil', '5-Fluorouracil', '5-Fluorouracil', '5-fluorouracil', '5-fluorouracil', '5-fluoropyrimidine-2,4(1H,3H)-dione', 'Fluorouracil', '5-Fluorouracil', '5-fluorouracil', '5-Fluorouracil', '5-fluorouracil', '5-Fluorouracil', '5-Fluorouracil', 'Fluorouracil', '5-fluorouracil', 'Fluorouracil', 'Fluorouracil', '5-Fluorouracil', '5-fluoropyrimidine-2,4(1H,3H)-dione', '5-fluorouracil', '5-fluorouracil', '5-fluoropyrimidine-2,4(1H,3H)-dione', '5-Flurouracil', '5-Florouracil', 'Fluorouracil', '5-Fluorouracil', '5-fluorouracil', '5-Fluorouracil', '5-fluorouracil', 'Fluorouracil', 'Fluorouracil', '5-Fluorouracil', 'FLUOROURACIL', '5-Fluorouracil', '5-fluoropyrimidine-2,4(1H,3H)-dione', '5-fluoropyrimidine-2,4(1H,3H)-dione', '5-fluoropyrimidine-2,4(1H,3H)-dione', 'SID8139872', '5-fluorouracil', 'Fluorouracil', '5-fluorouracil', '5-Fluorouracil', '5-Fluorouracil', '5-Fluorouracil', '5-Fluorouracil', '5-Fluorouracil', '5-fluorouracil', '5-Fluorouracil', '5-fluoro uracil', '5-Fluorouracil', '5-Fluorouracil', '5-Fluorouracil', '5-fluorouracil', 'fluorouracil', '5-Fluorouracil', '5-fluorouracil', '5-fluorouracil', '5-Fluorouracil', '5-Fluorouracil', '5-fluoropyrimidine-2,4(1H,3H)-dione', '5-fluorouracil', '5-Fluorouracil', 'fluorouracil', '5-fluorouracil', 'SID144203701', '5-fluorouracil', '5-fluorouracil', '5-fluorouracil', '5-fluorouracil', '5-fluorouracil', '5-fluorouracil', '5-fluorouracil', 'SID124880121', '5-fluorouracil', '5-fluorouracil', '5-Fluorouracil', '5-fluorouracil', 'FLUOROURACIL', 'C0165036', '5-fluorouracil', '5-Fluorouracil', '5-fluorouracil', '5-flurouracil', '5 fluorouracil', '5-Fluorouracil', '5-Fluorouracil', '5-fluorouracil', 'Fluorouracil', '5-fluorouracil', '5-Fluorouracil', 'Fluorouracil', '5-Fluorouracil', '5-fluoropyrimidine-2,4(1H,3H)-dione', '5-Fluoro-1H-pyrimidine-2,4-dione', '5-fluorouracil', '5-Fluoro-1H-pyrimidine-2,4-dione', '5-fluoropyrimidine-2,4(1H,3H)-dione', '5-Fluorouracil', '5-fluorouracil', '5-Fluoro-1H-pyrimidine-2,4-dione', '5-fluorouracil', 'FLUOROURACIL', '5-Fluoro-1H-pyrimidine-2,4-dione', '5-Fluoro-1H-pyrimidine-2,4-dione', '5-fluorouracil', '5-fluorouracil', '5-fluorouracil', '5-Fluoro-1H-pyrimidine-2,4-dione', '5-fuorouracil', '5-fluorouracil', '5-Fluorouracil', 'Fluorouracil', '5-Fluoro-1H-pyrimidine-2,4-dione', 'Fluorouracil', '5-fluoropyrimidine-2,4(1H,3H)-dione', '5-Fluorouracil', '5-Flurouracil', '5-fluorouracil', '5-fluorouracil', '5-Fluorouracil', '5-Fluorouracil', '5-Fluoro-1H-pyrimidine-2,4-dione', '5-Fluorouracil', 'Fluorouracil', '5-fluorouracil', '5-Fluorouracil', '5-Fluoro-1H-pyrimidine-2,4-dione (5-FU)', '5-fluorouracil', '5-fluoropyrimidine-2,4(1H,3H)-dione', 'fluorouracil', '5-Fluorouracil', '5-Fluoro-1H-pyrimidine-2,4-dione (5-FUra)', '5-fluorouracil', '5-fluorouracil', '5-Fluorouracil', '5-Fluorouracil', '5-fluorouracil', '5-fluoropyrimidine-2,4(1H,3H)-dione', '5-Fluorouracil', '5-fluorouracil', '5-Fluoro-1H-pyrimidine-2,4-dione', '5-fluorouracil', '5-Fluorouracil', '5-Fluorouracil', 'Fluorouracil', '5-fluorouracil', '5-Fluorouracil', '5-fluorouracile', '5-Fluoro-1H-pyrimidine-2,4-dione', '5-fluoropyrimidine-2,4(1H,3H)-dione', '5-Fluorouracil', '5-Fluoro-1H-pyrimidine-2,4-dione (5-FU)', '5-fluorouracil', '5-Fluorouracil', '5-fluoropyrimidine-2,4(1H,3H)-dione', '5-fluorouracil', '5-Fluorouracil', '5-fluorouracil', '5-Fluoro-1H-pyrimidine-2,4-dione', '5-fluorouracil', '5-fluorouracil', '5-Fluoro-1H-pyrimidine-2,4-dione', '5-Fluorouracil', '5-fluoropyrimidine-2,4(1H,3H)-dione', '5-Fluorouracil', '5-Fluorouracil', '5-Fluorouracil', '5-Fluorouracil', '5-Fluorouracil', '5-Fluoro-1H-pyrimidine-2,4-dione', '5-Fluorouracil', '5-Fluoro-1H-pyrimidine-2,4-dione', '5-Fluorouracil', '5-Fluorouracil', '5-Fluoro-1H-pyrimidine-2,4-dione', '5-Fluoro-1H-pyrimidine-2,4-dione', '5-fluorouracil', '5-Fluoro-1H-pyrimidine-2,4-dione', '5-Fluorouracil', '5-Fluoro-1H-pyrimidine-2,4-dione', '5-Fluoro-1H-pyrimidine-2,4-dione', '5F-uracil', '5-Fluorouracil', '5-fluorouracil', '5-Fluoro-1H-pyrimidine-2,4-dione (5FU)', '5-Fluoro-1H-pyrimidine-2,4-dione', '5-fluorouracil', 'fluorouracil', '5-fluoropyrimidine-2,4(1H,3H)-dione', '5-fluorouracil', '5-Fluoro-1H-pyrimidine-2,4-dione', 'SID26747342', '5-fluorouracil', '5-fluorouracil', '5-Fluorouracil', '5-Fluoro-1H-pyrimidine-2,4-dione', '5-fluorouracil', '5-fluoropyrimidine-2,4(1H,3H)-dione', '5-Fluoro-1H-pyrimidine-2,4-dione', '5-Fluoro-1H-pyrimidine-2,4-dione', '5-fluorouracil', '5-Fluoro-1H-pyrimidine-2,4-dione', '5-fluorouracil', '5-fluorouracil', '5-fluorouracil', '5-fluoropyrimidine-2,4(1H,3H)-dione', '5-Fluorouracil', '5-Fluorouracil', '5-Fluoro-1H-pyrimidine-2,4-dione', '5-Fluorouracil', '5-Fluorouracil', '5-fluorouracil', '5-Fluorouracil', '5-Fluorouracil', '5-Fluorouracil', 'Fluorouracil', '5-fluorouracil', '5-fluorouracil', '5-Fluorouracil', '5-fluorouracil', '5-fluorouracil', '5-Fluorouracil', '5-fluorouracil', '5-fluorouracil', '5-fluorouracil', '5-Fluorouracil', '5-Fluorouracil', '5-fluoropyrimidine-2,4(1H,3H)-dione', '5-fluorouracil', '5-fluorouracil', '5-Fluorouracil', '5-fluorouracil', '5-Fluorouracil', '5-fluorouracil', '5-fluoropyrimidine-2,4(1H,3H)-dione', '5-fluorouracil', '5-Fluorouracil', '5-Fluorouracil', '5-fluoropyrimidine-2,4(1H,3H)-dione', '5-fluorouracil', '5-Fluorouracil', '5-Fluorouracil', '5-fluorouracil', 'fluorouracil', 'Fluorouracil', '5-fluoropyrimidine-2,4(1H,3H)-dione', '5-fluoropyrimidine-2,4(1H,3H)-dione', '5-fluorouracil', '5-fluorouracil', '5-fluoropyrimidine-2,4(1H,3H)-dione', '5-fluoropyrimidine-2,4(1H,3H)-dione', '5-Fluorouracil', '5-Fluorouracil', '5-Fluorouracil', '5-fluoropyrimidine-2,4(1H,3H)-dione', '5-fluorouracil', '5-Fluorouracil', 'Fluorouracil', '5-fluorourasil', '5-fluoro uracil', '5-fluorouracil', '5-fluorouracil', '5-fluoropyrimidine-2,4(1H,3H)-dione', '5-fluoro-uracil', '5-fluorouracil', '5-Fluorouracil', '5-fluorouracil', 'Fluorouracil', '5-fluorouracil', '5-fluoropyrimidine-2,4(1H,3H)-dione', '5-fluorouracil', '5-fluorouracil', '5-Fluorouracil', '5-fluorouracil', '5-fluoropyrimidine-2,4(1H,3H)-dione', '5-Fluorouracil', '5-fluorouracil', '5-Fluorouracil', '5-fluorouracil', '5-fluorouracil', '5-fluorouracil', '5-fluoropyrimidine-2,4(1H,3H)-dione', '5-flurouracil', '5-fluorouracil', '5-fluoropyrimidine-2,4(1H,3H)-dione', '5-fluorouracil', '5-fluorouracil', 'fluorouracil', '5-Fluorouracil', '5-fluorouracil', '5-Fluorouracil', '5-fluoropyrimidine-2,4(1H,3H)-dione', '5-fluoropyrimidine-2,4(1H,3H)-dione', 'Fluorouracil', '5-fluorouracil', '5-fluorouracil', 'Fluorouracil', '5-Flurouracil', 'Fluorouracil', '5-Fluorouracil', '5-Fluorouracil', '5-fluoropyrimidine-2,4(1H,3H)-dione', '5-fluorouracil', '5-Fluorouracil', '5-Fluorouracil', '5-Fluorouracil', '5-fluoropyrimidine-2,4(1H,3H)-dione', '5-fluorouracil', '5-Fluorouracil', '5-Fluorouracil', 'Fluorouracil, 5-', '5-fluorouracil', '5-fluorouracil', '5-fluorouracil', '5-fluorouracil', '5-Fluorouracil', 'Fluorouracil', '5-fluorouracil', '5-fluoropyrimidine-2,4(1H,3H)-dione', '5-fluorouracil', '5-fluoropyrimidine-2,4(1H,3H)-dione', '5-Fluorouracil', '5-fluorouracil', '5-fluorouracil', '5-Fluorouracil', '5-fluorouracil', '5-fluorouracil', '5-fluoropyrimidine-2,4(1H,3H)-dione', '5-fluorouracil', 'Fluorouracil', '5-Fluorouracil', '5-Fluorouracil', '5-flourouracil', '5-Flurouracil', '5-fluorouracil', '5-Fluorouracil', '5-fluorouracil', 'FLUOROURACIL', '5-Fluorouracil', '5-fluorouracil', '5-Fluorouracil', '5-Fluorouracil', '5-fluoropyrimidine-2,4(1H,3H)-dione', '5-fluorouracil', '5-Fluorouracil', '5-Fluorouracil', 'fluorouracil', '5-fluorouracil', '5-Fluorouracil', '5-Fluorouracil', '5-fluorouracil', '5-fluorouracil', '5-fluorouracil', '5-Fluorouracil', '5-Fluorouracil', '5-fluoropyrimidine-2,4(1H,3H)-dione', '5-fluoropyrimidine-2,4(1H,3H)-dione', '5-fluorouracil', '5-Fluorouracil', '5-Fluorouracil', '5-Fluorouracil', 'Fluorouracil, 5-', '5-fluorouracil', '5-fluorouracil', 'Fluorouracil', '5-Fluorouracil', '5-fluorouracil', 'SID85231050', '5-Fluorouracil', '5-Fluorouracil', '5-Fluorouracil', '5-Fluorouracil', '5-Fluorouracil', '5-Fluorouracil', 'Fluorouracil', '5-Fluorouracil', '5-Fluorouracil', '5-fluorouracil', '5-Fluorouracil', '5-Fluorouracil', '5-fluoropyrimidine-2,4(1H,3H)-dione', 'Fluorouracil', '5-fluorouracil', '5-fluoropyrimidine-2,4(1H,3H)-dione', '5-Fluorouracil', '5-fluorouracil', '5-fluorouracil', '5-fluorouracil', '5-Fluorouracil', '5-Fluorouracil', '5-Fluorouracil', '5-fluorouracil', '5-Fluorouracil', '5-fluorouracil', '5-fluorouracil', '5-Fluorouracil', '5-Fluorouracil', '5-fluorouracil', '5-fluorouracil', '5-Fluorouracil', '5-fluorouracil', '5-fluorouracil', '5-Fluorouracil', '5-Fluorouracil', 'Fluorouracil', '5-Fluorouracil', '5-Fluorouracil', '5-fluorouracil', '5-Fluorouracil', '5-fluoropyrimidine-2,4(1H,3H)-dione', '5-fluorouracil', '5-Fluorouracil', '5-fluorouracil', '5-fluorouracil', '5-fluorouracil', 'SID26752979', '5-fluorouracil', 'FLUOROURACIL', '5-fluorouracil', '5-fluorouracil', '5-Fluorouracil', '5-Fluoro-1H-pyrimidine-2,4-dione', '5-flurouracil', '5-Fluorouracil', '5-fluoropyrimidine-2,4(1H,3H)-dione', '5-fluorouracil', '5-fluoropyrimidine-2,4(1H,3H)-dione', '5-fluorouracil', 'Fluorouracil', '5-Fluoro-1H-pyrimidine-2,4-dione', '5-fluorouracil', 'Fluorouracil', '5-fluorouracil', '5-Fluorouracil', '5-Fluorouracil', '5-fluorouracil', '5-Fluorouracil', '5-fluorouracil', '5-Fluorouracil', '5-Fluorouracil', '5-Fluorouracil', '5-fluorouracil', '5-Fluorouracil', '5-fluoropyrimidine-2,4(1H,3H)-dione', '5-Fluorouracil', 'FLUOROURACIL', '5-Fluorouracil', '5-fluoropyrimidine-2,4(1H,3H)-dione', '5-fluoropyrimidine-2,4(1H,3H)-dione', '5-Fluorouracil', '5-Fluoropyrimidine-2,4(1H,3H)-dione', 'Fluorouracil', '5-fluorouracil', '5-Fluorouracil', '5-Fluorouracil', 'Fluorouracil', 'Fluorouracil, 5-', '5-Fluorouracil', '5-fluorouracil', '5-Fluorouracil', '5-Fluorouracil', '5-Fluorouracil', '5-fluoropyrimidine-2,4(1H,3H)-dione', '5-Fluoruracil', '5-Fuorouracil', '5-fluorouracil', '5-fluoropyrimidine-2,4(1H,3H)-dione', '5-fluorouracil', '5-Fluorouracil', '5-fluorouracil', '5-Fluorouracil', 'FLUOROURACIL', '5-fluoropyrimidine-2,4(1H,3H)-dione', '5-Fluorouracil', '5-Fluorouracil', '5-Fluorouracil', '5-Fluorouracil', '5-Fluorouracil', '5-fluorouracile', '5-fluorouracil', 'Fluorouracil', '5-fluorouracil', '5-Fluorouracil', '5-Fluorouracil', '5-fluorouracil', 'Fluorouracil', '5-Fluorouracil', '5-Fluorouracil', '5-Fluorouracil', '5-fluorouracil', '5-fluorouracil', '5-fluorouracil', 'Fluorouracil', '5-fluorouracil', '5-fluoropyrimidine-2,4(1H,3H)-dione', '5-Fluorouracil', '5-fluoropyrimidine-2,4(1H,3H)-dione', '5-Fluorouracil', '5-fluorouracil', '5-Fluorouracil', '5-Fluorouracil', 'FLUOROURACIL', '5-Fluorouracil', '5-Fluorouracil', '5-fluorouracil', '5-fluorouracil', '5-Fluorouracil', '5-Fluorouracil', '5-fluorouracil', 'SID90341469', '5-fluorouracil', '5-fluorouracil', '5-fluoropyrimidine-2,4(1H,3H)-dione', '5-Fluorouraci', '5-Fluorouracil', '5-Fluorouracil', '5-fluoropyrimidine-2,4(1H,3H)-dione', '5-fluorouracil', '5-fluoropyrimidine-2,4(1H,3H)-dione', '5-Fluorouracil', 'FLUOROURACIL', '5-fluorouracil', '5-fluorouracil', 'Fluorouracil', '5-Fluorouracil', 'FLUOROURACIL', '5-fluoropyrimidine-2,4(1H,3H)-dione', '5-Fluorouracil', '5-Fluorouracil', '5-fluoropyrimidine-2,4(1H,3H)-dione', '5-Fluorouracil', '5-Fluorouracil', 'Fluorouracil', '5-fluorouracil', '5-fluorouracil', '5-fluoropyrimidine-2,4(1H,3H)-dione', '5-fluorouracil', '5-fluorouracil', '5-Fluorouracil', '5-Fluorourcail', '5-fluoropyrimidine-2,4(1H,3H)-dione', '5-Fluorouracil', '5-fluorouracil', '5-fluoropyrimidine-2,4(1H,3H)-dione', '5-Fluorouracil', '5-Fluorouracil', '5-fluorouracil', '5-fluorouracil', '5-fluorouracil', '5-fluoropyrimidine-2,4(1H,3H)-dione', '5-fluoropyrimidine-2,4(1H,3H)-dione', '5-fluorouracil', '5-Fluorouracil', '5-fluorouracil', '5-fluorouracil', '5-Fluorouracil', 'Fluorouracil', '5-fluorouracil', '5-fluorouracil', '5-fluorouracil', '5-Fluorouracil', '5-fluorouracil', '5-fluorouracil', '5-Fluorouracil', '5-Fluorouracil', '5-Fluorouracil', '5-Fluorouracil', '5-Fluorouracil', '5-fluoropyrimidine-2,4(1H,3H)-dione', '5-Fluorouracil', '5-fluorouracil', '5-fluorouracil', '5-fluoropyrimidine-2,4(1H,3H)-dione', '5-fluorouracil', '5-fluorouracil', '5-Fluorouracil', '5-FLUOROURACIL', '5-Fluorouracil', '5-Fluorouracil', '5-Fluorouracil', '5-Fluorouracil', '5-fluoro-2,4(1H,3H)pyriznidinedione', '5-fluoropyrimidine-2,4(1H,3H)-dione', '5-Fluorouracil', '5-Flourouracil', '5-Fluorouracil', '5-Fluorouracil', '5-Fluorouracil', '5-fluorouracil', '5-Fluorouracil', '5-fluorouracil', '5-fluorouracil', '5-fluorouracil', '5-Fluorouracil', '5-Fluorouracil', '5-fluorouracil', '5-Fluorouracil', '5-Fluorouracil', '5-Fluorouracil', '5-Fluorouracil', '5-fluoro uracil', '5-Fluorouracil', '5-Fluorouracil', '5-Fluorouracil', '5-Fluorouracil', '5-Fluorouracil', '5-Fluorouracil', '5-fluorouracil', '5-Fluorouracil', '5-Fluorouracil', '5-Fluorouracil', '5-Fluorouracil', '5-Fluorouracil', '5-Fluorouracil', '5-Fluorouracil', '5-fluoropyrimidine-2,4(1H,3H)-dione', '5-Fluorouracil', '5-Fluorouracil', '5-Flourouracil', '5-Fluorouracil', '5-Fluorouracil', '5-Fluorouracil', 'Fluorouracil', '5-Fluorouracil', '5-fluoropyrimidine-2,4(1H,3H)-dione', '5-fluorouracil', '5-fluorouracil', '5-Fluorouracil', '5-Fluorouracil', '5-fluorouracil', '5-Fluorouracil', '5-Fluorouracil', '5-fluorouracil', '5-Fluorouracil', '5-fluoropyrimidine-2,4(1H,3H)-dione', '5-Fluorouracil', '5-Fluorouracil', '5-Fluorouracil', '5-fluorouracil', '5-fluoropyrimidine-2,4(1H,3H)-dione', '5-Fluorouracil', 'FLUOROURACIL', '5-Fluorouracil', '5-fluorouracil', '5-fluoropyrimidine-2,4(1H,3H)-dione', '5-fluorouracil', '5-fluorouracil', '5-Fluorouracil', '5-Fluorouracil', '5-Fluorouracil', '5-fluorouracil', '5-Fluorouracil', '5-fluorouracil', '5-fluorouracil', 'Fluorouracil', '5-fluorouracil', '5-fluorouracil', '5-Fluorouracil', '5-Fluorouracil', '5-fluorouracil', '5-fluorouracil', '5-fluorouracil', '5 Fluorouracil', '5-Fluorouracil', 'Fluorouracill', '5-Fluorouracil', '5-Fluorouracil', '5-fluorouracil', '5-Fluorouracil', '5-fluoro-1H-pyrimidine-2,4-dione', '5-Fluorouracil', '5-fluorouracil', '5-Fluorouracil', '5-fluorouracil', '5-fluoropyrimidine-2,4(1H,3H)-dione', '5-fluoropyrimidine-2,4(1H,3H)-dione', 'Fluorouracil', '5-Fluorouracil', '5-Fluorouracil', '5-Fluorouracil', '5-Fluorouracil', '5-Fluorouracil', '5-Fluorouracil', '5-fluoropyrimidine-2,4(1H,3H)-dione', '5-Fluorouracil', '5-fluoropyrimidine-2,4(1H,3H)-dione', '5-fluoropyrimidine-2,4(1H,3H)-dione', '5-fluoropyrimidine-2,4(1H,3H)-dione', '5-fluoropyrimidine-2,4(1H,3H)-dione', '5-Fluorouracil', '5-fluorouracil', '5-Fluorouracil', '5-fluorouracil', '5-Fluorouracil', '5-fluorouracil', '5-Fluorouracil', '5-Fluorouracil', '5-Fluorouracil', '5-Fluorouracil', '5-fluorouracil', 'Fluorouracil', '5-Fluorouracil', '5-Fluorouracil', '5-Fluorouracil', '5-Fluorouracil', 'FLUOROURACIL', '5-fluorouracil', '5-fluoropyrimidine-2,4(1H,3H)-dione', '5-fluorouracil', '5-fluorouracil', '5-Fluorouracil', '5-Fluorouracil', '5-Fluorouracil', '5-fluorouracil', '5-fluorouracil', '5-Fluorouracil', '5-Fluorouracil', '5-Fluorouracil', '5-fluorouracil', '5-fluorouracil', '5-fluorouracil', '5-fluorouracil', '5-Fluorouracil', '5-fluorouracil', '5-Fluorouracil', '5-Fluorouracil', 'fluorouracil', '5-fluoropyrimidine-2,4(1H,3H)-dione', '5-Fluorouracil', '5-fluoro-1,2,3,4-tetrahydropyrimidine-2,4-dione', '5-Fluorouracil', '5-Fluorouracil', '5-Fluorouracil', '5-fluorouracil', '5-fluoropyrimidine-2,4(1H,3H)-dione', 'Fluorouracil', '5-fluoropyrimidine-2,4(1H,3H)-dione', '5-Fluorouracil', '5-Fluoropyrimidine-2,4(1H,3H)-dione', '5-Fluorouracil', '5-Fluorouracil', 'Fluorouracil', '5-Fluorouracil', '5-Fluorouracil', '5-Fluorouracil', '5-Fluorouracil', '5-Fluorouracil', '5-Fluorouracil', '5-Fluorouracil', '5-Fluorouracil', '5-Fluorouracil', '5-fluoropyrimidine-2,4(1H,3H)-dione', '5-Fluorouracil', '5-Fluorouracil', '5-fluoropyrimidine-2,4(1H,3H)-dione', '5-fluorouracil', '5-Fluorouracil', '5-Fluorouracil', '5-Fluorouracil', '5-Fluoropyrimidine-2,4(1H,3H)-dione', '5-fluorouracil', '5-Fluorouracil', '5-fluoropyrimidine-2,4(1H,3H)-dione', '5-Fluorouracil', 'FLUOROURACIL']"
"CHEMBL4087329";"";"";"Small molecule";"";"268.28";"1";"2";"1.40";"98.82";"5";"3";"0";"3";"N";"0.49";"3";"MOL";"-1";"20";"-1.71";"C13H12N6O";"Cc1ccc(/C=N/Nc2nc(=O)[nH]c3[nH]ncc23)cc1";"GJWLPKBHEQCQOI-MKMNVTDBSA-N";"InChI=1S/C13H12N6O/c1-8-2-4-9(5-3-8)6-14-18-11-10-7-15-19-12(10)17-13(20)16-11/h2-7H,1H3,(H3,15,16,17,18,19,20)/b14-6+";"False";"-1";"['174']";"['4-(2-(4-methylbenzylidene)hydrazinyl)-1H-pyrazolo[3,4-d]pyrimidin-6(7H)-one']"
"CHEMBL279597";"ALANINE";"(2S)-2-AMINOPROPANOIC ACID|ALANINA|ALANINE|E639|L-2-AMINOPROPANOIC ACID|L-ALANINE|NSC-206315";"Small molecule";"3.0";"89.09";"71";"123";"-0.58";"63.32";"2";"2";"0";"1";"N";"0.45";"0";"MOL";"0";"6";"0.38";"C3H7NO2";"C[C@H](N)C(=O)O";"QNAYBMKLOCPYGJ-REOHCLBHSA-N";"InChI=1S/C3H7NO2/c1-2(4)3(5)6/h2H,4H2,1H3,(H,5,6)/t2-/m0/s1";"False";"0";"['ALANINE', 'L-alanine', 'Alanine', 'L-alanine', 'L-Ala', '6', 'alanine', 'Alanine', '101', 'Alanine', 'Alanine', 'Gly/Ala family, cpd 2', 'Alanine', 'Table 2; R6C1', '12', 'L-alanine', 'ALANINE', 'ARP', 'SID11113404', 'NBD-ARP', 'Ala', 'L-Alanine', 'L-alanine', 'L-ALANINE', 'Alanine', 'L-alanine', 'L-alanine', 'alanine', 'L-alanine', 'L-alanine', 'Alanine', 'BDBM50000099', 'ALANINE']";"['ALANINE', '2-Amino-propionic acid', '2-Amino-propionic acid', '2-Amino-propionic acid', '(2S)-2-aminopropanoic acid', '(S)-2-Amino-propionic acid', '2-Amino-propionic acid', 'Amino-acetic acid', '2-Amino-propionic acid', 'Alanine', 'Alanine', '(L)-Alanine', 'Alanine', 'Alanine', 'L-Alanine', '2-Amino-propionic acid', 'ALANINE', 'Alanine', 'SID11113404', 'NBD-Alanine', 'Ala', 'L-Alanine', 'L-alanine', 'L-ALANINE', 'Alanine', 'L-alanine', 'L-alanine', 'alanine', 'L-alanine', 'L-alanine', 'Alanine', '(2S)-2-aminopropanoic acid::(S)-2-aminopropanoic acid::(S)-alanine::Ala::CHEMBL279597::L-Alanin::L-alanine::L-alpha-alanine::US11021454, Compound L-ala', 'ALANINE']"
"CHEMBL5206057";"";"";"";"";"321.34";"1";"1";"2.43";"103.57";"5";"2";"0";"3";"N";"0.77";"3";"MOL";"-1";"24";"-1.68";"C17H15N5O2";"CC(C)n1cc(C#N)c2cc(NC(=O)c3cc(=O)[nH]cn3)ccc21";"MGEBFGUELPJZFO-UHFFFAOYSA-N";"InChI=1S/C17H15N5O2/c1-10(2)22-8-11(7-18)13-5-12(3-4-15(13)22)21-17(24)14-6-16(23)20-9-19-14/h3-6,8-10H,1-2H3,(H,21,24)(H,19,20,23)";"False";"-1";"['13c']";"['N-(3-cyano-1-isopropyl-1H-indol-5-yl)-6-oxo-1,6-dihydropyrimidine-4-carboxamide']"
"CHEMBL5197680";"";"";"";"";"339.35";"1";"1";"2.52";"105.33";"6";"1";"0";"5";"N";"0.89";"2";"MOL";"-1";"25";"-1.17";"C18H17N3O4";"N#Cc1cc(-c2ncc(C(=O)O)cn2)ccc1OCC1CCOCC1";"BEUJEWJEKHOVJK-UHFFFAOYSA-N";"InChI=1S/C18H17N3O4/c19-8-14-7-13(17-20-9-15(10-21-17)18(22)23)1-2-16(14)25-11-12-3-5-24-6-4-12/h1-2,7,9-10,12H,3-6,11H2,(H,22,23)";"False";"-1";"['11l']";"['2-{3-cyano-4-[(tetrahydro-2H-pyran-4-yl)methoxy]}phenylpyrimidine-5-carboxylic acid']"
"CHEMBL250450";"ISOQUERCETIN";"3-GLUCOSYLQUERCETIN|CONTIGOSIDE B|FEMA NO. 4225|GLUCOSYL-3-QUERCETIN|HIRSUTRIN|ISOQUERCETIN|ISOQUERCETIN, (-)-|ISOQUERCITRIN|ISOQUERCITROSIDE|ISOTRIFOLIIN|ISOTRIFOLIN|NSC-115918|NSC-407304|QUERCETIN 3-D-GLUCOSIDE|QUERCETIN 3-O-GLUCOPYRANOSIDE|QUERCETIN 3-O-GLUCOSIDE|QUERCETIN 3.BETA.-GLUCOSIDE|QUERCETIN GLUCOSIDE|QUERCETIN-3-GLUCOSE|QUERCETIN-3-O-GLUCOSIDE|QUERCETOL 3-MONOGLUCOSIDE|RONACARE ISOQUERCETIN";"Small molecule";"2.0";"464.38";"124";"396";"-0.54";"210.51";"12";"8";"2";"4";"N";"0.23";"3";"MOL";"0";"33";"2.16";"C21H20O12";"O=c1c(O[C@@H]2O[C@H](CO)[C@@H](O)[C@H](O)[C@H]2O)c(-c2ccc(O)c(O)c2)oc2cc(O)cc(O)c12";"OVSQVDMCBVZWGM-QSOFNFLRSA-N";"InChI=1S/C21H20O12/c22-6-13-15(27)17(29)18(30)21(32-13)33-20-16(28)14-11(26)4-8(23)5-12(14)31-19(20)7-1-2-9(24)10(25)3-7/h1-5,13,15,17-18,21-27,29-30H,6H2/t13-,15-,17+,18-,21+/m1/s1";"False";"0";"['18', '10', '2', '1', 'SID49681636', '10', '10', 'Isoquercitrin', '6a', '7', 'isoquercitrin', '11', '12', '5', '14', '2', '5', '15', '3', 'isoquercetin', '14', '1, Isoquercitrin', '3', '6, Isoquercitrin', '7', 'Quercetin-3-O-beta-D-glucoside', '32', '1', 'IsoQ', '3', '16', '3', '15', '5', 'SAM001246767', 'IQ, Isoquercitrin', '13', 'Isoquercitrin', '15', '19', '5', '15', '17', 'Isoquercitrin', 'hirsutrin', '15, Contigoside B', '5', '15', '7', '6', 'Quercetin 3-O-beta-d-glucose', '1b', '11', '8', '26', '10, quercetin 3-O-beta-D-glucopyranoside', '9', '8, Q3G', 'quercetin-3-glucoside', '9', '33', '3', '9', '46', '4', 'Isoquercitrin', '10', '11', '2, Isoquercetin', '10', '15', 'SID26719900', '8', 'Isoquercitrine', '5', 'Isoquercetrin', 'Isoquercitrin', 'ISOQUERCETIN', '9', '3, isoquercitrin', '10', '21', 'NSC-407304', '15', 'IQ', 'Isoquercitrin', '38; Q3G', '11', 'quercetin 3-O-glucoside', '29', '55', '9', '15', 'Isoquercitrin', 'Isoquercitrin', '5; IQ', '13', 'Isoquercitrin', '68']";"['quercetin 3-O-beta-D-glucopyranoside', 'isoquercitrin-3-O-glucopyranose', '2-(3,4-Dihydroxy-phenyl)-5,7-dihydroxy-3-(3,4,5-trihydroxy-6-hydroxymethyl-tetrahydro-pyran-2-yloxy)-chromen-4-one', 'Quercetin-3-O-beta-D-glucopyranoside', 'SID49681636', 'quercetin-3-O-beta-D-glucopyranoside', 'Isoquercetin', 'Isoquercitrin', 'Isoquercetin', 'isoquercitrin', 'isoquercitrin', 'Guercetin 3-O-beta-D-glucospyranoide', 'quercetin 3-O-beta-D-glucopyranoside', 'quercetin 3-O-beta-D-galactopyranoside', 'quercetin 3-O-glucoside', '2-(3,4-Dihydroxy-phenyl)-5,7-dihydroxy-3-((2S,4R,5R)-3,4,5-trihydroxy-6-hydroxymethyl-tetrahydro-pyran-2-yloxy)-chromen-4-one', 'Quercetin 3-O-beta-D-glucopyranoside', 'quercetin-3-O-glucoside', 'Isoquercitrin', 'isoquercetin', 'quercetin-3-O-beta-D-glucopyranoside', "3,3',4',5,7-pentahydroxyflavone-3-beta-O-glucoside", 'quercetin 3-O-beta-D-glucopyranoside', 'Quercetin-3-O-beta-D-glucopyranoside', 'quercetin-3-O-glucopyranoside', 'Quercetin-3-O-beta-D-glucoside', 'Quercetin-3-beta-D glucoside', 'Quercetin-3-O-beta-D-glucopyranoside', 'Isoquercitrin', 'Isoquercitrin', 'Quercetin3-O-beta-D-glucopyranoside', 'Isoquercitrin', 'Quercetin-3-O-glucopyranoside', 'Isoquercetin', 'C0164715', 'Quercetin-3-O-beta-D-glucoside', 'Quercetin 3-O-beta-D-glucopyranoside', 'Isoquercitrin', 'quercetin-3-O-beta-D-glucoside', 'isoquercitrin', 'Quercetin3-O-beta-D-glucopyranoside', 'quercetin 3-O-beta-D-glucopyranoside', 'Isoquercitrin', 'Isoquercitrin', 'hirsutrin', '2-(3,4-dihydroxyphenyl)-5,7-dihydroxy-3-((2S,3R,4S,5S,6R)-3,4,5-trihydroxy-6-(hydroxymethyl)-tetrahydro-2H-pyran-2-yloxy)-4H-chromen-4-one', '2-(3,4-dihydroxyphenyl)-5,7-dihydroxy-3-((2S,3R,4S,5S,6R)-3,4,5-trihydroxy-6-(hydroxymethyl)tetrahydro-2H-pyran-2-yloxy)-4H-chromen-4-one', 'isoquercetrin', 'Isoquercitrin', 'Quercetin-3-O-beta-D-glucopyranoside', 'Quercetin 3-O-beta-d-glucose', 'Isoquercitrin', 'quercetin 3-O-glucopyranoside', '3-glucoside isoquercitrin', 'quercetin 3-O-glucopyranoside', '2-(3,4-dihydroxyphenyl)-5,7-dihydroxy-3-((2S,3R,4S,5R,6R)-3,4,5-trihydroxy-6-(hydroxymethyl)-tetrahydro-2H-pyran-2-yloxy)-4H-chromen-4-one', 'Quercetin 3-O-beta-D-glucoside', 'Isoquercitrin', '2-(3,4-dihydroxyphenyl)-5,7-dihydroxy-3-((2S,3R,4S,5S,6R)-3,4,5-trihydroxy-6-(hydroxymethyl)-tetrahydro-2H-pyran-2-yloxy)-4H-chromen-4-one', 'Quercetin-3-O-beta-D-glucopyranoside', 'Quercetin 3-O-beta-D-glucopyranoside', 'Isoquercetin', 'quercetin 3-O-beta-D-glucopyranoside', 'Quercetin-3-glucoside', 'quercetin-3-O-beta-D-glucopyranoside', 'Isoquercitrin', 'Quercetin-3-O-beta-D-glucopyranoside', 'Isoquercitrin', 'Quercetin-3-beta-D-glucoside', 'quercetin 3-O-beta-glucopyranoside', 'Quercetin-3-O-beta-D-glucopyranoside', 'SID26719900', 'Isoquercitrin', 'Isoquercitrine', 'Quercetin 3-O-beta-D-glucopyranoside', 'quercetin 3-O-beta-D-glucoside', 'Isoquercitrin', 'ISOQUERCETIN', 'quercetin 3-O-beta-D-glucopyranoside', 'quercetin 3-O-glucoside', 'Isoquercitrin', 'Quercetin-3-O-glucoside', '2-(3,4-dihydroxyphenyl)-5,7-dihydroxy-3-((2S,3R,4S,5S,6R)-3,4,5-trihydroxy-6-(hydroxymethyl)tetrahydro-2H-pyran-2-yloxy)-4H-chromen-4-one', '3-beta-D-glucosylquercetin', 'Isoquercitrin', 'Isoquercitrin', 'Quercetin-3-glucoside', 'Isoquercitrin', 'quercetin 3-O-glucoside', 'Isoquercitrin; Quercetin-3-O-beta-D-glucopyranoside', 'Isoquercitrin', 'Hirsutrin; 2-(3,4-Dihydroxyphenyl)-5,7-dihydroxy-3-(((2S,3R,4S,5S,6R)-3,4,5-trihydroxy-6-(hydroxymethyl)tetrahydro-2H-pyran-2-yl)oxy)-4H-chromen-4-one', '2-(3,4-Dihydroxyphenyl)-5,7-dihydroxy-3-((3,4,5-trihydroxy-6-(hydroxymethyl)tetrahydro-2H-pyran-2-yl)oxy)-4H-chromen-4-one', 'Isoquercitrin', 'Isoquercitrin', 'Isoquercetin', 'Quercetin 3-O-glucoside', 'Isoquercitrin', 'Quercetin 3-beta-D-glucoside']"
"CHEMBL5414336";"";"";"";"";"421.42";"1";"1";"4.09";"79.23";"6";"2";"0";"3";"N";"0.66";"3";"MOL";"-1";"31";"0.34";"C24H20FNO5";"O=C1CC(c2ccccc2)Oc2c3c(c(CO)c(O)c21)OCN(c1ccc(F)cc1)C3";"VZBQZHKYYJJRCC-UHFFFAOYSA-N";"InChI=1S/C24H20FNO5/c25-15-6-8-16(9-7-15)26-11-17-23(30-13-26)18(12-27)22(29)21-19(28)10-20(31-24(17)21)14-4-2-1-3-5-14/h1-9,20,27,29H,10-13H2";"False";"-1";"['113']";"['9-(4-fluorophenyl)-5-hydroxy-6-(hydroxymethyl)-2-phenyl-2,3,9,10-tetrahydro-4H,8H-chromeno[8,7-e][1,3]oxazin-4-one']"
"CHEMBL5962284";"";"";"";"";"382.26";"2";"9";"0.82";"156.62";"6";"5";"0";"3";"N";"0.45";"3";"MOL";"-1";"27";"-1.46";"C14H9F3N6O4";"O=C(Nc1ccc(-c2c[nH]nn2)cc1C(F)(F)F)c1c(O)[nH]c(=O)[nH]c1=O";"HMRWWVSXKJTUMB-UHFFFAOYSA-N";"InChI=1S/C14H9F3N6O4/c15-14(16,17)6-3-5(8-4-18-23-22-8)1-2-7(6)19-10(24)9-11(25)20-13(27)21-12(9)26/h1-4H,(H,19,24)(H,18,22,23)(H3,20,21,25,26,27)";"False";"-1";"['BDBM522185', 'BDBM458105']";"['US11161835, Compound Formula (Ih)', 'US10752613, Compound Formula (Ih)']"
"CHEMBL5180627";"";"";"";"";"515.37";"2";"2";"4.46";"81.70";"5";"1";"1";"9";"N";"0.30";"2";"MOL";"-1";"28";"-0.75";"C20H22INO5S";"CCCCS(=O)(=O)Oc1ccc(/C=C/C(=O)Nc2ccccc2I)cc1OC";"NLAXHJLBTJYGOS-ZRDIBKRKSA-N";"InChI=1S/C20H22INO5S/c1-3-4-13-28(24,25)27-18-11-9-15(14-19(18)26-2)10-12-20(23)22-17-8-6-5-7-16(17)21/h5-12,14H,3-4,13H2,1-2H3,(H,22,23)/b12-10+";"False";"-1";"['F13']";"['4-(3-((2-iodophenyl)amino)-3-oxoprop-1-en-1-yl)-2-methoxyphenyl butane-1-sulfonate']"
"CHEMBL5563962";"";"";"";"";"321.33";"2";"2";"4.25";"79.65";"4";"2";"0";"4";"N";"0.75";"3";"MOL";"-1";"24";"-0.59";"C19H15NO4";"Cc1cccc(Oc2cncc(-c3ccc(C(=O)O)c(O)c3)c2)c1";"PLSFUZYMFRCZAC-UHFFFAOYSA-N";"InChI=1S/C19H15NO4/c1-12-3-2-4-15(7-12)24-16-8-14(10-20-11-16)13-5-6-17(19(22)23)18(21)9-13/h2-11,21H,1H3,(H,22,23)";"False";"-1";"['II7']";"['2-Hydroxy-4-(5-(m-tolyloxy)pyridin-3-yl)benzoic acid']"
"CHEMBL5396099";"";"";"";"";"336.34";"1";"1";"4.06";"79.90";"5";"2";"0";"1";"N";"0.70";"3";"MOL";"-1";"25";"2.10";"C20H16O5";"CC1(C)C=Cc2cc(-c3cc(=O)c4c(O)cc(O)cc4o3)ccc2O1";"GPXYBBZISZKRAH-UHFFFAOYSA-N";"InChI=1S/C20H16O5/c1-20(2)6-5-12-7-11(3-4-16(12)25-20)17-10-15(23)19-14(22)8-13(21)9-18(19)24-17/h3-10,21-22H,1-2H3";"False";"-1";"['6; MOL004384']";"['Yinyanghuo C']"
"CHEMBL5199656";"";"";"";"";"370.47";"2";"2";"3.42";"78.90";"6";"0";"0";"10";"N";"0.36";"1";"MOL";"-1";"25";"-0.02";"C18H26O6S";"CCCCS(=O)(=O)Oc1ccc(/C=C/C(=O)OCC(C)C)cc1OC";"IUHJSQWGFXSAHP-CSKARUKUSA-N";"InChI=1S/C18H26O6S/c1-5-6-11-25(20,21)24-16-9-7-15(12-17(16)22-4)8-10-18(19)23-13-14(2)3/h7-10,12,14H,5-6,11,13H2,1-4H3/b10-8+";"False";"-1";"['F5']";"['isobutyl 3-(4-((butylsulfonyl)oxy)-3-methoxyphenyl)acrylate']"
"CHEMBL5169480";"";"";"";"";"332.32";"1";"1";"2.69";"108.99";"6";"1";"0";"5";"N";"0.76";"3";"MOL";"-1";"25";"-1.20";"C18H12N4O3";"N#Cc1cc(-c2ncc(C(=O)O)cn2)ccc1OCc1ccncc1";"JJPJXUGHNGCBCR-UHFFFAOYSA-N";"InChI=1S/C18H12N4O3/c19-8-14-7-13(17-21-9-15(10-22-17)18(23)24)1-2-16(14)25-11-12-3-5-20-6-4-12/h1-7,9-10H,11H2,(H,23,24)";"False";"-1";"['11m']";"['2-[3-cyano-4-(pyridin-4-ylmethoxy)]phenylpyrimidine-5-carboxylic acid']"
"CHEMBL5409929";"";"";"";"";"178.20";"1";"1";"0.13";"81.65";"6";"2";"0";"2";"N";"0.50";"2";"MOL";"-1";"13";"-2.52";"C7H10N6";"CCn1ncc2c(NN)ncnc21";"VOUCPTMJQXHBCP-UHFFFAOYSA-N";"InChI=1S/C7H10N6/c1-2-13-7-5(3-11-13)6(12-8)9-4-10-7/h3-4H,2,8H2,1H3,(H,9,10,12)";"False";"-1";"['87']";"['1-ethyl-4-hydrazineyl-1H-pyrazolo[3,4-d]pyrimidine']"
"CHEMBL5967647";"";"";"";"";"397.29";"1";"3";"None";"None";"None";"None";"None";"None";"None";"None";"None";"MOL";"-1";"None";"None";"C19H14N2O3Se";"COc1ccc(-c2ccc(-c3nc(C)c(C(=O)O)[se]3)cc2C#N)cc1";"RNRUTSFPBWFBJU-UHFFFAOYSA-N";"InChI=1S/C19H14N2O3Se/c1-11-17(19(22)23)25-18(21-11)13-5-8-16(14(9-13)10-20)12-3-6-15(24-2)7-4-12/h3-9H,1-2H3,(H,22,23)";"False";"-1";"['BDBM352039']";"['US9802907, Compound 18']"
"CHEMBL5893388";"";"";"";"";"378.80";"1";"3";"1.89";"136.65";"7";"4";"0";"4";"N";"0.40";"3";"MOL";"-1";"25";"-1.98";"C14H11ClN6O3S";"CSc1nc(O)c(C(=O)Nc2ccc(-c3c[nH]nn3)cc2Cl)c(=O)[nH]1";"RZCAWNXLROXTQK-UHFFFAOYSA-N";"InChI=1S/C14H11ClN6O3S/c1-25-14-18-12(23)10(13(24)19-14)11(22)17-8-3-2-6(4-7(8)15)9-5-16-21-20-9/h2-5H,1H3,(H,17,22)(H,16,20,21)(H2,18,19,23,24)";"False";"-1";"['BDBM499675']";"['US11020397, Compound Formula-(IIee)']"
"CHEMBL5560632";"";"";"";"";"321.33";"2";"2";"4.25";"79.65";"4";"2";"0";"4";"N";"0.75";"3";"MOL";"-1";"24";"-0.45";"C19H15NO4";"Cc1ccc(Oc2cncc(-c3ccc(C(=O)O)c(O)c3)c2)cc1";"UMUWHDGUYVLZNQ-UHFFFAOYSA-N";"InChI=1S/C19H15NO4/c1-12-2-5-15(6-3-12)24-16-8-14(10-20-11-16)13-4-7-17(19(22)23)18(21)9-13/h2-11,21H,1H3,(H,22,23)";"False";"-1";"['II4']";"['2-hydroxy-4-(5-(p-tolyloxy)pyridin-3-yl)benzoic acid']"
"CHEMBL5561742";"";"";"";"";"284.31";"2";"2";"2.58";"79.29";"3";"2";"0";"4";"N";"0.90";"2";"MOL";"-1";"21";"-1.00";"C16H16N2O3";"CC(C)NC(=O)c1cncc(-c2cccc(C(=O)O)c2)c1";"JDFUEJIXFZRBIG-UHFFFAOYSA-N";"InChI=1S/C16H16N2O3/c1-10(2)18-15(19)14-7-13(8-17-9-14)11-4-3-5-12(6-11)16(20)21/h3-10H,1-2H3,(H,18,19)(H,20,21)";"False";"-1";"['I6']";"['3-(5-(Isopropylcarbamoyl)pyridin-3-yl)benzoic acid']"
"CHEMBL5596964";"";"";"";"";"293.28";"2";"2";"3.68";"83.46";"4";"1";"0";"3";"N";"0.80";"3";"MOL";"-1";"22";"-0.11";"C17H11NO4";"COc1cc(-c2cc(C#N)cc3ccoc23)ccc1C(=O)O";"QYETYAQRTHMTGX-UHFFFAOYSA-N";"InChI=1S/C17H11NO4/c1-21-15-8-11(2-3-13(15)17(19)20)14-7-10(9-18)6-12-4-5-22-16(12)14/h2-8H,1H3,(H,19,20)";"False";"-1";"['21']";"['4-(5-Cyanobenzofuran-7-yl)-2-methoxybenzoic Acid']"
"CHEMBL5172727";"";"";"";"";"387.37";"1";"1";"3.04";"103.57";"5";"2";"0";"4";"N";"0.56";"4";"MOL";"-1";"29";"-2.08";"C21H14FN5O2";"N#Cc1cn(Cc2ccccc2F)c2ccc(NC(=O)c3cc(=O)[nH]cn3)cc12";"KLDXBFAJDZXXPG-UHFFFAOYSA-N";"InChI=1S/C21H14FN5O2/c22-17-4-2-1-3-13(17)10-27-11-14(9-23)16-7-15(5-6-19(16)27)26-21(29)18-8-20(28)25-12-24-18/h1-8,11-12H,10H2,(H,26,29)(H,24,25,28)";"False";"-1";"['13n']";"['N-(3-cyano-1-(2-fluorobenzyl)-1H-indol-5-yl]-6-oxo-1,6-dihydropyrimidine-4-carboxamide']"
"CHEMBL5911881";"";"";"";"";"401.45";"1";"3";"1.17";"139.89";"8";"4";"0";"7";"N";"0.34";"3";"MOL";"-1";"28";"-1.89";"C17H19N7O3S";"CN(C)CCSc1nc(O)c(C(=O)Nc2ccc(-c3c[nH]nn3)cc2)c(=O)[nH]1";"PHFXLOMZIMHECU-UHFFFAOYSA-N";"InChI=1S/C17H19N7O3S/c1-24(2)7-8-28-17-20-15(26)13(16(27)21-17)14(25)19-11-5-3-10(4-6-11)12-9-18-23-22-12/h3-6,9H,7-8H2,1-2H3,(H,19,25)(H,18,22,23)(H2,20,21,26,27)";"False";"-1";"['BDBM499668']";"['US11020397, Compound Formula-(IIz)']"
"CHEMBL4080985";"";"";"Small molecule";"";"784.98";"1";"1";"1.69";"236.06";"13";"9";"3";"7";"N";"0.18";"0";"MOL";"-1";"55";"2.60";"C41H68O14";"C[C@@H]1O[C@@H](O[C@H]2[C@H](OC[C@]3(C)[C@@H]4CC[C@]5(C)[C@H](CC[C@@H]6[C@@H]7C[C@](C)(O)CC[C@]7(C(=O)O)CC[C@]65C)[C@@]4(C)CC[C@@H]3O)O[C@H](CO)[C@@H](O)[C@@H]2O)[C@@H](O)[C@H](O)[C@@H]1O";"UKVMUEYTZLFDOX-KGIKMOAXSA-N";"InChI=1S/C41H68O14/c1-20-27(44)29(46)31(48)33(53-20)55-32-30(47)28(45)23(18-42)54-34(32)52-19-38(4)24-9-12-40(6)25(37(24,3)11-10-26(38)43)8-7-21-22-17-36(2,51)13-15-41(22,35(49)50)16-14-39(21,40)5/h20-34,42-48,51H,7-19H2,1-6H3,(H,49,50)/t20-,21+,22-,23+,24+,25+,26-,27+,28+,29+,30-,31-,32+,33-,34+,36+,37-,38+,39+,40+,41-/m0/s1";"False";"-1";"['2']";"['3beta,20alpha,24-trihydroxy-29-norolean-12-en-28-oic acid 24-O-beta-L-fucopyranosyl-(1->2)-beta-D-glucopyranoside']"
"CHEMBL6047500";"";"";"";"";"433.78";"1";"3";"None";"None";"None";"None";"None";"None";"None";"None";"None";"MOL";"-1";"None";"None";"C18H11ClN2O2SSe";"Cc1nc(-c2ccc(Sc3ccc(Cl)cc3)c(C#N)c2)[se]c1C(=O)O";"PRZPDOMUBWBXLH-UHFFFAOYSA-N";"InChI=1S/C18H11ClN2O2SSe/c1-10-16(18(22)23)25-17(21-10)11-2-7-15(12(8-11)9-20)24-14-5-3-13(19)4-6-14/h2-8H,1H3,(H,22,23)";"False";"-1";"['BDBM352054']";"['US9802907, Compound 39']"
"CHEMBL5902441";"";"";"";"";"464.18";"1";"3";"None";"None";"None";"None";"None";"None";"None";"None";"None";"MOL";"-1";"None";"None";"C18H13BrN2O3Se";"Cc1nc(-c2ccc(C(=O)Nc3ccccc3)c(Br)c2)[se]c1C(=O)O";"VOAFBCREWROANP-UHFFFAOYSA-N";"InChI=1S/C18H13BrN2O3Se/c1-10-15(18(23)24)25-17(20-10)11-7-8-13(14(19)9-11)16(22)21-12-5-3-2-4-6-12/h2-9H,1H3,(H,21,22)(H,23,24)";"False";"-1";"['BDBM352066']";"['US9802907, Compound 67']"
"CHEMBL5192199";"";"";"";"";"410.23";"1";"1";"4.05";"96.10";"5";"1";"0";"5";"N";"0.68";"3";"MOL";"-1";"26";"-1.19";"C19H12BrN3O3";"N#Cc1cc(-c2ncc(C(=O)O)cn2)ccc1OCc1ccc(Br)cc1";"HJJUMMRFMYFXDL-UHFFFAOYSA-N";"InChI=1S/C19H12BrN3O3/c20-16-4-1-12(2-5-16)11-26-17-6-3-13(7-14(17)8-21)18-22-9-15(10-23-18)19(24)25/h1-7,9-10H,11H2,(H,24,25)";"False";"-1";"['11h']";"['2-[4-(4-bromobenzyloxy)-3-cyano]phenylpyrimidine-5-carboxylic acid']"
"CHEMBL5814780";"";"";"";"";"381.27";"1";"6";"1.43";"143.73";"5";"5";"0";"3";"N";"0.47";"3";"MOL";"-1";"27";"-1.28";"C15H10F3N5O4";"O=C(Nc1ccc(-c2cn[nH]c2C(F)(F)F)cc1)c1c(O)[nH]c(=O)[nH]c1=O";"ZVNHFBPBPJCDAL-UHFFFAOYSA-N";"InChI=1S/C15H10F3N5O4/c16-15(17,18)10-8(5-19-23-10)6-1-3-7(4-2-6)20-11(24)9-12(25)21-14(27)22-13(9)26/h1-5H,(H,19,23)(H,20,24)(H3,21,22,25,26,27)";"False";"-1";"['BDBM458107', 'BDBM458107']";"['US10752613, Compound Formula (Ij)::US11161835, Compound Formula (Ij)', 'US10752613, Compound Formula (Ij)::US11161835, Compound Formula (Ij)']"
"CHEMBL5176282";"";"";"";"";"351.37";"1";"1";"1.62";"123.80";"6";"3";"0";"4";"N";"0.66";"3";"MOL";"-1";"26";"-1.42";"C18H17N5O3";"CC(C)(O)Cn1cc(C#N)c2cc(NC(=O)c3cc(=O)[nH]cn3)ccc21";"BZHWPTQYCZVDCK-UHFFFAOYSA-N";"InChI=1S/C18H17N5O3/c1-18(2,26)9-23-8-11(7-19)13-5-12(3-4-15(13)23)22-17(25)14-6-16(24)21-10-20-14/h3-6,8,10,26H,9H2,1-2H3,(H,22,25)(H,20,21,24)";"False";"-1";"['13i']";"['N-(3-cyano-1-(2-hydroxy-2-methylpropyl)-1H-indol-5-yl-6-oxo-1,6-dihydropyrimidine-4-carboxamide']"
"CHEMBL5198511";"";"";"";"";"403.83";"1";"1";"3.55";"103.57";"5";"2";"0";"4";"N";"0.54";"4";"MOL";"-1";"29";"-2.01";"C21H14ClN5O2";"N#Cc1cn(Cc2ccccc2Cl)c2ccc(NC(=O)c3cc(=O)[nH]cn3)cc12";"IOEVGVRNLWZRMY-UHFFFAOYSA-N";"InChI=1S/C21H14ClN5O2/c22-17-4-2-1-3-13(17)10-27-11-14(9-23)16-7-15(5-6-19(16)27)26-21(29)18-8-20(28)25-12-24-18/h1-8,11-12H,10H2,(H,26,29)(H,24,25,28)";"False";"-1";"['13o']";"['N-(3-cyano-1-(2-chlorobenzyl)-1H-indol-5-yl)-6-oxo-1,6-dihydropyrimidine-4-carboxamide']"
"CHEMBL5865227";"";"";"";"";"372.41";"1";"3";"2.01";"136.65";"7";"4";"0";"5";"N";"0.40";"3";"MOL";"-1";"26";"-1.77";"C16H16N6O3S";"CC(C)Sc1nc(O)c(C(=O)Nc2ccc(-c3nnc[nH]3)cc2)c(=O)[nH]1";"KELJIQYFCFWMQJ-UHFFFAOYSA-N";"InChI=1S/C16H16N6O3S/c1-8(2)26-16-20-14(24)11(15(25)21-16)13(23)19-10-5-3-9(4-6-10)12-17-7-18-22-12/h3-8H,1-2H3,(H,19,23)(H,17,18,22)(H2,20,21,24,25)";"False";"-1";"['BDBM499654']";"['US11020397, Compound Formula-(IIn)']"
"CHEMBL6017888";"";"";"";"";"397.29";"1";"3";"None";"None";"None";"None";"None";"None";"None";"None";"None";"MOL";"-1";"None";"None";"C19H14N2O3Se";"COc1cccc(-c2ccc(-c3nc(C)c(C(=O)O)[se]3)cc2C#N)c1";"AZYCOLAQWQXOJE-UHFFFAOYSA-N";"InChI=1S/C19H14N2O3Se/c1-11-17(19(22)23)25-18(21-11)13-6-7-16(14(8-13)10-20)12-4-3-5-15(9-12)24-2/h3-9H,1-2H3,(H,22,23)";"False";"-1";"['BDBM352040']";"['US9802907, Compound 19']"
"CHEMBL5746677";"";"";"";"";"305.21";"1";"3";"-1.61";"189.74";"8";"6";"1";"2";"N";"0.33";"3";"MOL";"-1";"22";"-1.72";"C10H7N7O5";"O=C(Nc1nc(O)c2cn[nH]c2n1)c1c(O)[nH]c(=O)[nH]c1=O";"OEWPHDMKMIFAJY-UHFFFAOYSA-N";"InChI=1S/C10H7N7O5/c18-5-2-1-11-17-4(2)12-9(13-5)14-6(19)3-7(20)15-10(22)16-8(3)21/h1H,(H3,15,16,20,21,22)(H3,11,12,13,14,17,18,19)";"False";"-1";"['BDBM524226']";"['US11168075, Compound Formula (Va)']"
"CHEMBL5867628";"";"";"";"";"306.23";"1";"3";"-0.86";"164.38";"6";"6";"1";"3";"N";"0.32";"2";"MOL";"-1";"22";"-1.10";"C12H10N4O6";"O=C(NO)c1ccc(NC(=O)c2c(O)[nH]c(=O)[nH]c2=O)cc1";"MWLXSJWRKRRUGV-UHFFFAOYSA-N";"InChI=1S/C12H10N4O6/c17-8(16-22)5-1-3-6(4-2-5)13-9(18)7-10(19)14-12(21)15-11(7)20/h1-4,22H,(H,13,18)(H,16,17)(H3,14,15,19,20,21)";"False";"-1";"['BDBM524231']";"['US11168075, Compound Formula (VIIIa)']"
"CHEMBL5852510";"";"";"";"";"328.29";"1";"3";"0.23";"146.02";"8";"4";"0";"3";"N";"0.54";"3";"MOL";"-1";"24";"-1.42";"C14H12N6O4";"Cn1c(O)nc(O)c(C(=O)Nc2ccc(-c3c[nH]nn3)cc2)c1=O";"GVLCCYHZNMBACV-UHFFFAOYSA-N";"InChI=1S/C14H12N6O4/c1-20-13(23)10(12(22)17-14(20)24)11(21)16-8-4-2-7(3-5-8)9-6-15-19-18-9/h2-6,22H,1H3,(H,16,21)(H,17,24)(H,15,18,19)";"False";"-1";"['BDBM524201']";"['US11168075, Compound Formula (Ig)']"
"CHEMBL54976";"TRYPTOPHAN";"(-)-TRYPTOPHAN|GPPE PDR SACH|L-TRYPTOPHAN|NSC-13119|OPTIMAX|OPTIMAX WV|PACITRON|TRIPTOFANO|TRYPTOPHAN|TRYPTOPHAN ((-),L,S)|TRYPTOPHAN, L-|TRYPTOPHANE|TRYTOPHAN-";"Small molecule";"4.0";"204.23";"97";"310";"1.12";"79.11";"2";"3";"0";"3";"N";"0.70";"2";"MOL";"0";"15";"0.39";"C11H12N2O2";"N[C@@H](Cc1c[nH]c2ccccc12)C(=O)O";"QIVBCDIJIAJPQS-VIFPVBQESA-N";"InChI=1S/C11H12N2O2/c12-9(11(14)15)5-7-6-13-10-4-2-1-3-8(7)10/h1-4,6,9,13H,5,12H2,(H,14,15)/t9-/m0/s1";"True";"0";"['7, L-Trp', 'L-Trp', 'L-tryptophan', 'SID50107108', 'L-tryptophan', 'TRYPTOPHAN', 'TRYPTOPHAN', 'SID90341602', '7', '7; L-Trp', 'TRYPTOPHAN', 'TRYPTOPHAN', 'L-tryptophan', '7', 'tryptophan', '7', 'TP', '7', 'TRYPTOPHAN', '7, L-Trp', 'L-tryptophan', 'SID11111851', 'SID144208444', 'SID26732620', 'NCGC00094437-01', 'TRYPTOPHAN (L)', '8', 'BDBM21974', '7', '69', 'L-tryptophan', 'L-Trp', 'Tryptophan', 'SID144210677', '11, L-Trp', 'l-tryptophan', '7', '7', '5', 'Trp', 'TRYPTOPHAN', 'tryptophan', '64', 'L-tryptophan', '7', '83 ((dl)-tryptophan)', 'L-Trp', '7, L-Trp', '7', 'L-Tryptophan', 'L-Trp', '192 (table SVIII)', '7', 'L-tryptophan', 'Tryptophan', '7', '1-L-MT', '7, L-Trp', 'TRP', 'L-Tryptophan', '7', 'Tryptophan', 'SID50107109', 'BDBM21974', 'Tryptophan', 'L-Tryptophan', 'L-Tryptophan', 'Tryp family, cpd 1', 'Tryptophan', 'Tryptophan', '2612', 'COVC-1751770371', 'L-Trp', 'TRYPTOPHAN (L)', 'L-tryptophan', '52', '7', '22; L-Trp', '1d', '176272422', 'L-tryptophan', 'L-Tryptophan', 'L-Tryptophan', 'TRYPTOPHAN (L)', '13', 'Trp', 'Tryptophan', 'L-Trp', 'Tryptophan', 'BDBM21974', 'TRYPTOPHAN']";"['(S)-2-amino-3-(1H-indol-3-yl)propanoic acid', '2-Amino-3-(1H-indol-3-yl)-propionic acid', '2-Amino-3-(1H-indol-3-yl)-propionic acid', 'SID50107108', '(S)-2-Amino-3-(1H-indol-3-yl)-propionic acid', 'TRYPTOPHAN', 'TRYPTOPHAN', 'SID90341602', '(S)-2-amino-3-(1H-indol-3-yl)propanoic acid', '(S)-2-amino-3-(1H-indol-3-yl)propanoic acid', 'TRYPTOPHAN', 'TRYPTOPHAN', 'L-Tryptophan', 'L-Trp', '(S)-2-amino-3-(1H-indol-3-yl)propanoic acid', 'L-Trp', 'L-tryptophan', 'L-Trp', 'TRYPTOPHAN', '(S)-2-amino-3-(1H-indol-3-yl)propanoic acid', 'L-tryptophan', 'SID11111851', 'SID144208444', 'SID26732620', 'L-Tryptophan', 'TRYPTOPHAN (L)', '(S)-2-amino-3-(1H-indol-3-yl)propanoic acid', '(2S)-2-amino-3-(1H-indol-3-yl)propanoic acid::CHEMBL54976::L-tryptophan::US9138393, L-Tryptophan::US9144538, L-Tryptophan', '(S)-2-amino-3-(1H-indol-3-yl)propanoic acid', 'Tryptophan', 'L-tryptophan', 'L-Tryptophan', 'Tryptophan', 'SID144210677', 'L-tryptophan', 'l-tryptophan', '2-Amino-3-(1H-indol-3-yl)-propionic acid', 'L-trp', '(S)-2-Amino-3-(1H-indol-3-yl)-propionic acid', 'Tryptophan', 'TRYPTOPHAN', 'tryptophan', 'tryptophan', 'L-tryptophan', 'L-Trp', '2-Amino-3-(1H-indol-3-yl)-propionic acid ((dl)-tryptophan)', 'L-tryptophan', '(S)-2-amino-3-(1H-indol-3-yl)propanoic acid', '(S)-2-amino-3-(1H-indol-3-yl)propanoic acid', 'L-Tryptophan', 'L-Trp', '(2S)-2-amino-3-(1H-indol-3-yl)propanoic acid', 'L-Trp', 'L-tryptophan', 'Tryptophan', '(S)-2-amino-3-(1H-indol-3-yl)propanoic acid', '(S)-2-amino-3-(1H-indol-3-yl)propanoic acid', 'L-Tryptophan', '(S)-2-amino-3-(1H-indol-3-yl)propanoic acid', 'L-Tryptophan', 'L-Tryptophan', 'Tryptophan', 'SID50107109', '(2S)-2-amino-3-(1H-indol-3-yl)propanoic acid::CHEMBL54976::L-tryptophan::US9138393, L-Tryptophan::US9144538, L-Tryptophan', 'Tryptophan', 'L-Tryptophan', 'L-Tryptophan', '(L)-Tryptophan', 'Tryptophan', 'Tryptophan', None, 'TRYPTOPHAN', 'L-tryptophan', 'TRYPTOPHAN (L)', 'L-tryptophan', '(S)-2-amino-3-(1H-indol-3-yl)propanoic acid', 'L-Tryptophan', 'L-Tryptophan', 'Tryptophan', 'TRYPTOPHAN', 'L-tryptophan', 'L-Tryptophan', 'L-Tryptophan', 'TRYPTOPHAN (L)', 'L-Tryptophan', 'Tryptophan', 'Tryptophan', 'L-Tryptophan', 'Tryptophan', '(2S)-2-amino-3-(1H-indol-3-yl)propanoic acid::CHEMBL54976::L-tryptophan::US11021454, Compound L-trp::US9138393, L-Tryptophan::US9144538, L-Tryptophan', 'TRYPTOPHAN']"
"CHEMBL2105720";"LESINURAD";"LESINURAD|LESINURAD COMPONENT OF DUZALLO|RDEA 594|RDEA-594|RDEA594|ZURAMPIC";"Small molecule";"4.0";"404.29";"23";"269";"4.24";"68.01";"5";"1";"0";"5";"N";"0.64";"3";"MOL";"0";"24";"-1.14";"C17H14BrN3O2S";"O=C(O)CSc1nnc(Br)n1-c1ccc(C2CC2)c2ccccc12";"FGQFOYHRJSUHMR-UHFFFAOYSA-N";"InChI=1S/C17H14BrN3O2S/c18-16-19-20-17(24-9-15(22)23)21(16)14-8-7-11(10-5-6-10)12-3-1-2-4-13(12)14/h1-4,7-8,10H,5-6,9H2,(H,22,23)";"False";"0";"['Lesinurad', '(+)-lesinurad', '7; RDEA594', 'Lesinurad', 'LESINURAD', '(+/-)-Lesinurad', 'LESINURAD', '(-)-lesinurad', 'LESINURAD', 'LESINURAD', '7', 'LESINURAD', 'Lesinurad', 'Lesinurad', 'Lesinurad', 'BDBM37953', 'Lesinurad', 'Lesinarad', 'Lesinurad', '18', 'LESINURAD', 'BDBM37953', 'Lesinurad', 'BDBM37953', 'BDBM37953', 'Lesinurad', 'Lesinurad', '12', 'Lesinurad', 'BDBM37953', 'Lesinurad', 'Zurampic', 'Lesinurad', 'BDBM37953', 'BDBM434965', 'BDBM37953', 'LESINURAD']";"['Lesinurad', '(+)-lesinurad', 'Lesinurad', 'Lesinurad', 'LESINURAD', '(+/-)-Lesinurad', 'LESINURAD', '(-)-lesinurad', 'LESINURAD', 'LESINURAD', 'Lesinurad', 'LESINURAD', 'Lesinurad', 'Lesinurad', 'Lesinurad', 'US10093631, Compound Lesinurad::US10336710, Lesinurad::US10752613, Compound Lesinurad::US11020397, Compound Lesinurad::US11149013, Compound lesinurad::US11161835, Compound Lesinurad', 'Lesinurad', 'Lesinarad', 'Lesinurad', 'Lesinurad', 'LESINURAD', 'US10093631, Compound Lesinurad::US10336710, Lesinurad::US10752613, Compound Lesinurad::US11020397, Compound Lesinurad::US11149013, Compound lesinurad::US11161835, Compound Lesinurad', 'Lesinurad', 'US10093631, Compound Lesinurad::US10336710, Lesinurad::US10752613, Compound Lesinurad::US11020397, Compound Lesinurad::US11149013, Compound lesinurad::US11161835, Compound Lesinurad', 'US10093631, Compound Lesinurad::US10336710, Lesinurad::US10752613, Compound Lesinurad::US11020397, Compound Lesinurad::US11149013, Compound lesinurad::US11161835, Compound Lesinurad', 'Lesinurad', 'Lesinurad', 'Lesinurad', 'Lesinurad', 'US10093631, Compound Lesinurad::US10336710, Lesinurad::US10752613, Compound Lesinurad::US11020397, Compound Lesinurad::US11149013, Compound lesinurad::US11161835, Compound Lesinurad', 'Lesinurad', 'Lesinurad', 'Lesinurad', 'US10093631, Compound Lesinurad::US10336710, Lesinurad::US10752613, Compound Lesinurad::US11020397, Compound Lesinurad::US11149013, Compound lesinurad::US11161835, Compound Lesinurad', 'US10584104, Compound lesinurad', 'US10093631, Compound Lesinurad::US10336710, Lesinurad::US10752613, Compound Lesinurad::US11020397, Compound Lesinurad::US11149013, Compound lesinurad::US11161835, Compound Lesinurad', 'LESINURAD']"
"CHEMBL388590";"BENZBROMARONE";"BENZBROMARON|BENZBROMARONA|BENZBROMARONE|BENZPROMARONE|DESURIC|L-2214|MJ 10061|MJ-10061|NARCARICIN MITE|NSC-85433|UROLEAP";"Small molecule";"4.0";"424.09";"306";"2471";"5.46";"50.44";"3";"1";"1";"3";"N";"0.57";"3";"MOL";"0";"22";"0.28";"C17H12Br2O3";"CCc1oc2ccccc2c1C(=O)c1cc(Br)c(O)c(Br)c1";"WHQCHUCQKNIQEC-UHFFFAOYSA-N";"InChI=1S/C17H12Br2O3/c1-2-13-15(10-5-3-4-6-14(10)22-13)16(20)9-7-11(18)17(21)12(19)8-9/h3-8,21H,2H2,1H3";"True";"0";"['BENZBROMARONE', '25', 'Benzbromarone', 'SID170465792', '0085433:01', 'Benzbromarone', 'SID855676', '7, benzbromarone', 'benzbromarone', '4', 'benzbromarone', '46', 'Benzbromarone', 'benzbromarone', 'Benzbromarone', 'Benzbromarone', 'benzbromarone', 'SID4253342', 'Benzbromarone', 'SID26664708', 'SID50103990', 'BENZBROMARONE', 'Benzbromarone', 'benzbromarone 3 micromolar', 'benzbromarone 4 micromolar', 'benzbromarone 20 micromolar', '76', 'Benzbromarone', 'Benzbromarone', 'Benzobromaron', 'benzbromarone 100 micromolar', 'BDBM50158460', 'Benzbromarone', 'Benzbromarone', 'BENZBROMARONE', 'BENZBROMARONE', '1', '1', 'SID24424558', 'SID144203592', 'benzbromarone', 'benzbromarone', 'benzbromarone', '21', 'Benzbromarone', 'Benzbromarone', 'SID11110651', 'Benzbromarone', 'BENZBROMARONE', 'Benzbromarone', 'BENZBROMARONE', 'benzbromarone', 'Benzbromarone', 'SID122758', '2', 'BENZBROMARONE', 'Benzbromaron', '1; NSC 85433', 'Benzbromarone', 'Benzbromarone', 'Benzbromarone', '80', 'Benzbromarone', 'BENZBROMARONE', 'Benzbromarone', 'BBR', '40', 'Benzbromarone', '3', 'BENZBROMARONE', 'Benzbromarone', 'Benzbromarone', 'SID56422114', 'Benzbromarone', 'Benzbromarone', 'SID-8242; 5', '5', 'Benzbromaron', '6', 'benzbromarone 0.6 micromolar', 'benzbromarone 15 micromolar', 'COVC-0141355787', 'BBR', 'BBR', 'BENZBROMARONE', 'Benzbromarone', 'BM', 'Brozbromaroae', 'BENZBROMARONE', 'BENZBROMARONE', '2', 'BENZBROMARONE', 'SAM001246877', 'Benzbromarone', 'BDBM50158460', 'Benzbromarone', 'BENZBROMARONE', 'Benzbromarone', 'BDBM50158460', 'EUB0002513a', 'benzbromarone', 'Benzbromarone', 'BA1000534', 'BBM', 'BENZBROMARONE', 'BDBM50158460', 'BENZBROMARONE']";"['BENZBROMARONE', 'Benzbromarone', 'Benzbromarone', 'SID170465792', 'CO-ADD:0137041', 'Benzbromarone', 'SID855676', '(3,5-Dibromo-4-hydroxyphenyl)(2-ethylbenzofuran-3-yl)methanone', 'benzbromarone', 'Benzbromarone', '(3,5-dibromo-4-hydroxyphenyl)(2-ethylbenzofuran-3-yl)methanone', 'Benzbromarone', 'Benzbromarone', '(3,5-dibromo-4-hydroxyphenyl)(2-ethylbenzofuran-3-yl)methanone', 'Benzbromarone', 'Benzbromarone', '(3,5-dibromo-4-hydroxyphenyl)(2-ethylbenzofuran-3-yl)methanone', 'SID4253342', 'Benzbromarone', 'SID26664708', 'SID50103990', 'BENZBROMARONE', '(3,5-dibromo-4-hydroxyphenyl)-(2-ethyl-3-benzofuranyl)methanone', 'benzbromarone', 'benzbromarone', 'benzbromarone', 'Benzbromarone', 'Benzbromarone', 'Benzbromarone', 'Benzobromaron', 'benzbromarone', '(3,5-dibromo-4-hydroxyphenyl)(2-ethyl-1-benzofuran-3-yl)methanone::2-ethyl-3-(3,5-dibrom-4-hydroxybenzoyl)benzofuran::3,5-dibromo-4-hydroxyphenyl-2-ethyl-3-benzofuranyl ketone::Benzbromarone::CHEMBL388590::Uroleap (TN)::cid_2333', 'Benzbromarone', 'Benzbromarone', 'BENZBROMARONE', 'BENZBROMARONE', '(3,5-dibromo-4-hydroxyphenyl)(2-ethylbenzofuran-3-yl)methanone', 'benzbromarone', 'SID24424558', 'SID144203592', '(3,5-dibromo-4-hydroxyphenyl)(2-ethylbenzofuran-3-yl)methanone', 'benzbromarone', 'benzbromarone', 'Benzbromarone', 'Benzbromarone', 'Benzbromarone', 'SID11110651', 'Benzbromarone', 'BENZBROMARONE', 'Benzbromarone', 'Benzbromarone', 'benzbromarone', 'Benzbromarone', 'SID122758', 'Benzbromarone', 'BENZBROMARONE', 'Benzbromaron', 'Benzbromarone', 'Benzbromarone', 'Benzbromarone', 'Benzbromarone', 'Benzbromarone', 'Benzbromarone', 'BENZBROMARONE', 'Benzbromarone', 'Benzbromarone', 'Benzbromarone', 'Benzbromarone', 'benzbromarone', 'BENZBROMARONE', 'Benzbromarone', 'Benzbromarone', 'SID56422114', 'Benzbromarone', 'Benzbromarone', '(3,5-dibromo-4-hydroxyphenyl)(2-ethylbenzofuran-3-yl)methanone', 'Benzbromarone', '(3,5-dibromo-4-hydroxyphenyl)-(2-ethyl-1-benzofuran-3-yl)methanone', 'Benzbromarone', 'benzbromarone', 'benzbromarone', 'BENZBROMARONE', 'Benzbromarone', 'Benzbromarone', 'BENZBROMARONE', 'Benzbromarone', 'Benzbromarone', 'Brozbromaroae', 'BENZBROMARONE', 'BENZBROMARONE', 'Benzbromarone', 'BENZBROMARONE', 'C0164762', 'Benzbromarone', '(3,5-dibromo-4-hydroxyphenyl)(2-ethyl-1-benzofuran-3-yl)methanone::2-ethyl-3-(3,5-dibrom-4-hydroxybenzoyl)benzofuran::3,5-dibromo-4-hydroxyphenyl-2-ethyl-3-benzofuranyl ketone::Benzbromarone::CHEMBL388590::US9725430, Compound 1::US9856239, benzbromarone::US9962362, Compound 1::Uroleap (TN)::cid_2333', 'Benzbromarone', 'BENZBROMARONE', 'Benzbromarone', '(3,5-dibromo-4-hydroxyphenyl)(2-ethyl-1-benzofuran-3-yl)methanone::2-ethyl-3-(3,5-dibrom-4-hydroxybenzoyl)benzofuran::3,5-dibromo-4-hydroxyphenyl-2-ethyl-3-benzofuranyl ketone::Benzbromarone::CHEMBL388590::US9725430, Compound 1::US9856239, benzbromarone::US9962362, Compound 1::Uroleap (TN)::cid_2333', 'Benzbromarone', 'benzbromarone', 'Benzbromarone', 'BENZBROMARONE', 'Benzbromarone', 'BENZBROMARONE', '(3,5-dibromo-4-hydroxyphenyl)(2-ethyl-1-benzofuran-3-yl)methanone::2-ethyl-3-(3,5-dibrom-4-hydroxybenzoyl)benzofuran::3,5-dibromo-4-hydroxyphenyl-2-ethyl-3-benzofuranyl ketone::Benzbromarone::CHEMBL388590::US9725430, Compound 1::US9856239, benzbromarone::US9962362, Compound 1::Uroleap (TN)::cid_2333', 'BENZBROMARONE']"
"CHEMBL1164729";"FEBUXOSTAT";"ADENURIC|FEBUXOSTAT|FEBUXOSTAT KRKA|FEBUXOSTAT VIATRIS (PREVIOUSLY FEBUXOSTAT MYLAN)|Febuxostat Mylan|NSC-758874|TMX-67|ULORIC";"Small molecule";"4.0";"316.38";"55";"321";"3.72";"83.21";"5";"1";"0";"5";"N";"0.91";"2";"MOL";"0";"22";"-1.73";"C16H16N2O3S";"Cc1nc(-c2ccc(OCC(C)C)c(C#N)c2)sc1C(=O)O";"BQSJTQLCZDPROO-UHFFFAOYSA-N";"InChI=1S/C16H16N2O3S/c1-9(2)8-21-13-5-4-11(6-12(13)7-17)15-18-10(3)14(22-15)16(19)20/h4-6,9H,8H2,1-3H3,(H,19,20)";"False";"0";"['Febuxostat', 'Febuxostat', 'FEBUXOSTAT', 'SID124893781', 'FEBUXOSTAT', 'Febuxostat', '1', 'Febuxostat', 'Febuxostat', '4028', 'SID170465220', 'Febuxostat', 'FEBUXOSTAT', 'FEBUXOSTAT', 'Febuxostat', 'FEBUXOSTAT', 'Febuxostat', 'Febuxostat', 'Febuxostat', 'Febuxostat', 'Febuxostat', 'SID144206555', 'FEBUXOSTAT', 'Febuxostat', 'Febuxostat', 'Febuxostat', 'Febuxostat', 'Febuxostat', '2', 'Febuxostat', 'FEBUXOSTAT', 'Febuxostat', 'Febuxostat', 'FEBUXOSTAT', 'Febuxostat', '2', 'Febuxostat', 'Febuxostat', '2', 'FEBUXOSTAT', 'Febuxostat', 'Febuxostat', 'Febuxostat', 'Febuxostat', 'Febuxostat', 'Febuxostat', 'Febuxostat', 'FEBUXOSTAT', 'Febuxostat', 'Febuxostat', 'FEBUXOSTAT', 'FEBUXOSTAT', 'Febuxostat', 'Febuxostat', '2', 'FEBUXOSTAT', 'febuxostat', 'FEBUXOSTAT', 'Febuxostat', 'Febuxostat', 'Feb', '1', 'Febuxostat', 'FEBUXOSTAT']";"['febuxostat', 'Febuxostat', 'FEBUXOSTAT', 'SID124893781', 'FEBUXOSTAT', 'Febuxostat', '2-(3-cyano-4-isobutoxyphenyl)-4-methylthiazole-5-carboxylic acid', 'Febuxostat', 'Febuxostat', None, 'SID170465220', 'Febuxostat', 'FEBUXOSTAT', 'FEBUXOSTAT', 'Febuxostat', 'FEBUXOSTAT', 'Febuxostat', 'Febuxostat', 'Febuxostat', 'Febuxostat', 'Febuxostat', 'SID144206555', 'FEBUXOSTAT', 'Febuxostat', 'Febuxostat', 'Febuxostat', 'Febuxostat', 'Febuxostat', 'Febuxostat', 'Febuxostat', 'FEBUXOSTAT', 'Febuxostat', 'Febuxostat', 'FEBUXOSTAT', '2-(3-cyano-4-isobutoxyphenyl)-4-methyl-1,3-thiazole-5-carboxylic acid', 'Febuxostat', 'Febuxostat', 'Febuxostat', 'febuxostat', 'FEBUXOSTAT', 'Febuxostat', 'Febuxostat', 'Febuxostat', 'Febuxostat', 'Febuxostat', 'Febuxostat', 'Febuxostat', 'FEBUXOSTAT', 'Febuxostat', 'Febuxostat', 'FEBUXOSTAT', 'FEBUXOSTAT', 'Febuxostat', 'Febuxostat', 'Febuxostat', 'FEBUXOSTAT', 'febuxostat', 'FEBUXOSTAT', 'Febuxostat', 'Febuxostat', 'Febuxostat', 'Febuxostat', 'Febuxostat', 'FEBUXOSTAT']"
"CHEMBL226335";"RUTIN";"BIRUTAN|C.I. 75730|GLOBULARIACITRIN|ILIXANTHIN|MYRTICOLORIN|NOVARRUTINA|NSC-9220|OSYRITRIN|PALIUROSIDE|QUERCETIN 3-RUTINOSIDE|QUERCETIN-3-O-RUTINOSIDE|RUTIN|RUTOSIDE|RUTOSIDO|SOPHORIN|TANRUTIN|VIOLAQUERCETRIN|YUNXIANGGAN";"Small molecule";"3.0";"610.52";"129";"449";"-1.69";"269.43";"16";"10";"3";"6";"N";"0.14";"3";"MOL";"0";"43";"2.01";"C27H30O16";"C[C@@H]1O[C@@H](OC[C@H]2O[C@@H](Oc3c(-c4ccc(O)c(O)c4)oc4cc(O)cc(O)c4c3=O)[C@H](O)[C@@H](O)[C@@H]2O)[C@H](O)[C@H](O)[C@H]1O";"IKGXIBQEEMLURG-NVPNHPEKSA-N";"InChI=1S/C27H30O16/c1-8-17(32)20(35)22(37)26(40-8)39-7-15-18(33)21(36)23(38)27(42-15)43-25-19(34)16-13(31)5-10(28)6-14(16)41-24(25)9-2-3-11(29)12(30)4-9/h2-6,8,15,17-18,20-23,26-33,35-38H,7H2,1H3/t8-,15+,17-,18+,20+,21-,22+,23+,26+,27-/m0/s1";"False";"0";"['rutin', 'Rutin', 'Rutin', '13', 'A-11', 'rutin', '128', 'Rutin', '18', 'SID144205498', 'table8, R7C1', '5', 'rutin', '13, rutin', '13', 'Rutin', 'Rutin', '8', '15', '27', '5', '18', 'rutin', '4', '16', '14', '10', 'Rutin', '34', '7, rutin', 'Rutin', 'Rutin', 'rutin', 'Rutin', 'rutin', 'Rutin', 'rutin', 'Rutin', 'rutin', 'Rutin', 'Rutin', 'Rutin', 'SAM001246528', '52', 'Rutin', 'rutin', '14', '6, rutin', 'Rutin', 'Rutin, Quericitin-3-rutinoside, Sophorin', 'Rutin', 'Rutin', 'rutin', 'Rutin', '5', 'Rutin', 'SID170465691', 'Rutin', 'Rutin', 'Rutin', '14', 'Rutin', '18', 'Rutin', 'Rutin', 'Rutin', '10', '28', '4', '16', 'Rutin', '9', '6', 'SID26719694', '12', '2, Rutin', 'Rutin', 'rutin', 'Rutin', 'rutin', '3', '13', 'VII, Rutin', '7', 'Rutin', 'rutin', 'rutin', '48', 'rutin', '6', '9', 'rutin', 'rutin', '10', '13', 'SID144209800', 'Rutin', 'rutin', '12', 'Rutin', '1', 'Rutin', '10', 'rutin', '10', '48', 'Rutin', 'Rutin', 'RUTIN', 'FLA11', '14', 'Rutin', '12', 'Rutin', 'RUTIN', 'Rutin', '28', 'SID29216321', 'RUTIN', 'Rutin', 'RUTIN', 'Rutin', '48', '14', 'NSC-115918', 'Rutin', 'D24', '2', '33', 'Rutin', 'RUTIN', 'Rutin', '5', '23', 'Rutin', 'Rutin', 'Rutin', 'RUTIN', '5', '83', 'Rutin', 'Rutin', 'RUTIN']";"['rutin', 'Rutin', 'Rutin', 'rutin', '2-(3,4-dihydroxyphenyl)-5,7-dihydroxy-3-((2S,3R,4S,5S,6R)-3,4,5-trihydroxy-6-(((2R,3R,4R,5R,6S)-3,4,5-trihydroxy-6-methyltetrahydro-2H-pyran-2-yloxy)methyl)tetrahydro-2H-pyran-2-yloxy)-4H-chromen-4-one', 'rutin', 'Quercetin-3-orutinoside', 'Rutin', 'Rutin', 'SID144205498', 'Vitamin P', '2-(3,4-Dihydroxy-phenyl)-5,7-dihydroxy-3-[3,4,5-trihydroxy-6-(3,4,5-trihydroxy-6-methyl-tetrahydro-pyran-2-yloxymethyl)-tetrahydro-pyran-2-yloxy]-chromen-4-one', '2-(3,4-Dihydroxy-phenyl)-5,7-dihydroxy-3-[3,4,5-trihydroxy-6-(3,4,5-trihydroxy-6-methyl-tetrahydro-pyran-2-yloxymethyl)-tetrahydro-pyran-2-yloxy]-chromen-4-one', 'quercetin-3-O-rutinoside', 'rutin', 'rutin', 'Rutin', 'quercetin-3-O-rutinoside', 'quercetin 3-O-rutinoside', 'rutin', '2-(3,4-Dihydroxy-phenyl)-5,7-dihydroxy-3-[(2S,3S,4S,5S)-3,4,5-trihydroxy-6-((2R,3R,4R,5R,6S)-3,4,5-trihydroxy-6-methyl-tetrahydro-pyran-2-yloxymethyl)-tetrahydro-pyran-2-yloxy]-chromen-4-one', 'Rutin', 'rutin', 'Rutin', 'Rutin', 'Quercetin 3-O-rutinoside', 'Rutin', 'Rutin', 'rutin', 'quercetin 3-O-rutinoside', 'Rutin', 'Rutin', 'rutin', 'Rutin', 'rutin', 'Rutin', 'rutin', "5,7,3',4'-tetrahydroxyflavone-3-glucohamnoside", 'rutin', 'Rutin', 'Rutin', 'Rutin', 'C0164555', 'rutin', 'Rutin', 'rutin', 'Rutin', 'quercetin 3-O-alpha-L-rhamnopyranosyl-(1->6)-O-beta-D-glucopyranoside', 'Rutin', '(2-(3,4-dihydroxyphenyl)-4,5-dihydroxy-3-[3,4,5-trihydroxy-6-[(3,4,5-trihydroxy-6 methyl-oxan-2-yl)oxymethyl]oxan-2-yl]oxy-chromen-7-one)', 'Rutin', 'Rutin', 'rutin', 'Rutin', 'Rutin', 'Rutin', 'SID170465691', 'Rutin', 'Quercetin-3-rhamnoglucoside', 'Rutin', 'Rutin', 'Rutin', 'Rutin', 'Rutin', 'Rutin', 'Rutin', 'Rutin', '2-(3,4-dihydroxyphenyl)-5,7-dihydroxy-3-((2S,3R,4S,5S,6R)-3,4,5-trihydroxy-6-(((2R,3R,4R,5R,6S)-3,4,5-trihydroxy-6-methyl-tetrahydro-2H-pyran-2-yloxy)methyl)-tetrahydro-2H-pyran-2-yloxy)-4H-chromen-4-one', 'rutin', 'Rutin', 'Rutin', 'Quercitrin 3-O-rutinose', 'Rutin', 'SID26719694', 'rutin', 'quercetin-3-O-beta-rutinoside', 'Rutin', 'rutin', 'Rutin', 'Rutin', '2-(3,4-dihydroxyphenyl)-5,7-dihydroxy-3-((2S,3R,4S,5S,6R)-3,4,5-trihydroxy-6-(((2R,3R,4R,5R,6S)-3,4,5-trihydroxy-6-methyl-tetrahydro-2H-pyran-2-yloxy)methyl)-tetrahydro-2H-pyran-2-yloxy)-4H-chromen-4-one', 'Rutin', "3,3',4',5,7-pentahydroxyflavone-3-rutinoside", 'rutin', 'Rutin', 'rutin', 'rutin', 'Rutin', 'Rutin', 'Rutin', 'rutin', 'rutin', 'rutin', 'Rutin', 'rutin', 'SID144209800', 'Rutin', 'rutin', 'Guercetin 3-O-alpha-L-rhamnopyranosyl-(1->6)-beta-D-glucopyranoside', 'Rutin', 'Rutin', 'Rutin', 'Rutin', 'Rutin', 'Rutin', 'Rutin', 'Rutin', 'Rutin', 'RUTIN', 'Rutin', 'Rutin', 'Rutin', 'Rutin', 'Rutin', 'RUTIN', 'Rutin', 'Rutin', 'SID29216321', 'RUTIN', 'Rutin', 'RUTIN', 'Rutin', 'Rutin', 'quercetin-3-O-rutinoside', '2-(3,4-dihydroxyphenyl)-5,7-dihydroxy-3-((2S,3R,4S,5S,6R)-3,4,5-trihydroxy-6-(((2R,3R,4R,5R,6S)-3,4,5-trihydroxy-6-methyltetrahydro-2H-pyran-2-yloxy)methyl)tetrahydro-2H-pyran-2-yloxy)-4H-chromen-4-one', 'Rutin', '2-(3,4-dihydroxyphenyl)-5,7-dihydroxy-3-[(2S,3R,4S,5S,6R)-3,4,5-trihydroxy-6-[[(2R,3R,4R,5R,6S)-3,4,5-trihydroxy-6-methyl-tetrahydropyran-2-yl]oxymethyl]tetrahydropyran-2-yl]oxy-chromen-4-one', 'Quercetin-3-rutinoside', 'Rutin', 'Rutin', 'RUTIN', 'Rutin', '2-(3,4-dihydroxyphenyl)-5,7-dihydroxy-3-[(2S,3R,4S,5S,6R)-3,4,5-trihydroxy-6-[[(2R,3R,4R,5R,6S)-3,4,5-trihydroxy-6-methyl-tetrahydropyran-2-yl]oxymethyl]tetrahydropyran-2-yl]oxy-chromen-4-one', 'Rutin', 'Rutin', 'Rutin', 'Rutin', 'RUTIN', 'Rutin', 'Rutin', 'Rutin', 'Rutin', 'RUTIN']"
"CHEMBL5394667";"";"";"";"";"285.32";"1";"2";"3.18";"81.32";"4";"2";"0";"2";"N";"0.89";"2";"MOL";"-1";"20";"-0.36";"C15H11NO3S";"N#Cc1sc(-c2ccc(C(=O)O)c(O)c2)c2c1CCC2";"AXFUVKIJAUFLLV-UHFFFAOYSA-N";"InChI=1S/C15H11NO3S/c16-7-13-9-2-1-3-10(9)14(20-13)8-4-5-11(15(18)19)12(17)6-8/h4-6,17H,1-3H2,(H,18,19)";"False";"-1";"['122']";"['4-(3-cyano-5,6-dihydro-4H-cyclopenta[c]thiophen-1-yl)-2-hydroxybenzoic acid']"
"CHEMBL5837832";"";"";"";"";"";"1";"3";"";"";"";"";"";"";"";"";"";"NONE";"-1";"";"";"";"";"";"";"False";"-1";"['BDBM458099']";"['US10752613, Compound Formula (Ib)']"
"CHEMBL5993875";"";"";"";"";"289.29";"2";"6";"3.78";"81.32";"3";"2";"0";"2";"N";"0.75";"3";"MOL";"-1";"22";"-0.29";"C18H11NO3";"N#Cc1cc(-c2ccc(C(=O)O)c(O)c2)c2ccccc2c1";"LAQWWWZLVCPPIT-UHFFFAOYSA-N";"InChI=1S/C18H11NO3/c19-10-11-7-12-3-1-2-4-14(12)16(8-11)13-5-6-15(18(21)22)17(20)9-13/h1-9,20H,(H,21,22)";"False";"-1";"['BDBM377690']";"['US10266496, Example 2']"
"CHEMBL5954794";"";"";"";"";"328.29";"1";"6";"0.52";"145.88";"7";"4";"0";"4";"N";"0.55";"3";"MOL";"-1";"24";"-1.24";"C14H12N6O4";"COc1nc(O)c(C(=O)Nc2ccc(-c3cnn[nH]3)cc2)c(=O)[nH]1";"BOCGBQIBQAGIPN-UHFFFAOYSA-N";"InChI=1S/C14H12N6O4/c1-24-14-17-12(22)10(13(23)18-14)11(21)16-8-4-2-7(3-5-8)9-6-15-20-19-9/h2-6H,1H3,(H,16,21)(H,15,19,20)(H2,17,18,22,23)";"False";"-1";"['BDBM524204']";"['US11168075, Compound Formula (IIb)::US11168075, Compound Formula (Ih)']"
"CHEMBL5199977";"";"";"";"";"374.85";"1";"2";"3.86";"73.91";"5";"1";"0";"5";"N";"0.80";"2";"MOL";"-1";"25";"-1.07";"C18H15ClN2O3S";"COc1ccc(/C=C2\SC(N)=NC2=O)cc1OCc1ccc(Cl)cc1";"ZSEMSLCACOUIRO-SXGWCWSVSA-N";"InChI=1S/C18H15ClN2O3S/c1-23-14-7-4-12(9-16-17(22)21-18(20)25-16)8-15(14)24-10-11-2-5-13(19)6-3-11/h2-9H,10H2,1H3,(H2,20,21,22)/b16-9-";"False";"-1";"['XO-8']";"['(Z)-2-amino-5-(3-((4-chlorobenzyl)oxy)-4-methoxybenzylidene)thiazol-4(5H)-one']"
"CHEMBL5954797";"";"";"";"";"368.25";"1";"3";"None";"None";"None";"None";"None";"None";"None";"None";"None";"MOL";"-1";"None";"None";"C17H11N3O2Se";"Cc1nc(-c2ccc(-c3cccnc3)c(C#N)c2)[se]c1C(=O)O";"JZHBJJUZVZNUOA-UHFFFAOYSA-N";"InChI=1S/C17H11N3O2Se/c1-10-15(17(21)22)23-16(20-10)11-4-5-14(13(7-11)8-18)12-3-2-6-19-9-12/h2-7,9H,1H3,(H,21,22)";"False";"-1";"['BDBM352049']";"['US9802907, Compound 28']"
"CHEMBL6053486";"";"";"";"";"379.34";"1";"3";"None";"None";"None";"None";"None";"None";"None";"None";"None";"MOL";"-1";"None";"None";"C16H16N2O2SSe";"Cc1nc(-c2ccc(SCC(C)C)c(C#N)c2)[se]c1C(=O)O";"WJFJPFIOFQKRCF-UHFFFAOYSA-N";"InChI=1S/C16H16N2O2SSe/c1-9(2)8-21-13-5-4-11(6-12(13)7-17)15-18-10(3)14(22-15)16(19)20/h4-6,9H,8H2,1-3H3,(H,19,20)";"False";"-1";"['BDBM352053']";"['US9802907, Compound 38']"
"CHEMBL5208499";"";"";"";"";"319.32";"1";"1";"2.03";"103.57";"5";"2";"0";"4";"N";"0.72";"3";"MOL";"-1";"24";"-1.71";"C17H13N5O2";"C=CCn1cc(C#N)c2ccc(NC(=O)c3cc(=O)[nH]cn3)cc21";"RUOZGWDXBRRPKV-UHFFFAOYSA-N";"InChI=1S/C17H13N5O2/c1-2-5-22-9-11(8-18)13-4-3-12(6-15(13)22)21-17(24)14-7-16(23)20-10-19-14/h2-4,6-7,9-10H,1,5H2,(H,21,24)(H,19,20,23)";"False";"-1";"['14j']";"['N-(3-cyano-1-allyl-1H-indol-6-yl)-6-oxo-1,6-dihydropyrimidine-4-carboxamide']"
"CHEMBL5853147";"";"";"";"";"381.27";"1";"6";"1.43";"143.73";"5";"5";"0";"3";"N";"0.47";"3";"MOL";"-1";"27";"-1.44";"C15H10F3N5O4";"O=C(Nc1ccc(-c2[nH]ncc2C(F)(F)F)cc1)c1c(O)[nH]c(=O)[nH]c1=O";"PVAAYUTZSSGABB-UHFFFAOYSA-N";"InChI=1S/C15H10F3N5O4/c16-15(17,18)8-5-19-23-10(8)6-1-3-7(4-2-6)20-11(24)9-12(25)21-14(27)22-13(9)26/h1-5H,(H,19,23)(H,20,24)(H3,21,22,25,26,27)";"False";"-1";"['BDBM458110', 'BDBM458110']";"['US10752613, Compound Formula (Im)::US11161835, Compound Formula (Im)', 'US10752613, Compound Formula (Im)::US11161835, Compound Formula (Im)']"
"CHEMBL6057356";"";"";"";"";"344.36";"2";"6";"1.23";"136.65";"7";"4";"0";"4";"N";"0.41";"3";"MOL";"-1";"24";"-1.79";"C14H12N6O3S";"CSc1nc(O)c(C(=O)Nc2ccc(-c3nnc[nH]3)cc2)c(=O)[nH]1";"DWLSAMMJJWGGDO-UHFFFAOYSA-N";"InChI=1S/C14H12N6O3S/c1-24-14-18-12(22)9(13(23)19-14)11(21)17-8-4-2-7(3-5-8)10-15-6-16-20-10/h2-6H,1H3,(H,17,21)(H,15,16,20)(H2,18,19,22,23)";"False";"-1";"['BDBM499651']";"['US11020397, Compound Formula-(IIk)']"
"CHEMBL6059324";"";"";"";"";"380.34";"2";"6";"1.51";"136.65";"7";"4";"0";"4";"N";"0.40";"3";"MOL";"-1";"26";"-1.77";"C14H10F2N6O3S";"CSc1nc(O)c(C(=O)Nc2ccc(-c3c[nH]nn3)c(F)c2F)c(=O)[nH]1";"CGSZLUKNGUPHOV-UHFFFAOYSA-N";"InChI=1S/C14H10F2N6O3S/c1-26-14-19-12(24)8(13(25)20-14)11(23)18-6-3-2-5(9(15)10(6)16)7-4-17-22-21-7/h2-4H,1H3,(H,18,23)(H,17,21,22)(H2,19,20,24,25)";"False";"-1";"['BDBM499670']";"['US11020397, Compound Formula-(IIaa)']"
"CHEMBL9509";"SILIBININ";"LEGALON|SILIBIN|SILIBININ|SILIBININ A-SILIBININ B MIXT.|SILIBININA|SILIBININE|SILLIVER|SILYBIN|SILYBINE|SILYMARIN";"Small molecule";"3.0";"482.44";"69";"290";"2.36";"155.14";"10";"5";"0";"4";"N";"0.37";"3";"MOL";"0";"35";"1.96";"C25H22O10";"COc1cc(C2Oc3cc([C@H]4Oc5cc(O)cc(O)c5C(=O)[C@@H]4O)ccc3OC2CO)ccc1O";"SEBFKMXJBCUCAI-DBMPWETRSA-N";"InChI=1S/C25H22O10/c1-32-17-6-11(2-4-14(17)28)24-20(10-26)33-16-5-3-12(7-18(16)34-24)25-23(31)22(30)21-15(29)8-13(27)9-19(21)35-25/h2-9,20,23-29,31H,10H2,1H3/t20?,23-,24?,25+/m0/s1";"False";"0";"['SID124883412', 'Silybin', '2 (Silybin)', 'Silybin', 'Silybinin', 'SID855643', 'SILIBININ', '1', 'silybin', 'Silybin', 'silibinin', 'silibinin', 'silybin', 'silibinin', 'silybin', '1', 'Silybin', 'SID26747209', 'Silybin', '1', 'Silybin', '1, diastereomeric mixture', 'Silibinin', '1', 'Silybin', '10', 'Silybin', 'Silybin', 'Silybin', 'Silybin', '1', 'silybin', 'Silybin', '2, sili, Silybin', 'Silybin', 'silibinin', '1, silymarin, diastereomericmixture of A and B', '24', 'Silibinin', 'Silybin', 'Silybin', '1, mixture of diastereomers', 'silybin', '195', 'Silybin', '1, diastereomeric mixture', 'SILIBININ', 'Silybin', 'silibinin', '35', 'SILIBININ', '2', '1', '1ab; Sil', 'Silybin', '7, Mixture of diastereomer', '53', '34', 'SILIBININ']";"['SID124883412', '(2R,3R)-3,5,7-Trihydroxy-2-[3-(4-hydroxy-3-methoxy-phenyl)-2-hydroxymethyl-2,3-dihydro-benzo[1,4]dioxin-6-yl]-chroman-4-one', '(2R,3R)-3,5,7-Trihydroxy-2-[3-(4-hydroxy-3-methoxy-phenyl)-2-hydroxymethyl-2,3-dihydro-benzo[1,4]dioxin-6-yl]-chroman-4-one', 'Silybin', 'Silybinin', 'SID855643', 'SILIBININ', 'Silybin', 'silybin', '(2R,3R)-3,5,7-Trihydroxy-2-[(2R,3R)-3-(4-hydroxy-3-methoxy-phenyl)-2-hydroxymethyl-2,3-dihydro-benzo[1,4]dioxin-6-yl]-chroman-4-one', 'silibinin', 'silibinin', 'silybin', 'silibinin', 'silybin', 'Silibinin', 'Silybin', 'SID26747209', 'Silybin', 'Silybin', 'Silybin', 'Silybin', 'Silibinin', 'Silibinin', 'Silybin', 'silybin', 'silybin', 'Silybin', 'Silybin', 'Silybin', 'Silybin', 'silybin', 'Silybin', 'silibinin', 'Silybin', 'silibinin', 'Silybin', '3,5,7-trihydroxy-2-(3-(4-hydroxy-3-methoxyphenyl)-2-(hydroxymethyl)-2,3-dihydrobenzo[b][1,4]dioxin-6-yl)chroman-4-one', 'Silibinin', 'Silybin', 'Silybin', 'Silybin', 'silybin', 'Silybin', 'Silybin', 'Silybin', 'SILIBININ', 'Silybin', 'silibinin', 'Silibinin', 'SILIBININ', 'Silibinin; Silybin', 'Silibinin', 'Silybinin', 'Silybin', 'Silybin', 'Silibinin', 'Silibinin', 'SILIBININ']"
"CHEMBL6042642";"";"";"";"";"381.27";"1";"6";"1.43";"143.73";"5";"5";"0";"3";"N";"0.47";"3";"MOL";"-1";"27";"-1.53";"C15H10F3N5O4";"O=C(Nc1ccc(-c2cc(C(F)(F)F)n[nH]2)cc1)c1c(O)[nH]c(=O)[nH]c1=O";"WZEIQMGEKXNMSM-UHFFFAOYSA-N";"InChI=1S/C15H10F3N5O4/c16-15(17,18)9-5-8(22-23-9)6-1-3-7(4-2-6)19-11(24)10-12(25)20-14(27)21-13(10)26/h1-5H,(H,19,24)(H,22,23)(H3,20,21,25,26,27)";"False";"-1";"['BDBM458109', 'BDBM458109']";"['US10752613, Compound Formula (Il)::US11161835, Compound Formula (Il)', 'US10752613, Compound Formula (Il)::US11161835, Compound Formula (Il)']"
"CHEMBL5595028";"";"";"";"";"337.30";"1";"1";"1.49";"163.22";"9";"4";"0";"3";"N";"0.25";"2";"MOL";"-1";"25";"-0.50";"C14H11N9O2";"Nc1ccc(O)c(/N=N/c2ncc(-n3cc4c(=O)ncnc-4[nH]3)[nH]2)c1";"VNHLEKUVJKRAMW-QZQOTICOSA-N";"InChI=1S/C14H11N9O2/c15-7-1-2-10(24)9(3-7)20-21-14-16-4-11(19-14)23-5-8-12(22-23)17-6-18-13(8)25/h1-6,24H,15H2,(H,16,19)(H,17,18,22,25)/b21-20+";"False";"-1";"['30']";"['2-(2-(azo-2-hydroxy-5-aminobenzene)imidazole-5-yl]allopurinol']"
"CHEMBL5743082";"";"";"";"";"547.56";"1";"6";"4.45";"136.69";"9";"3";"1";"10";"N";"0.15";"4";"MOL";"-1";"40";"0.46";"C30H29NO9";"COC(=O)[C@@H](Cc1ccc(O)c(O)c1)NC(=O)/C=C/c1ccc(OC)c2oc(-c3ccc(OC)c(OC)c3)cc12";"HRNBIHVCAQTNEY-NBILRRPASA-N";"InChI=1S/C30H29NO9/c1-36-24-10-7-19(15-27(24)38-3)26-16-20-18(6-11-25(37-2)29(20)40-26)8-12-28(34)31-21(30(35)39-4)13-17-5-9-22(32)23(33)14-17/h5-12,14-16,21,32-33H,13H2,1-4H3,(H,31,34)/b12-8+/t21-/m1/s1";"False";"-1";"['BDBM500008']";"['US11021454, Compound 9b']"
"CHEMBL42336";"METHIONINE";"L-METHIONINE|METHIONINE|METIONINA|NSC-22946";"Small molecule";"3.0";"149.21";"50";"124";"0.15";"63.32";"3";"2";"0";"4";"N";"0.60";"0";"MOL";"0";"9";"0.34";"C5H11NO2S";"CSCC[C@H](N)C(=O)O";"FFEARJCKVFRZRR-BYPYZUCNSA-N";"InChI=1S/C5H11NO2S/c1-9-3-2-4(6)5(7)8/h4H,2-3,6H2,1H3,(H,7,8)/t4-/m0/s1";"False";"0";"['109', '9', 'L-METHIONINE', 'Methionine', '1 (L-methionine)', 'Met', 'Methionine', '1/ Methionine', 'METHIONINE', 'L-Met', 'L-Methionine', 'L-methionine', '1g', 'METHIONINE', 'L-Methionine', 'METHIONINE', 'Methionine', '1', 'Met', 'Methionine', 'METHOINE', 'Methionine', 'Met', 'Ser/Threo family, cpd14', 'L-methionine', 'METHIONINE', 'L-Methionine', 'L-Methionine', '48', 'L-methionine', 'L-Methionine methylsulfonium iodide', 'methionine', 'L-Methionine', 'L-methionine', 'BDBM50142500', 'Methionine', 'methionine', 'METHIONINE']";"['2-Amino-4-methylsulfanyl-butyric acid', 'L-Methionine', 'L-METHIONINE', '(S)-2-Amino-4-methylsulfanyl-butyric acid', '(S)-2-Amino-4-methylsulfanyl-butyric acid', '2-Amino-4-methylsulfanyl-butyric acid', 'Methionine', '(S)-2-Amino-4-methylsulfanyl-butyric acid', 'METHIONINE', 'L-methionine', 'L-Methionine', 'L-methionine', 'Methionine', 'METHIONINE', '(S)-2-Amino-4-methylsulfanyl-butyric acid', 'METHIONINE', '2-Amino-4-methylsulfanyl-butyric acid', '2-Amino-4-methylsulfanyl-butyric acid', 'methionine', 'Methionine', 'METHOINE', 'Methionine', 'Methionine', '(L)-Methionine', 'L-methionine', 'METHIONINE', 'L-Methionine', 'L-Methionine', '(S)-2-amino-4-(methylthio)butanoic acid', 'L-methionine', 'L-Methionine methylsulfonium iodide', 'methionine', 'L-Methionine', 'L-methionine', '(2S)-2-amino-4-(methylsulfanyl)butanoic acid::(S)-2-amino-4-(methylthio)butanoic acid::(S)-2-amino-4-(methylthio)butyric acid::(S)-methionine::CHEMBL42336::L-(-)-methionine::L-Methionin::L-alpha-amino-gamma-methylmercaptobutyric acid::L-methionine::US11021454, Compound L-met', 'Methionine', 'methionine', 'METHIONINE']"
"CHEMBL5203215";"";"";"";"";"468.37";"2";"2";"4.62";"81.70";"5";"1";"0";"9";"N";"0.43";"2";"MOL";"-1";"28";"-0.74";"C20H22BrNO5S";"CCCCS(=O)(=O)Oc1ccc(/C=C/C(=O)Nc2ccccc2Br)cc1OC";"KQDSFCMALOUPPC-ZRDIBKRKSA-N";"InChI=1S/C20H22BrNO5S/c1-3-4-13-28(24,25)27-18-11-9-15(14-19(18)26-2)10-12-20(23)22-17-8-6-5-7-16(17)21/h5-12,14H,3-4,13H2,1-2H3,(H,22,23)/b12-10+";"False";"-1";"['F12']";"['4-(3-((2-bromophenyl)amino)-3-oxoprop-1-en-1-yl)-2-methoxyphenyl butane-1-sulfonate']"
"CHEMBL1078685";"TOPIROXOSTAT";"FYX-051|TOPIROXOSTAT|Topiroxostat";"Small molecule";"2.0";"248.25";"10";"29";"1.80";"91.14";"5";"1";"0";"2";"N";"0.75";"3";"MOL";"0";"19";"-1.74";"C13H8N6";"N#Cc1cc(-c2n[nH]c(-c3ccncc3)n2)ccn1";"UBVZQGOVTLIHLH-UHFFFAOYSA-N";"InChI=1S/C13H8N6/c14-8-11-7-10(3-6-16-11)13-17-12(18-19-13)9-1-4-15-5-2-9/h1-7H,(H,17,18,19)";"False";"0";"['TOPIROXOSTAT', 'Topiroxostat', '4825', '39', '3', 'Topiroxostat', 'FYX-051', 'Topiroxostat', 'TOPIROXOSTAT', 'FYX-051', 'Topiroxostat', 'FYX-051', 'Topiroxostat', 'Topiroxostat', 'Topiroxostat', 'Topiroxostat', 'Topiroxostat', 'TOPIROXOSTAT']";"['TOPIROXOSTAT', 'Topiroxostat', None, '4-(5-(pyridin-4-yl)-1H-1,2,4-triazol-3-yl)picolinonitrile', 'Topiroxostat', 'Topiroxostat', '4-(5-(pyridin-4-yl)-4H-1,2,4-triazol-3-yl)picolinonitrile', '4-[5-(4-Pyridinyl)-1H-1,2,4-triazol-3-yl]pyridine-2-carbonitrile', 'TOPIROXOSTAT', 'Topiroxostat', 'Topiroxostat', 'Topiroxostat', 'Topiroxostat', 'Topiroxostat', 'Topiroxostat', 'Topiroxostat', 'Topiroxostat', 'TOPIROXOSTAT']"
"CHEMBL226345";"ADENINE";"ADENINE|NSC-14666";"Small molecule";"3.0";"135.13";"190";"238";"-0.11";"80.48";"4";"2";"0";"0";"N";"0.53";"0";"MOL";"0";"10";"-0.71";"C5H5N5";"Nc1[nH]cnc2ncnc1-2";"GFFGJBXGBJISGV-UHFFFAOYSA-N";"InChI=1S/C5H5N5/c6-4-3-5(9-1-7-3)10-2-8-4/h1-2H,(H3,6,7,8,9,10)";"False";"0";"['SID144212425', 'Adenine', 'adenine', '9', 'adenine', 'adenine', 'SID170465950', '14', '3, adenine', '61', 'ADENINE', 'BDBM181146', 'BDBM181146', 'ADENINE', 'adenine', '1', 'SID144204901', 'Adenine', 'F7', "2',3'-didehydro 2030-dideoxy adenine", '1', 'Adenine', '6', '1', 'SID47193680', 'Adenine', '9c', 'Adenine', 'Adenine', 'ADENINE', 'ADENINE', 'SID540768', 'SID26748402', 'ADENINE', 'COVC-0677947433', 'ADENINE', 'Adenine', '7', 'adenine']";"['SID144212425', 'Adenine', '9H-Purin-6-ylamine', '9H-purin-6-amine', 'adenine', 'adenine', 'SID170465950', 'Adenine', '6-aminopurine', '9H-Purin-6-ylamine', 'ADENINE', 'US9138393, Adenine::US9144538, Adenine', 'US9138393, Adenine::US9144538, Adenine', 'ADENINE', 'adenine', 'Adenine', 'SID144204901', 'Adenine', 'adenine', '1H-Purin-6-ylamine', '9H-Purin-6-ylamine', '9H-Purin-6-ylamine', 'purine', 'adenine', 'SID47193680', 'Adenine', '9H-purin-6-amine', 'Adenine', 'Adenine', 'ADENINE', 'ADENINE', 'SID540768', 'SID26748402', 'ADENINE', 'ADENINE', 'ADENINE', 'Adenine', '9H-purin-6-amine', 'adenine']"
"CHEMBL5942976";"";"";"";"";"311.26";"1";"3";"-0.11";"145.34";"7";"4";"0";"2";"N";"0.41";"4";"MOL";"-1";"23";"-1.00";"C13H9N7O3";"O=c1nc2[nH]n(-c3ccc(-c4cnn[nH]4)cc3)c(=O)c2c(O)[nH]1";"MYHVWKXGUVQQLA-UHFFFAOYSA-N";"InChI=1S/C13H9N7O3/c21-11-9-10(15-13(23)16-11)18-20(12(9)22)7-3-1-6(2-4-7)8-5-14-19-17-8/h1-5H,(H,14,17,19)(H3,15,16,18,21,23)";"False";"-1";"['BDBM524230']";"['US11168075, Compound Formula (VIIa)']"
"CHEMBL5860536";"";"";"";"";"341.33";"1";"3";"0.01";"141.68";"8";"4";"0";"3";"N";"0.39";"3";"MOL";"-1";"25";"-1.09";"C15H15N7O3";"Cn1c(O)c(C(=N)Nc2ccc(-c3cnn[nH]3)cc2)c(=O)n(C)c1=O";"AZNRLEPMIZDJRO-UHFFFAOYSA-N";"InChI=1S/C15H15N7O3/c1-21-13(23)11(14(24)22(2)15(21)25)12(16)18-9-5-3-8(4-6-9)10-7-17-20-19-10/h3-7,23H,1-2H3,(H2,16,18)(H,17,19,20)";"False";"-1";"['BDBM524200']";"['US11168075, Compound Formula (If)']"
"CHEMBL5883977";"";"";"";"";"360.28";"1";"3";"0.00";"163.13";"9";"5";"0";"2";"N";"0.50";"2";"MOL";"-1";"26";"-0.63";"C15H12N4O7";"O=C(Nc1ccc2c(c1)NC(=O)C21OCCO1)c1c(O)nc(O)nc1O";"VEKXFPGYHWRDLJ-UHFFFAOYSA-N";"InChI=1S/C15H12N4O7/c20-10(9-11(21)18-14(24)19-12(9)22)16-6-1-2-7-8(5-6)17-13(23)15(7)25-3-4-26-15/h1-2,5H,3-4H2,(H,16,20)(H,17,23)(H3,18,19,21,22,24)";"False";"-1";"['BDBM524225']";"['US11168075, Compound Formula (IVc)']"
"CHEMBL5172810";"";"";"";"";"357.37";"1";"1";"3.07";"107.45";"5";"2";"0";"4";"N";"0.58";"4";"MOL";"-1";"27";"-1.22";"C20H15N5O2";"Cc1ccc(COc2ccc(-c3ncc4c(=O)[nH][nH]c4n3)cc2C#N)cc1";"QUBQJNNFJHIQGZ-UHFFFAOYSA-N";"InChI=1S/C20H15N5O2/c1-12-2-4-13(5-3-12)11-27-17-7-6-14(8-15(17)9-21)18-22-10-16-19(23-18)24-25-20(16)26/h2-8,10H,11H2,1H3,(H2,22,23,24,25,26)";"False";"-1";"['19i']";"['6-[3-cyano-4-(4-methylbenzyloxy)phenyl]-1,2-dihydro-3H-pyrazolo[3,4-d]pyrimidin-3-one']"
"CHEMBL5990554";"";"";"";"";"";"1";"3";"";"";"";"";"";"";"";"";"";"NONE";"-1";"";"";"";"";"";"";"False";"-1";"['BDBM524227']";"['US11168075, Compound Formula (VIa)']"
"CHEMBL368347";"(+)-SECOISOLARICIRESINOL";"(+)-SECOISOLARICIRESINOL";"Small molecule";"2.0";"362.42";"43";"103";"2.12";"99.38";"6";"4";"0";"9";"N";"0.55";"2";"MOL";"0";"26";"0.77";"C20H26O6";"COc1cc(C[C@@H](CO)[C@H](CO)Cc2ccc(O)c(OC)c2)ccc1O";"PUETUDUXMCLALY-HOTGVXAUSA-N";"InChI=1S/C20H26O6/c1-25-19-9-13(3-5-17(19)23)7-15(11-21)16(12-22)8-14-4-6-18(24)20(10-14)26-2/h3-6,9-10,15-16,21-24H,7-8,11-12H2,1-2H3/t15-,16-/m0/s1";"False";"0";"['4;SI', '2, SECO', '1', '10', '5', '26', '2', 'secoisolariciresinol', '11', '7', '3', '2', '16', 'Secoisolariciresinol', '(+)-secoisolariciresinol', '10, (-)-secoisolariciresinol', '3', '9', '11', 'SECOISOLARICIRESINOL-(-)', '15', '(+)-SECOISOLARICIRESINOL', 'secoisolariciresinol-(-)', 'secoisolariciresinol-(-)', 'SAM001246678', 'secoisolariciresinol-(-)', 'Secoisolariciresinol']";"['Secoisolariciresinol', '(+)-secoisolariciresinol', '(-)-(2R,3R)-Secoisolariciresinol', 'secoisolariciresinol', 'Secoisolariciresinol', '(-)-secoisolariciresinol', '(-)-secoisolariciresinol', 'secoisolariciresinol', '(2R,3R)-2,3-Bis-(4-hydroxy-3-methoxy-benzyl)-butane-1,4-diol', '(+/-)-secoisolariciresinol', '(-)-secoisolariciresinol', 'Secoisolariciresinol', 'Secoisolariciresinol', 'Secoisolariciresinol', '(+)-secoisolariciresinol', '(2R,3R)-2,3-bis(4-hydroxy-3-methoxybenzyl)butane-1,4-diol', '(+)-secoisolariciresinol', 'secoisolariciresinol', '(-)-secoisolariciresinol', 'SECOISOLARICIRESINOL-(-)', '(-)-Secoisolariciresinol', '(+)-SECOISOLARICIRESINOL', 'secoisolariciresinol-(-)', 'secoisolariciresinol-(-)', 'C0164372', 'secoisolariciresinol-(-)', 'Secoisolariciresinol']"
"CHEMBL6061080";"";"";"";"";"415.28";"1";"3";"None";"None";"None";"None";"None";"None";"None";"None";"None";"MOL";"-1";"None";"None";"C19H13FN2O3Se";"COc1ccc(-c2ccc(-c3nc(C)c(C(=O)O)[se]3)cc2C#N)cc1F";"CNZVTBICZKIRLX-UHFFFAOYSA-N";"InChI=1S/C19H13FN2O3Se/c1-10-17(19(23)24)26-18(22-10)12-3-5-14(13(7-12)9-21)11-4-6-16(25-2)15(20)8-11/h3-8H,1-2H3,(H,23,24)";"False";"-1";"['BDBM352037']";"['US9802907, Compound 16']"
"CHEMBL5557479";"";"";"";"";"338.34";"2";"2";"4.34";"82.45";"4";"3";"0";"4";"N";"0.66";"3";"MOL";"-1";"25";"-1.13";"C19H15FN2O3";"Cc1ccc(Nc2cncc(-c3ccc(C(=O)O)c(O)c3)c2)cc1F";"LNVAVGRGAQWAIG-UHFFFAOYSA-N";"InChI=1S/C19H15FN2O3/c1-11-2-4-14(8-17(11)20)22-15-6-13(9-21-10-15)12-3-5-16(19(24)25)18(23)7-12/h2-10,22-23H,1H3,(H,24,25)";"False";"-1";"['II20']";"['4-(5-((3-Fluoro-4-methylphenyl)amino)pyridin-3-yl)-2-hydroxybenzoic acid']"
"CHEMBL5801374";"";"";"";"";"417.33";"1";"3";"None";"None";"None";"None";"None";"None";"None";"None";"None";"MOL";"-1";"None";"None";"C22H14N2O2Se";"Cc1nc(-c2ccc(-c3cccc4ccccc34)c(C#N)c2)[se]c1C(=O)O";"VWRYHVIUYDSFOD-UHFFFAOYSA-N";"InChI=1S/C22H14N2O2Se/c1-13-20(22(25)26)27-21(24-13)15-9-10-18(16(11-15)12-23)19-8-4-6-14-5-2-3-7-17(14)19/h2-11H,1H3,(H,25,26)";"False";"-1";"['BDBM352047']";"['US9802907, Compound 26']"
"CHEMBL5816534";"";"";"";"";"314.26";"1";"3";"-0.19";"156.62";"6";"5";"0";"3";"N";"0.45";"3";"MOL";"-1";"23";"-1.52";"C13H10N6O4";"O=C(Nc1cccc(-c2cn[nH]n2)c1)c1c(O)[nH]c(=O)[nH]c1=O";"JTFZCWXBWACJHZ-UHFFFAOYSA-N";"InChI=1S/C13H10N6O4/c20-10(9-11(21)16-13(23)17-12(9)22)15-7-3-1-2-6(4-7)8-5-14-19-18-8/h1-5H,(H,15,20)(H,14,18,19)(H3,16,17,21,22,23)";"False";"-1";"['BDBM458079']";"['US10752613, Compound Formula (Ia)']"
"CHEMBL5795784";"";"";"";"";"380.34";"2";"6";"1.51";"136.65";"7";"4";"0";"4";"N";"0.40";"3";"MOL";"-1";"26";"-1.79";"C14H10F2N6O3S";"CSc1nc(O)c(C(=O)Nc2c(F)cc(-c3c[nH]nn3)cc2F)c(=O)[nH]1";"CCGNUEWHFIGJFX-UHFFFAOYSA-N";"InChI=1S/C14H10F2N6O3S/c1-26-14-19-12(24)9(13(25)20-14)11(23)18-10-6(15)2-5(3-7(10)16)8-4-17-22-21-8/h2-4H,1H3,(H,18,23)(H,17,21,22)(H2,19,20,24,25)";"False";"-1";"['BDBM499662']";"['US11020397, Compound Formula-(IIt)']"
"CHEMBL150";"KAEMPFEROL";"3'-DEOXYQUERCETIN|C.I. 75640|CI 75640|INDIGO YELLOW|KAEMPFEROL|KAEMPHEROL|KAMPCETIN|NIMBECETIN|NSC-407289|NSC-656277|PELARGIDENOLON 1497|PELARGIDENON|POPULNETIN|Pelargidenolon|RHAMNOLUTEIN|ROBIGENIN|Rhamnolutin|SWARTZIOL|TRIFOLITIN";"Small molecule";"1.0";"286.24";"257";"822";"2.28";"111.13";"6";"4";"0";"1";"N";"0.55";"3";"MOL";"0";"21";"1.55";"C15H10O6";"O=c1c(O)c(-c2ccc(O)cc2)oc2cc(O)cc(O)c12";"IYRMWMYZSQPJKC-UHFFFAOYSA-N";"InChI=1S/C15H10O6/c16-8-3-1-7(2-4-8)15-14(20)13(19)12-10(18)5-9(17)6-11(12)21-15/h1-6,16-18,20H";"False";"0";"['2', 'Kaempferol', 'Kaempferol', '56', '5', '28', 'Kaempferol', '3', 'SID124882309', 'Kaempferol', '5', '12', 'kaempferol', '5', '11', '7', '19', '7', '28', 'Kaempferol', 'kaempferol', '12', 'kaempferol', '19', 'Table 1, 9', 'kaempferol', 'Kaempferol', '8', 'Kaempferol', '26', '3', 'Kaempferol', '4', '63', 'Kaempferol', 'kaempferol', 'Kaempferol', '8', '11', 'Kaempferol', 'Kaempferol', '15', 'Kaempferol', 'Kaempferol', '19', '22', '10', 'Kaempferol', '9', '16', 'kaempferol', 'SID11112382', '6', 'kaempferol', 'Kaempferol', 'kaempferol', 'SID144208363', '1', '3', 'Kaempferol', '24', '7', 'Kaempferol', '3', '1', '21', 'Kaempferol', 'kaempferol', '7', '6', '97', '7', '35', '5', '25', 'SID174007227', '30', '6', '2', '19', '6b', '22', 'Kaempferol', 'Kaempferol', 'Kaempferol', '53', '6', '12', 'Kaempferol', '3d', 'SID26757741', '5', '6', 'Kaempferol', 'KF', '3', '18', 'Kaempferol', '10', 'Kaempferol', '14', '24', '8', '11', 'kaempherol', '13', '5', 'Kaempferol', '1h', '4', 'Kaempferol', 'kaempferol', '6', '52', '13', 'kaempferol', '7', 'Kaempferol', 'Kaempferol', '4', '10', '21', '16', 'Kaempferol', '9, Kaempferol', 'Kaempferol', 'kaempferol', '24', 'Kaempferol', 'Kaempferol', '7h', '3, Kaempferol', '31', 'kaempferol', '7', 'SID11112381', 'SID144213678', 'Kaempferol', 'SID49674535', '1', '5, Kaempferol', 'Fig1, R1C2', '30', '17', 'SID46501187', 'SID50105504', '30', 'Kaempherol', '12', '8', 'Kaempferol', '18, kaempferol', '67', '2', '24', '11', '10', '5; kp19', 'SID17389844', '2', '6', 'kaempferol', '27', 'Kaempferol', 'Kaempferol', '4', '33', 'KAEMPFEROL', 'D6', 'Kaempferol', '36', 'Kaempferol', 'Kaempferol', 'Kaempferol', 'kaempferol', 'FLA2', '2', '3', 'kaempferol', 'kaemferol', '8', '14', 'kaempferol', 'Kaempferol', '82', 'Kaempferol', 'K', '19', 'Kaempferol', '14', 'KFL', 'COVC-3363484938', '4', '2', 'kaempferol', 'KA', '97', '87', '28', 'Kaempferol', '74', 'NP-28', 'kaempferol', '20', 'Kaempferol', 'Kaempferol', 'Kaempferol', '17', 'KAEMPFEROL', 'Kaempferol', '91', '10', 'KAEMPFEROL', '4', 'Kaempferol', '67', '21', 'KAEMPFEROL']";"['kaempferol', 'Kaempferol', 'Kaempferol', 'Kaempferol', 'Kaempferol', 'Kaempferol', 'Kaempferol', '3,5,7-Trihydroxy-2-(4-hydroxy-phenyl)-chromen-4-one', 'SID124882309', 'Kaempferol', 'Kaempferol', 'Kaempferol', '3,5,7-Trihydroxy-2-(4-hydroxy-phenyl)-chromen-4-one', 'Kaempferol', 'Kaempferol', 'Kaempferol', 'Kaempferol', 'Kaempferol', '3,5,7-Trihydroxy-2-(4-hydroxy-phenyl)-chromen-4-one', '(3,5,7-trihydroxy-2-(4-hydroxyphenyl)-4H-1-benzopyran-4-one', '3,5,7-trihydroxy-2-(4-hydroxyphenyl)-4H-chromen-4-one', '3,5,7-trihydroxy-2-(4-hydroxyphenyl)-4H-chromen-4-one', '3,5,7-trihydroxy-2-(4-hydroxyphenyl)-4H-chromen-4-one', 'Populnetin', 'Populnetin', 'kaempferol', 'Kaempferol', 'Kaempferol', 'Kaempferol', '3,5,7-trihydroxy-2-(4-hydroxyphenyl)-4H-chromen-4-one', 'Kaempferol', 'Kaempferol', 'Kaempferol', "3,5,7,4'-Tetrahydroxyflavone", 'Kaempferol', 'kaempferol', 'Kaempferol', 'kaempferol', 'kaempferol', '3,5,7-trihydroxy-2-(4-hydroxyphenyl)-4H-chromen-4-one', 'Kaempferol', '3,5,7-Trihydroxy-2-(4-hydroxy-phenyl)-chromen-4-one', 'Kaempferol', 'Kaempferol', 'kaempferol', "3,4',5,7-Tetrahydroxyflavone", 'Kaempferol', 'Kaempferol', 'kaempferol', 'Kaemferol', 'kaempferol', 'SID11112382', 'kaempferol', '3,5,7-trihydroxy-2-(4-hydroxyphenyl)-4H-chromen-4-one', "3,5,7,4'-tetrahydroxyflavone", 'kaempferol', 'SID144208363', 'kaempferol', 'Kaempferol', 'Kaempferol', 'Kaempherol', 'Kaempferol', 'Kaempferol', 'Kempferol', 'Kaempferol', 'Kaempferol', 'Kaempferol', 'kaempferol', 'kaempferol', 'kaempferol', 'Kaempferol', 'kaempferol', 'Kaempferol', 'Kaempferol', 'Kaempferol', 'SID174007227', 'Kaempferol', '3,5,7-trihydroxy-2-(4-hydroxyphenyl)-4H-chromen-4-one', 'Kaempferol', 'Kaempferol', 'Kaempferol', 'Kaempferol', 'Kaempferol', 'Kaempferol', 'Kaempferol', 'Kaempferol', 'Kaempferol', 'Kaempferol', '3,5,7-Trihydroxy-2-(4-hydroxy-phenyl)-chromen-4-one', '3,5,7-Trihydroxy-2-(4-hydroxy-phenyl)-chromen-4-one', 'SID26757741', '3,5,7-trihydroxy-2-(4-hydroxyphenyl)-4H-chromen-4-one', 'kaempferol', 'Kaempferol', 'Kaempferol', '3,5,7-trihydroxy-2-(4-hydroxyphenyl)-4H-chromen-4-one', 'kaempferol', 'Kaempferol', 'Kaempferol', '3,5,7-Trihydroxy-2-(4-hydroxy-phenyl)-chromen-4-one', 'Kaempferol', '3,5,7-Trihydroxy-2-(4-hydroxy-phenyl)-chromen-4-one', '3,5,7-Trihydroxy-2-(4-hydroxy-phenyl)-chromen-4-one', 'kaempferol', 'kaempherol', '3,5,7-trihydroxy-2-(4-hydroxyphenyl)-4H-chromen-4-one', 'Kaempferol', '3,5,7-trihydroxy-2-(4-hydroxyphenyl)-2,3-dihydrochromen-4-one', 'Kaempferol', '3,5,7-trihydroxy-2-(4-hydroxyphenyl)-4H-chromen-4-one', 'Kaempferol', 'kaempferol', 'Kaempferol', 'kaempferol', 'Kaempferol', 'kaempferol', 'Kaempherol', 'Kaempferol', 'Kaempferol', 'kaempferol', 'Kaempferol', 'Kaempferol', 'Kaempferol', 'Kaempferol', "3,4',5,7-tetrahydroxy flavone", 'Kaempferol', 'kaempferol', 'Kaempferol', 'Kaempferol', 'Kaempferol', '3,5,7-trihydroxy-2-(4-hydroxyphenyl)-4H-chromen-4-one', '3,5,7-trihydroxy-2-(4-hydroxyphenyl)-4H-chromen-4-one', 'kaempferol', 'kaempferol', 'Kaempferol', 'SID11112381', 'SID144213678', 'Kaempferol', 'SID49674535', 'kaempferol', "3,4',5,7-tetrahydroxyflavone", '3,5,7-trihydroxy-2-(4-hydroxyphenyl)-4H-chromen-4-one', 'kaempferol', 'Kaempferol', 'SID46501187', 'SID50105504', 'Kaempferol', 'Kaempherol', 'Kaempferol', 'Kaempferol', 'Kaempferol', "3,5,7,4'-Tetrahydroxyflavone", 'Kaempferol', 'Kaempferol', "Kaempferol; 4',5,7-trihydroxyflavonol", 'Kaempferol', 'Kaempferol', 'Kaempferol', 'SID17389844', 'Kaempferol', 'kaempferol', 'kaempferol', 'Kaempferol', 'Kaempferol', 'Kaempferol', 'Kaempferol', 'Kaempferol', 'KAEMPFEROL', 'Kaempferol', "3,5,7,4'-tetrahydroxyflavone", '3,5,7-trihydroxy-2-(4-hydroxyphenyl)-4H-chromen-4-one', 'Kaempferol', 'Kaempferol', 'Kaempferol', 'kaempferol', 'Kaempferol', 'Kaempferol', 'Kaempferol', 'kaempferol', 'kaemferol', 'kaempferol', 'kaempferol', 'kaempferol', 'Kaempferol', 'Kaempferol', 'Kaempferol', 'Kaempferol', 'Kaempferol', 'Kaempferol', 'kaempferol', 'Kaempferol', 'KAEMPFEROL', 'Kaempferol', 'Kaempferol', 'kaempferol', 'Kaempferol', 'Kaempferol', 'Kaempferol', 'Kaempferol', 'Kaempferol', 'Kaempferol', '3,5,7-trihydroxy-2-(4-hydroxyphenyl)-4H-chromen-4-one', 'kaempferol', 'Kaempherol', 'Kaempferol', 'Kaempferol', 'Kaempferol', '3,5,7-trihydroxy-2-(4-hydroxyphenyl)-4H-chromen-4-one', 'KAEMPFEROL', 'Kaempferol', '3,5,7-trihydroxy-2-(4-hydroxyphenyl)-4H-chromen-4-one', 'Kaempferol', 'KAEMPFEROL', 'Kaempferol', 'Kaempferol', 'Kaempferol', 'Kaempferol', 'KAEMPFEROL']"
"CHEMBL5407321";"";"";"";"";"359.39";"1";"1";"3.91";"96.10";"5";"1";"0";"5";"N";"0.74";"3";"MOL";"-1";"27";"-1.37";"C21H17N3O3";"Cc1ccc(COc2ccc(-c3ncc(C(=O)O)c(C)n3)cc2C#N)cc1";"IKTGMZBALQIQAT-UHFFFAOYSA-N";"InChI=1S/C21H17N3O3/c1-13-3-5-15(6-4-13)12-27-19-8-7-16(9-17(19)10-22)20-23-11-18(21(25)26)14(2)24-20/h3-9,11H,12H2,1-2H3,(H,25,26)";"False";"-1";"['127']";"['2-(3-cyano-4-((4-methylbenzyl)oxy)phenyl)-4-methylpyrimidine-5-carboxylic acid']"
"CHEMBL8260";"BAICALEIN";"BAICALEIN|NOROXYLIN|NSC-661431";"Small molecule";"2.0";"270.24";"191";"749";"2.58";"90.90";"5";"3";"0";"1";"N";"0.59";"3";"MOL";"0";"20";"1.27";"C15H10O5";"O=c1cc(-c2ccccc2)oc2cc(O)c(O)c(O)c12";"FXNFHKRTJBSTCS-UHFFFAOYSA-N";"InChI=1S/C15H10O5/c16-9-6-11(8-4-2-1-3-5-8)20-12-7-10(17)14(18)15(19)13(9)12/h1-7,17-19H";"False";"0";"['BAICALEIN', 'BAICALEIN', 'baicalein', 'Baicalein', '143', '58', 'Baicalein', '5,6,7-THF, Baicalein', 'baicalein', '1', '1; Baicalein', 'Table1;33', '6', '2', '1', 'SID124882851', 'SID124882853', '2', 'Baicalein', '19', '50', 'Baicalein', '8', '17', '10', '2', 'baicalein', '2', 'SID11114203', 'Baicalein', 'BLN', '1', '2', 'BAICALEIN', '8', 'Baicalein', 'baicalein', 'BAICALEIN', '1, Baicalein', 'SID85272355', 'A-12', '55', 'Baicalein', 'Baicalein', '8, baicalein', 'Baicalein', 'Baicalein', 'Baicalein', 'Baicalein', 'SID124882850', 'Baicalein', '11, Baicalein', 'Bai', '8', '4 (Baicalein)', '11', '30', 'SID26747176', '1', '2', 'Baicalein', 'Baicalein', '2', 'Baicalein', 'S1', 'Baicalein', 'baicalein', '11', 'bacailein', '52', '3', '27', '18', 'Baicalein', '3', '1', 'Bc', 'Baicalein', 'Baicalein', '2', 'Baicalein', 'baicalein', '12', '12', 'SID50104952', '1', '3', 'SID11113153', 'Baicalein', '2', 'Baicalein', 'BE', '14', '1, Baicalein', 'Baicalein', '1', 'Baicalein', 'Baicalein', 'D3', '16', 'baicalein', '204', '12', 'M1', 'Baicalein', '176272938', '19', 'Baicalein', '11', 'baicalein', '34', 'Baicalein', '32', 'Baicalein', 'Baicalein', 'Baicalein', 'Baicalein', 'Baicalein', 'Baicalein', '211', '25', 'Baicalein', 'EOS101057', '70', 'BE', '77', 'BAICALEIN', 'baicalein', '10', 'Baicalein', 'Baicalein', '34', 'Baicalein', '9', '1', 'Baicalein', '14', '4', '1', 'Baicalein', 'EOS101057', 'Baicalein', '19', '46', '86', '34', '7', 'Baicalein', 'BDBM50009001']";"['BAICALEIN', 'BAICALEIN', '5,6,7-Trihydroxy-2-phenyl-chromen-4-one', '5,6,7-Trihydroxy-2-phenyl-chromen-4-one (Baicalein)', '5,6,7-trihydroxy-2-phenyl-4H-chromen-4-one', 'Baicalein', '5,6,7-Trihydroxy-2-phenyl-chromen-4-one (Baicalein)', '5,6,7-Trihydroxy Flavone', 'baicalein', '5,6,7-Trihydroxy-2-phenyl-chromen-4-one', '5,6,7-Trihydroxyflavone', '5,6,7-trihydroxy-2-phenyl-4H-chromen-4-one', '5,6,7-trihydroxy-2-phenyl-4H-chromen-4-one', 'baicalein', 'baicalein', 'SID124882851', 'SID124882853', 'Baicalein', 'Baicalein', 'baicalein', '5,6,7-Trihydroxyflavone', 'Baicalein', 'Baicalein', '5,6,7-trihydroxy-2-phenyl-4H-chromen-4-one', 'Baicalein', 'Baicalein', 'baicalein', 'Baicalein', 'SID11114203', 'Baicalein', '5,6,7-trihydroxy-2-phenyl-4H-chromen-4-one', 'Baicalein', 'Baicalein', 'BAICALEIN', 'Baicalein', 'Baicalein', 'baicalein', 'BAICALEIN', '5,6,7-trihydroxy-2-phenyl-4H-chromen-4-one', 'SID85272355', '5,6,7-trihydroxy-2-phenyl-4H-chromen-4-one', '5,6,7-trihydroxy-2-phenyl-4H-chromen-4-one', 'Baicalein', 'Baicalein', '5,6,7-trihydroxyflavone', 'Baicalein', 'Baicalein', 'Baicalein', 'Baicalein', 'SID124882850', 'Baicalein', '5,6,7-trihydroxyflavone', 'Baicalein', 'Baicalein', '5,6,7-Trihydroxy-2-phenyl-chromen-4-one', '5,6,7-trihydroxy-2-phenyl-4H-chromen-4-one', 'baicalein', 'SID26747176', 'Baicalein', '5,6,7-Trihydroxy-2-phenyl-chromen-4-one', 'Baicalein', '5,6,7-trihydroxy-2-phenyl-4H-chromen-4-one', 'baicalein', '5,6,7-trihydroxy-2-phenyl-4H-chromen-4-one', 'Baicalein', 'Baicalein', 'baicalein', 'baicalein', 'bacailein', 'Baicalein', 'baicalein', '5,6,7-trihydroxy-2-phenyl-4H-chromen-4-one', 'baicalein', 'Baicalein', 'Baicalein', 'baicalein', 'Baicalein', 'Baicalein', 'Baicalein', 'Baicalein', 'Baicalein', 'baicalein', 'Baicalein', 'Baicalein', 'SID50104952', 'Baicalein', 'Baicalein', 'SID11113153', 'Baicalein', 'baicalein', 'Baicalein', '5,6,7-trihydroxy-2-phenyl-4H-chromen-4-one', 'Baicalein', '5,6,7-trihydroxyflavone', 'Baicalein', 'Baicalein', 'Baicalein', 'Baicalein', 'Baicalein', '5,6,7-trihydroxy-2-phenyl-4H-chromen-4-one', 'baicalein', 'Baicalein', 'Baicalein', 'Baicalein', 'Baicalein', 'BAICALEIN', '5.6,7-Trihydroxyflavone', 'Baicalein', 'Baicalein', 'baicalein', 'Baicalein', 'Baicalein', '5,6,7-trihydroxy-2-phenyl-4H-chromen-4-one', 'Baicalein', 'Baicalein', 'Baicalein', 'Baicalein', 'Baicalein', 'Baicalein', 'Baicalein', 'Baicalein', 'Baicalein', 'BAICALEIN', 'Baicalein', '5,6,7-trihydroxy-2-phenyl-4H-chromen-4-one', 'Baicalein', 'BAICALEIN', 'baicalein', 'Baicalein', 'Baicalein', 'Baicalein', 'Baicalein', 'Baicalein', 'Baicalein', 'Baicalein', 'Baicalein', 'Baicalein', 'Baicalein', 'Baicalein', 'Baicalein', 'BAICALEIN', 'Baicalein', 'Baicalein', 'Baicalein', 'Baicalein', 'Baicalein', 'Baicalein', '5,6,7-trihydroxy-2-phenyl-4H-1-benzopyran-4-one', '5,6,7-Trihydroxyflavone::5,6,7-trihydroxy-2-phenyl-4H-chromen-4-one::Baicalein::Baicalein, 14::Baicalein, 8::CHEMBL8260::US10252984, Table 2.33']"
"CHEMBL311498";"CIANIDANOL";"CATECHIN|CATECHIN, D-|CATECHINIC ACID|CATECHUIC ACID|CATERGEN|CIANIDANOL|D-CATECHOL|NSC-2819";"Small molecule";"4.0";"290.27";"256";"490";"1.55";"110.38";"6";"5";"0";"1";"N";"0.51";"2";"MOL";"0";"21";"2.30";"C15H14O6";"Oc1cc(O)c2c(c1)O[C@H](c1ccc(O)c(O)c1)[C@@H](O)C2";"PFTAWBLQPZVEMU-DZGCQCFKSA-N";"InChI=1S/C15H14O6/c16-8-4-11(18)9-6-13(20)15(21-14(9)5-8)7-1-2-10(17)12(19)3-7/h1-5,13,15-20H,6H2/t13-,15+/m0/s1";"True";"0";"['(+)-1', '5', '12', 'Cat', '7', '8', '12', 'CATECHIN', '(+)-Catechin', '(+)-catechin', 'SID85231341', 'Catechin', '(+)-catechin', '4', '12', '(+)-catechin', '(+)-catechin', '11, (+)-catechin', '(+)-catechin', '16', '(+)-Catechin', '43', '1', '46', 'SID11113249', '20', '(+)-catechin', '10', '2', '3', '11', 'CIANIDANOL', '3S-(+)Catechin', '5, (+)C', '47', '12', '(+)-Catechin', 'SID26753531', '(+)-Catechin', 'SID50105958', '29', 'A-9', '6, (+)-catechin', '16', '3', 'Catechin', '(+)-Catechin', '3', '(+)-cyanidan-3-ol', '3', '(+)-Catechin', '(+)-catechin', '34', '(+)-catechin', '2a', '6', 'page 1629, R25C1', '(+)-catechin', 'D-Catechin', '2', '1', '(+)-Catechin', '(+)-catechin', '(+)-Catechin', '(+)-Catechin', '2', '37', 'Catechin', '34', 'FLA7', '(+)-Catechin', 'Cianidanol', '17', 'SID69414', 'CIANIDANOL', '13', 'NP-33', '13', 'COVC-3894672872', '59', 'Catechin', 'CIANIDANOL [+-catechin]', 'Catechin', '2', '1', 'SID90341637', '34', '10', 'Catechin', '9', 'Catechin', 'CIANIDANOL [+-catechin]', '(+)-catechin', 'Epicatechin', '16', 'Cat', 'CIANIDANOL [+-CATECHIN]', 'Catechin', '17', '170', '21', 'CIANIDANOL [+-catechin]', '7; ZINC119983', '(+)-catechin', '8', 'Catechin', '176272003', 'cianidanol', '22', '43', 'CIANIDANOL']";"['(+)-catechin', '(+)-Catechin', '(+)-catechin', '(+)-catechin', '(2R,3S)-2-(3,4-Dihydroxy-phenyl)-chroman-3,5,7-triol', '(+)-catechin', 'Catechin', '(2R,3S)-2-(3,4-Dihydroxy-phenyl)-chroman-3,5,7-triol', '(+)-Catechin', '(+)-catechin', 'SID85231341', 'Catechin', '(+)-catechin', '(+)-catechin', '(+)-catechin', '(+)-catechin', '(+)-catechin', '(2R,3S)-2-(3,4-dihydroxyphenyl)-3,4-dihydro-2H-chromene-3,5,7-triol', '(+)-catechin', 'cathechin', '(+)-Catechin', '(2R,3S)-2-(3,4-dihydroxyphenyl)-3,4-dihydro-2H-chromene-3,5,7-triol', '(+)-catechin', '(+)-catechin', 'SID11113249', '(+)-Catechin', '(+)-catechin', '(+)-Catechin', '(+)-catechin', '(+)-catechin', '(+)-Catechin', 'CIANIDANOL', '3S-(+)Catechin', '(+)-Catechin', '(+)-catechin', '(+)-catechin', '(+)-Catechin', 'SID26753531', '(+)-Catechin', 'SID50105958', '(+)-Catechin', '(2R,3S)-2-(3,4-dihydroxyphenyl)chroman-3,5,7-triol', 'D-(+)-catechin', 'D-(+)-catechin', '(+)-catechin', 'Catechin', '(2R,3S)-2-(3,4-Dihydroxy-phenyl)-chroman-3,5,7-triol', '(+)-catechin', '(+)-cyanidan-3-ol', '(+)-catechin', '(+)-Catechin', '(+)-catechin', '(+)-catechin', '(+)-catechin', '(+)-catechin', '(+)-catechin', '(+)-Catechin', '(+)-catechin', 'D-Catechin', '(+)-catechin', '(+)-Catechin', '(+)-Catechin', '(+)-catechin', '(+)-Catechin', '(+)-Catechin', '(+)-Catechin', '(+)-Catechin', 'Catechin', '(+)-Catechin', '(+)-Catechin', '(+)-Catechin', 'Cianidanol', '(2R,3S)-catechin', 'SID69414', 'CIANIDANOL', '(+)-catechin', '(2R,3S)-2-(3,4-dihydroxyphenyl)chroman-3,5,7-triol', 'Catechin', 'CIANIDANOL', '(+)-Catechin', '(+)-Catechin', 'CIANIDANOL [+-catechin]', 'Catechin', '(+)-catechin', '(+)-Catechin', 'SID90341637', '(2R,3S)-2-(3,4-dihydroxyphenyl)chroman-3,5,7-triol', '(+)-catechin', 'Catechin', 'Catechin', 'Catechin', 'CIANIDANOL [+-catechin]', '(+)-catechin', 'Epicatechin', 'Catechin', '(+)-Catechin', 'CIANIDANOL [+-CATECHIN]', 'Catechin', 'Catechin', '(+)-catechin', 'Catechin', 'CIANIDANOL [+-catechin]', '(2R,3S)-2-(3,4-dihydroxyphenyl)chromane-3,5,7-triol', '(+)-catechin', 'Catechin', 'Catechin', 'CIANIDANOL', 'cianidanol', '(-)-Catechin', '(2R,3S)-2-(3,4-dihydroxyphenyl)chromane-3,5,7-triol', 'CIANIDANOL']"
"CHEMBL859";"OXYPURINOL";"NSC-76239|OXIPURINOL|OXYPURINOL";"Small molecule";"2.0";"152.11";"10";"24";"-0.24";"94.92";"5";"3";"0";"0";"N";"0.48";"2";"MOL";"0";"11";"-1.57";"C5H4N4O2";"Oc1nc(O)c2cn[nH]c2n1";"HXNFUBHNUDHIGC-UHFFFAOYSA-N";"InChI=1S/C5H4N4O2/c10-4-2-1-6-9-3(2)7-5(11)8-4/h1H,(H3,6,7,8,9,10,11)";"False";"0";"['SID144211537', 'OXYPURINOL', '99 (Alloxanthine)', 'SID57264357', 'Oxypurinol', 'OXYPURINOL', 'oxypurinol', 'Alloxanthine', 'OXYPURINOL', 'OxipurinolÊ', 'OXYPURINOL', 'OXYPURINOL', 'Oxoallopurinol', 'OxipurinolÂ', 'COVC-1747253434', 'oxypurinol', 'OXYPURINOL', 'oxypurinol', 'OXYPURINOL', 'OXYPURINOL']";"['SID144211537', 'OXYPURINOL', 'Alloxanthine1H-Pyrazolo[3,4-d]pyrimidine-4,6-diol', 'SID57264357', 'Oxypurinol', 'OXYPURINOL', 'oxypurinol', 'Oxypurinol', 'OXYPURINOL', 'OxipurinolÊ', 'OXYPURINOL', 'OXYPURINOL', '1,2-dihydropyrazolo[3,4-d]pyrimidine-4,6-dione', 'OxipurinolÂ', 'OXYPURINOL', 'oxypurinol', 'OXYPURINOL', 'oxypurinol', 'OXYPURINOL', 'OXYPURINOL']"
"CHEMBL573";"NIACIN";"ACIDE NICOTINIQUE|ACIDO NICOTINICO|ACIDUM NICOTINICUM|NIACIN|NIACIN COMPONENT OF ADVICOR|NIACIN COMPONENT OF SIMCOR|NIACIN EXTENDED RELEASE|NIACOR|NIASPAN|NIASPAN TITRATION STARTER PACK|NICANGIN|NICOLAR|NICOTINIC ACID|NSC-169454|Niacin TD|Niaspan ER|Nicotinate|VITAMIN B3|WAMPOCAP";"Small molecule";"4.0";"123.11";"206";"2545";"0.78";"50.19";"2";"1";"0";"1";"Y";"0.60";"1";"MOL";"0";"9";"-0.71";"C6H5NO2";"O=C(O)c1cccnc1";"PVNIIMVLHYAWGP-UHFFFAOYSA-N";"InChI=1S/C6H5NO2/c8-6(9)5-2-1-3-7-4-5/h1-4H,(H,8,9)";"False";"0";"['Vitamin B3', 'nicotinic acid', 'Niacin', 'SID174007257', 'Niacin', 'NIACIN', 'nicotinic acid', 'Nicotinic acid', 'Nicotinic acid', 'Nicotinic Acid', 'NIACIN', 'nicotinic acid', 'niacin', '3; Niacin; nicotinic acid', '1, Niacin', 'NIACIN', 'Niacin', 'Niacin', 'nicotinic acid', 'NIACIN', 'Niacin', '1', 'nicotinic acid', 'NA, niacin', 'nicotinic acid', 'NIACIN', 'Nicotinic acid', 'SID144213221', 'nicotinic acid', 'nicotinic acid', 'ACIDE_NICOTINIQUE', 'NA', '103', 'SID144208618', 'Niacin', '18 (table SI)', 'NIACIN', 'NIACIN', 'niacin', 'SID144203888', 'NIACIN', 'nicotinic acid 10000 micromolar', 'niacin', 'Niacin', 'Nicotinate', 'Niacin', 'Niacin', 'nicotinic acid', 'Nicotinic acid', 'SID170465044', 'Niacin', 'Nicotinic acid', 'NIACIN', '19a', 'Nicotinic acid', '17', '1', 'NA', 'NICOTINIC ACID', '5', 'nicotinic acid', 'nicotinic acid', 'NIACIN', '3', '148 (table SVIII)', 'Nicotinic acid', 'nicotinic acid 400 micromolar', 'SID11112153', '1', 'nicotinic acid', 'niacin', 'Ncotinic acid', '12', 'Niacin', '1, Niacin', 'SID104171277', 'SID8139875', 'Niacin', 'Fig 2', 'NIACIN', 'Niacin', 'Table 2; R38C1', 'nicotinic acid', 'nicotinate', 'Niacin', 'Nicotinic acid', 'Nicotinate', '73', 'Nicotinic acid', '33', 'NIACIN', '128', 'Niacin', 'Niacin', 'niacin', 'niacin', 'NIACIN', 'niacin, Niaspan', 'nicotinic acid 2000 micromolar', 'COVC-3899260608', 'Niacin', 'BA1000857', 'NIACIN', 'SAM002554917', 'Niacin', '3', 'nicotinic acid', 'NIACIN']";"['Niacin', 'Nicotinic acid', 'Niacin', 'SID174007257', 'Niacin', 'NIACIN', 'Nicotinic acid', 'Nicotinic acid', 'Nicotinic acid', 'Nicotinic Acid', 'NIACIN', 'nicotinic acid', 'nicotinic acid', 'Pyridine-3-formic acid', 'nicotinic acid', 'Niacin', 'Niacin', 'Niacin', 'nicotinic acid', 'NIACIN', 'Niacin', 'Nicotinic acid', 'nicotinic acid', 'nicotinic acid', 'nicotinic acid', 'NIACIN', 'Nicotinic acid', 'SID144213221', 'nicotinic acid', 'nicotinic acid', 'ACIDE_NICOTINIQUE', 'nicotinic acid', None, 'SID144208618', 'Niacin', 'pyridine-3-carboxylic acid', 'NIACIN', 'NIACIN', 'nicotinic acid', 'SID144203888', 'NIACIN', 'nicotinic acid', 'niacin', 'Niacin', 'Nicotinate', 'Nicotinic acid', 'Niacin', 'Nicotinic acid', 'Nicotinic acid', 'SID170465044', 'Niacin', 'Nicotinic acid', 'NIACIN', 'nicotinic acid', 'Nicotinic acid', 'nicotinic acid', 'Niacin', 'Nicotinic acid', 'Nicotinic acid', 'Nicotinic acid', 'nicotinic acid', 'nicotinic acid', 'Niacin', 'Niacin', 'pyridine-3-carboxylic acid', 'Nicotinic acid', 'nicotinic acid', 'SID11112153', 'nicotinic acid', 'nicotinic acid', 'nicotinic acid', 'Nicotinic acid', 'nicotinic acid', 'Niacin', 'Nicotinic acid', 'SID104171277', 'SID8139875', 'Nicotinic acid', '3-Pyridinecarboxylic acid', 'NIACIN', 'Niacin', 'nicotinic acid', 'nicotinic acid', 'nicotinate', 'Niacin', 'Nicotinic acid', 'Nicotinate', 'Nicotinic acid', 'Nicotinic acid', 'nicotinic acid', 'NIACIN', 'Niacin', 'Niacin', 'nicotinic acid', 'nicotinic acid', 'niacin', 'NIACIN', 'niacin', 'nicotinic acid', 'NIACIN', 'Niacin', 'NIACIN', 'NIACIN', 'C0164808', 'Niacin', 'nicotinic acid', 'nicotinic acid', 'NIACIN']"
"CHEMBL727";"THIOGUANINE";"LANVIS|NSC-752|NSC-76504|TABLOID|THIOGUANINE|THIOGUANINE ANHYDROUS|THIOGUANINE HEMIHYDRATE|THIOGUANINE, ANHYDROUS|TIOGUANINA|TIOGUANINE|TIOGUANINE HEMIHYDRATE";"Small molecule";"4.0";"167.20";"251";"1737";"0.60";"83.38";"4";"3";"0";"0";"N";"0.50";"2";"MOL";"0";"11";"-0.18";"C5H5N5S";"Nc1nc2[nH]cnc2c(=S)[nH]1";"WYWHKKSPHMUBEB-UHFFFAOYSA-N";"InChI=1S/C5H5N5S/c6-5-9-3-2(4(11)10-5)7-1-8-3/h1H,(H4,6,7,8,9,10,11)";"False";"0";"['Thioguanine', 'THIOGUANINE', 'TIOGUANINE', 'SID144206735', 'Thioguanine', '6-Thioguanine', '18', 'SID144209599', '6', '6-thioguanine', 'TG', 'Thioguanine', 'SID57260104', 'thioguanine', '6-thioguanine', 'thioguanine', '6-thioguanine', 'THIOGUANINE', '6', 'Thioguanine', 'Thioquanine', 'SID144210595', 'TIOGUANINE', 'TIOGUANINE', 'Thioguanine', 'THIOGUANINE', 'SID170464908', 'thioguanine', 'THIOGUANINE', 'THIOGUANINE', 'TG', 'SID174007001', 'thioguanine', '6-TG', 'SID26748270', 'Thioguanine', 'TGN', 'THIOGUANINE', 'Thioguanine', 'THIOGUANINE', '6-thioguanine', 'SID144204586', 'XLI, 6-Tg', 'Thioguanine', 'Thioguanine', 'Tioguanine', 'THIOGUANINE', 'THIOGUANINE', '6-thioguanine', 'THIOGUANINE', 'Thioguanine', '26', 'Thioguanine', '6-thioguanine', 'SID538243', 'Table 1, R48C1', 'SID57264437', 'tioguanine 0.00001 molar', 'COVC-3899260679', 'thioguanine', 'TIOGUANINE', 'Table 1,R2C1', '6-TG', 'Thioguanine', '176272398', 'Fig 51, Cpd 6TG', '15', 'EUB0003211a', 'Thioguanine', '16', 'THIOGUANINE']";"['Thioguanine', 'THIOGUANINE', 'TIOGUANINE', 'SID144206735', '2-Amino-1,7-dihydro-purine-6-thione', '6-Thioguanine', '2-amino-1H-purine-6(9H)-thione', 'SID144209599', '2-Amino-9H-purine-6-thiol', '2-Amino-1,9-dihydro-purine-6-thione', '2-Amino-1,7-dihydro-purine-6-thione', 'Thioguanine', 'SID57260104', 'thioguanine', '6-thioguanine', '2-amino-1H-purine-6(9H)-thione', '6-thioguanine', 'THIOGUANINE', '6-thioguanine', 'Thioguanine', 'Thioquanine', 'SID144210595', 'TIOGUANINE', 'TIOGUANINE', 'Thioguanine', 'THIOGUANINE', 'SID170464908', 'Thioguanine', 'Thioguanine', 'THIOGUANINE', 'Thioguanine', 'SID174007001', 'thioguanine', '6-thioguanine', 'SID26748270', '2-amino-1H-purine-6(7H)-thione', 'thioguanine', 'THIOGUANINE', 'Thioguanine', 'THIOGUANINE', '6-thioguanine', 'SID144204586', '6-Thioguanine', 'Thioguanine', 'Thioguanine', 'Tioguanine', 'THIOGUANINE', 'THIOGUANINE', '6-thioguanine', 'THIOGUANINE', 'Thioguanine', '6-thioguanine', 'Thioguanine', '6-thioguanine', 'SID538243', '2-amino-1H-purine-6(7H)-thione', 'SID57264437', 'tioguanine', 'THIOGUANINE', 'thioguanine', 'TIOGUANINE', '6-thioguanine', '6-thioguanine', 'Thioguanine', 'THIOGUANINE', '2-amino-1,7-dihydro-6H-purine-6-thione', 'Thioguanine', '6-Thioguanine', 'Thioguanine', 'Thioguanine', 'THIOGUANINE']"
"CHEMBL44";"GENISTEIN";"(-)-.ALPHA.-ISOSPARTEINE|.ALPHA.-ISOSPARTEIN|.ALPHA.-ISOSPARTEINE|.ALPHA.-ISOSPARTEINE, (-)-|.ALPHA.-SPARTEINE|11-ISOSPARTEINE|4',5,7-TRIHYDROXYISOFLAVONE|BIO 300|BIO-300|Bonistein|FW-635I-2|GENISTEIN|GENISTEINA|GENISTEINE|GENISTEINE-ALKALOID|ISOSPARTEINE, ALPHA-|NPI-031L|NSC-36586|NSC-366737|SIPI-807-1|SOPHORICOL|SPARTEINE L-.ALPHA.-ISOSPARTEINE";"Small molecule";"2.0";"270.24";"489";"2058";"2.58";"90.90";"5";"3";"0";"1";"N";"0.63";"3";"MOL";"0";"20";"1.35";"C15H10O5";"O=c1c(-c2ccc(O)cc2)coc2cc(O)cc(O)c12";"TZBJGXHYKVUXJN-UHFFFAOYSA-N";"InChI=1S/C15H10O5/c16-9-3-1-8(2-4-9)11-7-20-13-6-10(17)5-12(18)14(13)15(11)19/h1-7,16-18H";"False";"0";"['32', 'Genistein', '14', '3', 'Genistein', 'Genistein', '1 (Genistein)', 'Genistein', 'GENISTEIN', 'Genistein', 'Genistein', 'Genistein', '(1a) genistein', 'GENISTEIN', '3', '9', 'Genistein', 'Genistein', '30 (Genistein)', '2', '3', '13', 'genistein', 'SID50104733', '164', 'Genistein', 'GENISTEIN', '3', 'Genistein', 'Genistein', '1', 'Genistein', '23', 'Genistein', 'Genistein', 'Genistein', 'genistein', 'genistein', 'SID144203712', '10', 'Genistein', '22', 'Genistein', 'Genistein', 'genistein', '5', '40', 'Genistein', '47', 'Genistein', 'genistein', 'Genistein', 'Genistein', 'NSC-36586', '17', 'Genistein', 'genistein', 'genistein', 'genistein', 'SID26752075', 'SID26752076', 'K00046', '1', 'genistein', '7', 'SID162108258', 'SID170466848', 'SID144210902', 'genistein', 'genistein', '16', 'Genistein', '10', 'A80', 'Genistein', 'GEN', '2', 'Genistein', 'SID11111234', 'Genistein', '13', '4', '3', 'GENISTEIN', '9', '1, Genistein', '4', 'genistein', 'genestein 0.001 milligrams per kilogram per day', 'genestein 10 milligrams per kilogram per day', 'Genistein', '1', 'Genistein', '14', '17', 'Geni', 'Genistein', 'Genistein', 'Genistein', 'genestein 100 milligrams per kilogram per day', '81', '1', '66', '1', '1', 'Genistein', 'Genistein', '2', '1', '1 (Genistein)', 'genistein', 'Genistein', 'Genistein', 'Genistein', '19', '27', 'SID124880229', 'SID144208626', 'Gen', '338', 'Genistein (I)', '68', 'Genistein', 'GEN', '32', 'Genistein', '32', '2', '10', 'BDBM19459', '2', 'Genistein', 'genistein', 'genistein', 'genistein', 'genistein', 'SID26747156', '21', '4', '1', 'Genistein', '9', 'genistein', 'Genistein', 'genistein', '24', '84', '7', '1, genistein', '14', 'genistein', 'Genistein', 'Genistein', '2', 'genistein', '2', 'Genistein', 'Genistein', 'Genistein', 'genistein', '51', '56', 'genistein', 'genistein', '19', 'Genistein', 'genistein', 'genistein', '94', 'genistein', 'genistein', 'Genistein', '4', 'Genistein', '9', 'Genistein', 'genestein 0.1 milligrams per kilogram per day', 'SID11111233', '1, GEN, Genistein', 'Genistein', '1', 'Genistein', 'GEN', '5', '9', '153', '37', 'genistein', '6', 'SID124880228', '17', '12', 'Genistein', '41', '1', 'SID50104732', '27', 'SID104171167', 'Genistein', '34', 'SID85231066', '32', 'Genistein', '28', 'genistein', 'genistein', 'SID50114251', 'SID50114252', 'Genistein', '6', 'Genistein', '0036586:01', 'Genistein', 'SID11113921', 'SID17389520', 'GENISTEIN', 'SID26665855', '93', 'Genistein', 'Genistein', 'Genistein', 'Genistein', 'Genistein', 'Genistein', 'GENISTEIN', 'Gen', 'SID93197', 'Genistein', 'Genistein', 'GENISTEIN', '22', 'Genistein', 'SID90340706', '2', 'GENISTEIN', '10', 'Genistein', 'Genistein', 'COVC-1751699005', '1', 'Genistein', 'Genistein', 'GENISTEIN', 'Gen', '1', '3', 'Genistein', 'Genistein', 'GENISTEIN', 'Genistein', 'Genistein', '11', 'genestein 1 milligram per kilogram per day', 'Genistein', 'Genistein', 'Genistein', '51', '4', 'Genistein', 'GE', 'Genistein', 'Genistein', 'Genistein', 'Genistein', '2', 'Fig 50, Cpd 4', '12', 'Genistein', 'Genistein', '39', 'GENISTEIN', '1c', 'GENISTEIN', 'Genistein', '120', '68', 'Genistein', '29a', '78', '64', '36', '27', 'GENISTEIN']";"['5,7-dihydroxy-3-(4-hydroxyphenyl)-4H-chromen-4-one', '5,7-Dihydroxy-3-(4-hydroxy-phenyl)-chromen-4-one', '5,7-Dihydroxy-3-(4-hydroxy-phenyl)-chromen-4-one', 'Genistein', '5,7-Dihydroxy-3-(4-hydroxy-phenyl)-chromen-4-one', '3-(3-Bromo-4-hydroxy-phenyl)-5,7-dihydroxy-chromen-4-one', '5,7-Dihydroxy-3-(4-hydroxy-phenyl)-chromen-4-one', 'Genistein', 'GENISTEIN', 'Genistein', '5,7-Dihydroxy-3-(4-hydroxy-phenyl)-chromen-4-one', '5,7-Dihydroxy-3-(4-hydroxy-phenyl)-chromen-4-one', '5,7-Dihydroxy-3-(4-hydroxy-phenyl)-chromen-4-one', '5,7-Dihydroxy-3-(4-hydroxy-phenyl)-chromen-4-one', '5,7-Dihydroxy-3-(4-hydroxy-phenyl)-chromen-4-one', 'genistein', '5,7-Dihydroxy-3-(4-hydroxy-phenyl)-chromen-4-one', 'Genistein', '5,7-Dihydroxy-3-(4-hydroxy-phenyl)-chromen-4-one', '5,7-Dihydroxy-3-(4-hydroxy-phenyl)-chromen-4-one', 'Genistein', '5,7-dihydroxy-3-(4-hydroxyphenyl)-4H-chromen-4-one', '5-hydroxy-3-(4-hydroxyphenyl)-4H-chromen-4-one', 'SID50104733', 'Genistein', 'Genistein', 'GENISTEIN', 'Genistein', 'Genistein', 'Genistein', 'Genistein', '5,7-dihydroxy-3-(4-hydroxyphenyl)-2,3-dihydrochromen-4-one', '5,7-dihydroxy-3-(4-hydroxyphenyl)-4H-chromen-4-one', 'Genistein', 'Genistein', '4,5-Dihydroxy-3-(4-hydroxy-phenyl)-chromen-7-one', 'genistein', 'genistein', 'SID144203712', 'Genistein', 'Genistein', '5,7-dihydroxy-3-(4-hydroxyphenyl)-4H-chromen-4-one', 'Genistein', "5,7,4'-trihydroxyisoflavone", 'genistein', 'genistein', 'genistein', 'Genistein', 'genistein', '5,7-Dihydroxy-3-(4-hydroxy-phenyl)-chromen-4-one', '5,7-dihydroxy-3-(4-hydroxyphenyl)-4H-chromen-4-one', 'Genistein', 'Genistein', '5,7-dihydroxy-3-(4-hydroxyphenyl)-4H-chromen-4-one', 'genistein', '5,7-Dihydroxy-3-(4-hydroxy-phenyl)-chromen-4-one', '5,7-Dihydroxy-3-(4-hydroxy-phenyl)-chromen-4-one', '5,7-dihydroxy-3-(4-hydroxyphenyl)-4H-chromen-4-one', 'genistein', 'SID26752075', 'SID26752076', 'Genistein', 'Genistein', 'Genistein', 'Genistein', 'SID162108258', 'SID170466848', 'SID144210902', 'genistein', 'genistein', 'Genistein', "4',5,7-trihydroxyisoflavone", 'Genistein', 'Genistein', 'Genistein', 'genistein', 'Genistein', 'Genistein', 'SID11111234', 'Genistein', 'Genistein', 'genistein', 'Genistein', 'GENISTEIN', 'Genistein', "4',5,7-trihydroxyisoflavone", 'genestein', 'genistein', 'genestein', 'genestein', 'Genistein', 'Genistein', 'Genistein', 'genistein', '5,7-dihydroxy-3-(4-hydroxyphenyl)-4H-chromen-4-one', 'Genistein', 'Genistein', 'Genistein', 'Genistein', 'genestein', '5,7-dihydroxy-3-(4-hydroxyphenyl)-4H-chromen-4-one', 'Genistein', 'Genistein', 'Genistein', '5,7-Dihydroxy-3-(4-hydroxy-phenyl)-chromen-4-one', '5,7-Dihydroxy-3-(4-hydroxy-phenyl)-chromen-4-one', 'Genistein', '5,7-Dihydroxy-3-(4-hydroxy-phenyl)-chromen-4-one', '5,7-Dihydroxy-3-(4-hydroxy-phenyl)-chromen-4-one', '5,7-Dihydroxy-3-(4-hydroxy-phenyl)-chromen-4-one', '5,7-Dihydroxy-3-(4-hydroxy-phenyl)-chromen-4-one', 'Genistein', '5,7-Dihydroxy-3-(4-hydroxy-phenyl)-chromen-4-one', '5,7-Dihydroxy-3-(4-hydroxy-phenyl)-chromen-4-one', 'Genistein', 'genistein', 'SID124880229', 'SID144208626', 'Genistein', None, '5,7-Dihydroxy-3-(4-hydroxy-phenyl)-chromen-4-one', 'Genistein', 'Genistein', 'Genistein', 'Genistein', 'Genistein', 'genistein', 'Genistein', 'genistein', '5,7-dihydroxy-3-(4-hydroxyphenyl)-4H-chromen-4-one::CHEMBL44::Genistein::Genistein, 8::Genisteol::Prunetol::US8552057, 2::cid_5280961', 'Genistein', 'Genistein', '5,7-dihydroxy-3-(4-hydroxyphenyl)-4H-chromen-4-one', '5,7-dihydroxy-3-(4-hydroxy-phenyl)-4a,8a-dihydro-chromen-4-one', 'genistein', '5,7-dihydroxy-3-(4-hydroxyphenyl)-4H-chromen-4-one', 'SID26747156', 'genistein', 'Genistein', 'Genistein', 'Genistein', 'Genistein', 'genistein', "4',5,7-trihydroxyisoflavone", '5,7-dihydroxy-3-(4-hydroxyphenyl)-4H-chromen-4-one', 'Genistein', 'genistein', '5,7-dihydroxy-3-(4-hydroxyphenyl)-4H-chromen-4-one', "5,7,4'-trihydroxy-isoflavone", 'genistein', 'genistein', '5,7-dihydroxy-3-(4-hydroxyphenyl)-4H-chromen-4-one', 'Genistein', 'Genistein', 'genistein', 'Genistein', 'Genistein', 'Genistein', "4',5,7-Trihydroxyisoflavone", 'genistein', 'genistein', 'Genistein', 'genistein', 'genistein', 'Genistein', 'Genistein', 'genistein', '5,7-dihydroxy-3-(4-hydroxyphenyl)-4H-chromen-4-one', 'genistein', 'genistein', '5,7-dihydroxy-3-(4-hydroxyphenyl)-4H-chromen-4-one', 'Genistein', 'genistein', 'Genistein', 'Genistein', 'Genistein', 'genestein', 'SID11111233', '5,7-dihydroxy-3-(4-hydroxyphenyl)-4H-1-benzopyran-4-one', 'Genistein', 'genistein', 'Genistein', 'Genistein', 'Genistein', 'Genistein', '5,7-dihydroxy-3-(4-hydroxyphenyl)-4H-chromen-4-one', 'Genistein', 'genistein', 'Genistein', 'SID124880228', '5,7-dihydroxy-3-(4-hydroxyphenyl)-4H-chromen-4-one', 'Genistein', 'Genistein', 'Genistein', 'genistein', 'SID50104732', 'Genistein', 'SID104171167', 'Genistein', 'Genistenin', 'SID85231066', 'Genistein', 'Genistein', 'Genistein', 'genistein', 'Genistein', 'SID50114251', 'SID50114252', 'Genistein', 'Genistein', 'Genistein', 'CO-ADD:0136251', 'Genistein', 'SID11113921', 'SID17389520', 'GENISTEIN', 'SID26665855', 'Genistein', 'Genistein', 'Genistein', 'Genistein', 'Genistein', 'Genistein', 'Genistein', 'GENISTEIN', 'genistein', 'SID93197', 'Genistein', 'Genistein', 'GENISTEIN', 'genistein', 'Genistein', 'SID90340706', 'Genistein', 'GENISTEIN', 'genistein', 'Genistein', 'Genistein', 'GENISTEIN', 'Genistein', 'Genistein', 'Genistein', 'Genistein', 'Genistein', 'Genistein', "Genistein; 4',5,7-trihydroxyisoflavone", 'Genistein', 'Genistein', 'GENISTEIN', 'Genistein', 'Genistein', 'Genistein', 'genestein', 'Genistein', 'Genistein', 'Genistein', 'Genistein', 'Genistein', "4',5,7-Trihydroxyisoflavone", 'Genistein', 'Genistein', 'Genistein', 'Genistein', 'Genistein', 'Genistein', 'Genistein', 'Genistein', 'Genistein', 'Genistein', 'Genistein', 'GENISTEIN', 'Genistein', 'GENISTEIN', 'Genistein', '5,7-dihydroxy-3-(4-hydroxyphenyl)-4H-chromen-4-one', 'Genistein', 'Genistein', 'Genistein', 'Genistein', 'Genistein', 'Genistein', 'Genistein', 'GENISTEIN']"
"CHEMBL583912";"(-)-EPICATECHIN";"(-)-EPI CATECHIN|(-)-EPICATECHIN|(-)-EPICATECHOL|EPI-CATECHIN|EPI-CATECHOL|EPICATECHIN|EPICATECHOL|L-ACACATECHIN|L-EPICATECHIN|NSC-81161";"Small molecule";"2.0";"290.27";"153";"414";"1.55";"110.38";"6";"5";"0";"1";"N";"0.51";"2";"MOL";"0";"21";"2.30";"C15H14O6";"Oc1cc(O)c2c(c1)O[C@H](c1ccc(O)c(O)c1)[C@H](O)C2";"PFTAWBLQPZVEMU-UKRRQHHQSA-N";"InChI=1S/C15H14O6/c16-8-4-11(18)9-6-13(20)15(21-14(9)5-8)7-1-2-10(17)12(19)3-7/h1-5,13,15-20H,6H2/t13-,15-/m1/s1";"False";"0";"['(-)-Epicatechin', '11', '18', '(-)-Epicatechin', 'Epi', '38', '5', 'epicatechin', 'epicatechin', '30', '2b', 'EC', '(-)-epicatechin', '(-)-Epicatechin', 'epicatechin', '15', 'epicatechin', '5', '47', 'EC, (-)-epicatechin', 'epicatechin', 'Epicatechin', '(-)-Epicatechin', '(-)-epicatechin, EC', 'EPI', 'SID144203652', '79', 'Epicatechin', '58', '(-)-epicatechin', 'Epicatechin', '6', '7', '16', '1', 'SID11112309', '(-)-Epicatechin', '6', '17', '37', 'Fig 2, 4', 'SID170465932', '6', '6', 'Epicatechin', '2', '(-)-Epicatechin', 'epicatechin', '(-)-epicatechin', '16', 'Epicatechin', '6, EC', '48', '4, (-)EC', '1', '4', '(-)-epicatechin', '5', '1', '13', '5', 'Epicatechin', '14', '13', '3', '2', '11', '13', 'EC', 'EPI', 'epicatechin', '3R-(-)Epicatechin', 'Epicatechin', '1', '(-)-epicatechin', '1', 'EPICATECHIN', 'EC', '44', '(-)-epi-Catechin', 'SID11112310', '15', '11', 'SID81066101', '3', '50', '(-)-epicatechin', '4', 'Epicathecin', 'SID11110917', '(-)-Epicatechin', '(-)-Epicatechin', 'NP-34', '16', '(-)-EPICATECHIN', '(-)-Epicatechin', '(-)-Epicatechin', '61', 'Epicatechin', 'SID50086732', '(-)-EPICATECHIN', '3', '17', '(-)-epicatechin', '3', '7', '3', '(-)-Epicatechin', '64', 'Epicatechin', 'EC', '(-)-EPICATECHIN', '18', '40; EC', '25']";"['(-)-Epicatechin', 'Epicatechin', 'Epicatechin', '(2R,3R)-2-(3,4-Dihydroxy-phenyl)-chroman-3,5,7-triol', '(-)-Epicatechin', '(-)-Epicatechin', 'Epicatechin', '(2R,3R)-2-(3,4-dihydroxyphenyl)-3,4-dihydro-2H-chromene-3,5,7-triol', 'epicatechin', '(-)-epicatechin', '(-)-epicatechin', '(-)-epicatechin', '(-)-epicatechin', '(2R,3R)-2-(3,4-Dihydroxy-phenyl)-chroman-3,5,7-triol', 'epicatechin', '(-)-epicatechin', 'epicatechin', 'epicatechin', '(-)-epicatechin', '(2R,3R)-2-(3,4-dihydroxyphenyl)-3,4-dihydro-2H-chromene-3,5,7-triol', 'epicatechin', 'Epicatechin', '(2R,3R)-2-(3,4-Dihydroxy-phenyl)-chroman-3,5,7-triol', '(2R,3R)-2-(3,4-dihydroxyphenyl)-3,4-dihydro-2H-chromene-3,5,7-triol', '(-)-epicatechin', 'SID144203652', '(-)-epicatechin', 'Epicatechin', '(-)-Epicatechin', '(-)-epicatechin', 'Epicatechin', '(-)-epi-Catechin', '(-)Epicatechin', '(-)-Epi-catechin', 'epicatechin', 'SID11112309', '(-)-Epicatechin', '(-)-Epicatechin', 'Epicatechin', 'Epicatechin', '(-)-Epicatechin', 'SID170465932', '(-)-Epicatechin', '(-)-epicatechin', 'Epicatechin', '(2R,3R)-2-(3,4-Dihydroxy-phenyl)-chroman-3,5,7-triol', '(2R,3R)-2-(3,4-Dihydroxy-phenyl)-chroman-3,5,7-triol', 'epicatechin', '(2R,3R)-2-(3,4-dihydroxyphenyl)chroman-3,5,7-triol', '(-)-epicatechin', 'Epicatechin', '(2R,3R)-2-(3,4-dihydroxyphenyl)chroman-3,5,7-triol', '(-)-epicatechin', '(-)-Epicatechin', 'epicatechin', '(-)-epicatechin', '(-)-epicatechin', '(-)-epicatechin', '(-)-epicatechin', 'epi-Catechin', '(-)-Epicatechin', 'Epicatechin', '(-)-epicatechin', '(-)-epicatechin', '(-)-Epicatechin', '(-)-Epicatechin', '(-)-epicatechin', '(-)-epicatechin', '(-)-epicatechin', '(-)-Epicatechin', '(2R,3R)-2-(3,4-dihydroxyphenyl)-3,4-dihydro-2H-chromene-3,5,7-triol', '3R-(-)Epicatechin', 'Epicatechin', 'epicatechin', '(-)-(2R,3R)-2-(3,4-dihydroxyphenyl)-3,4-dihydro-2H-chromene-3,5,7-triol', '(-) epicatechine', 'EPICATECHIN', '(-)-epicatechin', 'epicatechin', '(-)-epi-Catechin', 'SID11112310', '(-)-Epicatechin', '(-)-epicatechin', 'SID81066101', '(-)-Epicatechin', 'Epicatechin', '(-)-epicatechin', '(-)-epicatechin', 'Epicathecin', 'SID11110917', '(-)-Epicatechin', '(-)-Epicatechin', '(2R,3R)-2-(3,4-dihydroxyphenyl)chroman-3,5,7-triol', '(2R,3R)-epicatechin', '(-)-EPICATECHIN', '(-)-Epicatechin', '(-)-Epicatechin', '(-)-epicatechin', 'Epicatechin', 'SID50086732', '(-)-EPICATECHIN', '(-)-epicatechin', 'epi-catechin', '(-)-epicatechin', '(-)-epicatechin', 'Epicatechin', 'L-Epicatechin', '(-)-Epicatechin', '(-)-epicatechin', 'Epicatechin', 'Epicatechin', '(-)-EPICATECHIN', 'Epicatechin', '(-)-Epicatechin; (2-(3,4-dihydroxyphenyl)-3,4-dihydro-2H-chromene-3,5,7-triol', 'Epicatechenin']"
"CHEMBL1467";"ALLOPURINOL";"ALLOPURINOL|ALLOPURINOL COMPONENT OF DUZALLO|ALLOPURINOLUM|ALOPURINOL|ALORAL|ALULINE 100|ALULINE 300|BW 56-158|BW-56-158|CAPLENAL|COSURIC|HAMARIN 100|HAMARIN 300|LEDOPUR|LOPURIN|NSC-101655|NSC-1390|SUSPENDOL|TAKANARUMIN|URICTO|XANTHOMAX-100|XANTHOMAX-300|ZYLOPRIM|ZYLORIC|ZYLORIC-300";"Small molecule";"4.0";"136.11";"224";"2891";"0.06";"74.69";"4";"2";"0";"0";"N";"0.54";"2";"MOL";"0";"10";"-1.78";"C5H4N4O";"Oc1ncnc2[nH]ncc12";"OFCNXPDARWKPPY-UHFFFAOYSA-N";"InChI=1S/C5H4N4O/c10-5-3-1-8-9-4(3)6-2-7-5/h1-2H,(H2,6,7,8,9,10)";"False";"0";"['ALLOPURINOL', 'Allopurinol', 'Allopurinol', 'Allopurinol', '155', 'SID170464935', 'Allopurinol', 'Allopurinol', 'Allopurinol', 'allopurinol', '98 (Allopurinol)', 'allopurinol', 'Allopurinol', 'SID26747845', 'Allopurinol', 'Allopurinol', 'SID50105533', 'allopurinol', 'Allopurinol', 'Allopurinol', 'allopurinol', 'Allopurinol', '11', 'Allopurinol', 'Allopurinol', 'Allopurinol', 'Allopurinol', 'allopurinol', 'allopurinol', 'Allopurinol', 'SID174007214', 'Allopurinol', 'ALLOPURINOL', 'Alloperinol', 'Allopurinol', '440', 'allopurinol', '1, allop, allopurinol', 'ALLOPURINOL', 'ALLOPURINOL', 'allopurinol', 'Allopurinol', '1', 'SD-4', 'SID11110781', 'Allopurinol', 'SID17389550', 'SID144208120', 'Allopurinol', 'BDBM181133', 'Allopurinol', '21', '1', 'Allopurinol', 'Allopurinol', 'Allopurinol', 'Allopurinol', 'Allopurinol', 'Allopurinol', 'Allopurinol', 'Allopurinol', 'SID144203633', 'SID90341357', 'Allopurinol', 'Allopurinol', 'Allopurinol', 'Allopurinol', 'Allopurinol', 'Allopurinol', 'Allopurinol', 'Allopurinol', 'Allopurinol', 'ALLOPURINOL', 'Allopurinol', 'allopurinol', 'allopurinol', '1', 'allopurinol', 'allopurinol', 'allopurinol', 'alloprinol', 'Allopurinol', 'Allopurinol', 'Allopurinol', 'Allopurinol', 'allopurinol', 'allopurinol', 'allopurinol', 'Allopurinol', 'Allopurinol', 'Allopurinol', 'Allopurinol', 'Allopurinol', 'allopurinol', 'Allopurinol', 'Allopurinol', 'Allopurinol', 'Allopurinol', 'Allopurinol', 'allopurinol', 'Alloperinol', 'Allopurinol', 'Allopurinol', 'allopurinol', 'Allopurinol', 'Allopurinol', 'Allopurinol', '1', 'alloprinol', '1', 'Alloperinol', 'Allopurinol', 'Allopurinol', 'Allopurinol', 'Allopurinol', 'XLV, Ap', 'Allopurinol', 'Allopurinol', 'Allopurinol', 'Allopurinol', 'SID8139898', 'Allopurinol', 'ALLOPURINOL', 'Allopurinol', 'Allopurinol', 'Allopurinol', 'BDBM181133', 'ALLOPURINOL', 'allopurinol', 'Allopurinol', 'ALLOPURINOL', 'allopurinol', 'Allopurinol', 'BDBM50016784', 'Allopurinol', 'R8', 'ALLOPURINOL', 'allopurinol', 'ALLOPURINOL', 'Allopurinol', 'Allopurinol', 'Allopurinol', 'SID56424020', 'Allopurinol', 'Allopurinol', 'Allopurinol', 'ALLOPURINOL', 'ALLOPURINOL', 'Allopurinol', 'Allopurinol', 'Allopurinol', 'Allopurinol', 'Allopurinol', 'SAM002554884', 'Allopurino', 'Allopurinol', 'Allopurinol', 'Allopurinol', 'Allopurinol', 'Alloperinol', 'Allopurinol', 'Allopurinol', 'ALLOPURINOL', 'COVC-2284164361', '1', 'Allopurinol', 'Allopurinol', 'Allopurinol', '1', 'Allopurinol', 'BDBM181133', 'Allopurinol', 'Allopurinol', 'Allopurinol', 'BDBM181133', 'Allopurinol', 'Allopurinol', 'ALLOPURINOL', 'BDBM50140241', 'Allopurinol', 'Allopurinol', 'Allopurinol', 'BA1001034', 'allopurinol', 'Allopurinol', 'Allopurinol', 'Allopurinol', 'BDBM50016784', 'BDBM181133', 'Allopurinol', 'allopurinol', '31', 'Allopurinol', 'Allopurinol', 'BDBM181133', 'BDBM50140241', 'ALLOPURINOL']";"['ALLOPURINOL', '1H-Pyrazolo[3,4-d]pyrimidin-4-ol (Allopurinol)', 'Allopurinol', 'Allopurinol', '1H-Pyrazolo[3,4-d]pyrimidin-4-ol', 'SID170464935', '1H-Pyrazolo[3,4-d]pyrimidin-4-ol', '1H-Pyrazolo[3,4-d]pyrimidin-4-ol', '1H-Pyrazolo[3,4-d]pyrimidin-4-ol', '1H-Pyrazolo[3,4-d]pyrimidin-4-ol', 'Allopurinol1H-Pyrazolo[3,4-d]pyrimidin-4-ol', '1H-Pyrazolo[3,4-d]pyrimidin-4-ol', 'Allopurinol', 'SID26747845', 'Allopurinol', 'Allopurinol', 'SID50105533', 'allopurinol', 'Allopurinol', 'Allopurinol', '1H-pyrazolo[3,4-d]pyrimidin-4-ol', 'Allopurinol', 'Allopurinol', 'Allopurinol', 'Allopurinol', 'Allopurinol', 'Allopurinol', '1H-pyrazolo[3,4-d]pyrimidin-4(5H)-one', 'allopurinol', '1H-Pyrazolo[3,4-d]pyrimidin-4-ol', 'SID174007214', 'Allopurinol', 'ALLOPURINOL', 'Allopurinol', 'Allopurinol', None, 'allopurinol', '1,5-dihydro-4H-pyrazolo[3,4-d]pyrimidin-4-one', 'ALLOPURINOL', 'ALLOPURINOL', 'allopurinol', 'Allopurinol', 'allopurinol', 'Allopurinol', 'SID11110781', 'Allopurinol', 'SID17389550', 'SID144208120', 'Allopurinol', 'US9138393, Allopurinol::US9144538, Allopurinol', 'Allopurinol', 'allopurinol', '1,5-dihydro-4Hpyrazolo[3,4-d]pyrimidin-4-one', 'Allopurinol', 'Allopurinol', 'Allopurinol', 'Allopurinol', 'Allopurinol', 'Allopurinol', 'Allopurinol', 'Allopurinol', 'SID144203633', 'SID90341357', 'Allopurinol', 'Allopurinol', 'Allopurinol', 'Allopurinol', 'Allopurinol', 'Allopurinol', 'Allopurinol', '3,5,7,8-tetrazabicyclo[4.3.0] nona-3,5,9-trien-2-one', 'Allopurinol', 'ALLOPURINOL', '1H-Pyrazolo[3,4-d]pyrimidin-4-ol', '1,5-dihydropyrazolo[3,4-d]pyrimidin-4-one', 'allopurinol', '1H-Pyrazolo[3,4-d]pyrimidin-4-ol', 'allopurinol', 'allopurinol', 'allopurinol', 'alloprinol', 'Allopurinol', 'Allopurinol', 'Allopurinol', 'Allopurinol', 'allopurinol', 'allopurinol', 'allopurinol', 'Allopurinol', 'Allopurinol', '1,2-dihydropyrazolo[3,4-d]pyrimidin-4-one', 'Allopurinol', 'Allopurinol', 'allopurinol', 'Allopurinol', 'Allopurinol', 'Allopurinol', 'Allopurinol', 'Allopurinol', 'allopurinol', 'Alloperinol', 'Allopurinol', 'Allopurinol', '1,2-dihydropyrazolo[3,4-d]pyrimidin-4-one', 'Allopurinol', 'Allopurinol', 'allopurinol', 'Allopurinol', 'alloprinol', 'Allopurinol', 'Alloperinol', 'Allopurinol', 'Allopurinol', 'Allopurinol', 'Allopurinol', 'allopurinol', 'Allopurinol', 'Allopurinol', 'Allopurinol', 'Allopurinol', 'SID8139898', 'Allopurinol', 'ALLOPURINOL', 'Allopurinol', 'Allopurinol', 'Allopurinol', 'US9138393, Allopurinol::US9144538, Allopurinol', 'Allopurinol', 'allopurinol', 'Allopurinol', 'ALLOPURINOL', 'allopurinol', 'Allopurinol', 'ALLOPURINOL::BW-56-158::BW-56158::CHEBI:40279::Lopurin::US9428466, Allopurinol::Zyloprim', 'Allopurinol', 'Allopurinol', 'ALLOPURINOL', 'allopurinol', 'ALLOPURINOL', 'Allopurinol', 'Allopurinol', 'Allopurinol', 'SID56424020', 'Allopurinol', 'Allopurinol', 'Allopurinol', 'ALLOPURINOL', 'ALLOPURINOL', 'Allopurinol', 'Allopurinol', 'Allopurinol', '1,2-dihydropyrazolo[3,4-d]pyrimidin-4-one', 'Allopurinol', 'C0164495', 'Allopurino', 'Allopurinol', 'Allopurinol', 'Allopurinol', 'Allopurinol', 'Alloperinol', 'Allopurinol', 'Allopurinol', 'ALLOPURINOL', 'ALLOPURINOL', 'Allopurinol', 'Allopurinol', 'Allopurinol', 'Allopurinol', 'Allopurinol', 'Allopurinol', 'US10093658, Compound Allopurinol::US10752613, Compound Allopurinol::US11021454, Compound Allopurinol::US9138393, Allopurinol::US9144538, Allopurinol', 'Allopurinol', 'Allopurinol', 'Allopurinol', 'US10093658, Compound Allopurinol::US10752613, Compound Allopurinol::US11021454, Compound Allopurinol::US9138393, Allopurinol::US9144538, Allopurinol', 'Allopurinol', 'Allopurinol', 'ALLOPURINOL', 'Allopurinol::Aloral::Aluline 100::Aluline 300::BW-56-158::BW-56158::CHEBI:40279::Caplenal::Cosuric::Hamarin 100::Hamarin 300::Ledopur::Lopurin::US11161835, Compound Allopurinol::Uricto::Xanthomax-100::Xanthomax-300::Zyloprim::Zyloric::Zyloric-300', 'Allopurinol', 'Allopurinol', 'Allopurinol', 'ALLOPURINOL', 'Allopurinol', 'Allopurinol', 'Allopurinol', 'Allopurinol', 'ALLOPURINOL::BW-56-158::BW-56158::CHEBI:40279::Lopurin::US10093631, Compound Allopurinol::US9428466, Allopurinol::Zyloprim', 'US10093658, Compound Allopurinol::US10752613, Compound Allopurinol::US11021454, Compound Allopurinol::US9138393, Allopurinol::US9144538, Allopurinol', 'Allopurinol', 'allopurinol', 'Allopurinol', 'Allopurinol', 'Allopurinol', 'US10093658, Compound Allopurinol::US10752613, Compound Allopurinol::US11021454, Compound Allopurinol::US9138393, Allopurinol::US9144538, Allopurinol', 'Allopurinol::Aloral::Aluline 100::Aluline 300::BW-56-158::BW-56158::CHEBI:40279::Caplenal::Cosuric::Hamarin 100::Hamarin 300::Ledopur::Lopurin::US11161835, Compound Allopurinol::Uricto::Xanthomax-100::Xanthomax-300::Zyloprim::Zyloric::Zyloric-300', 'ALLOPURINOL']"
"CHEMBL145";"CAFFEIC ACID";"2-PROPENOIC ACID, 3-(3,4-DIHYDROXYPHENYL)-, (2E)-|CAFFEIC ACID|CINNAMIC ACID, 3,4-DIHYDROXY-|NSC-57197|NSC-623438|TRANS-3,4-DIHYDROXYCINNAMIC ACID|TRANS-CAFFEIC ACID|trans-Caffeate";"Small molecule";"3.0";"180.16";"256";"776";"1.20";"77.76";"3";"3";"0";"2";"N";"0.47";"1";"MOL";"0";"13";"1.12";"C9H8O4";"O=C(O)/C=C/c1ccc(O)c(O)c1";"QAIPRVGONGVQAS-DUXPYHPUSA-N";"InChI=1S/C9H8O4/c10-7-3-1-6(5-8(7)11)2-4-9(12)13/h1-5,10-11H,(H,12,13)/b4-2+";"False";"0";"['CA', '2', '6', 'CA', '24', 'CA', 'CaA', 'CAFFEIC ACID', 'Caffeic acid', '60', '28', 'Caffeic acid', 'Table 2, R2C1', 'Caffeic acid', 'SID50104062', '22', 'CA', 'Caffeic acid', 'Caffeic acid', '5', '11', 'caffeic acid', 'caffeic acid', 'SID855772', '14', 'CA', 'CA, caffeic acid', 'Caffeic acid', 'SID85231345', 'CA', 'Caffeic acid', 'Caffeic acid', '4a', 'Caffeic acid', 'caffeic acid', '4', 'SID124883134', 'Caffeic acid', 'Caffeic acid', 'Caffeic acid', 'caffeic acid', 'Caffeic acid', 'Caf.Ac', 'Caffeic acid', 'Caffeic acid', 'Caffeic acid', 'Caffeic acid', 'Caffeic acid', '5', '4b', '3', 'caffeic acid', 'caffeic acid', 'Caffic acid', 'Caffeic acid', 'caffeic acid', '2', 'SID26751505', 'caffeic acid', '12', '23, DOPL', 'caffeic acid', '6', 'CAFFEIC_acid', '28', 'caffeic acid', 'Caffeic acid', '5', 'Caffeic Acid', 'Caffeic_acid', 'caffeic acid', 'Caffeic acid', 'Caffeic acid', '5', 'caffeic acid', '3', '4', '1', 'SID50104063', 'CAFFEIC ACID', '71', 'Caffeic acid', '2', '9', '2', '13, CA', 'CA', '1', '13', 'CafA', 'Caffeic_acid', 'Caffeic acid', '8', 'Caffeic acid', '1', 'Caffeic acid', '6, CA', 'Caffeic acid (37)', 'SID106262', 'Caffeic acid', '5a', 'CA', 'Figure5, R1C3', 'caffeic acid', 'Caffeic acid', 'caffeic acid', '44', '3', '3; CA', 'Caffeic acid', 'Caffeic acid', 'Caffeic acid', 'Caffeic acid', 'Caffeic acid', 'caffeic acid', '16', 'Caffeic acid', 'Caffeic acid', '7', '1', 'Caffeic acid', 'Caffeic acid', 'Caffeic acid', 'Caffeic acid', 'Caffeic acid', 'CA', 'Caffeic acid', '9', '22, 3,4-dihydroxy-cinnamic acid', 'Caffeic acid', '14', '2', 'CA', 'Caffeic acid', 'caffeic acid', 'caffeic acid', 'Caffeic acid', 'caffeic acid', 'Caffeic acid', 'Caffeic acid', 'Caf-COOH', 'Caffeic acid', 'caffeic acid', 'Caffeic Acid', 'Caffeic acid', 'Caffeic acid', 'SI-3', '1', 'Caffeic acid', 'caffeic acid', 'Caffeic acid', '9', 'CA', 'Caffeic acid', 'Caffeic acid', '51', '19, CA', 'caffeic acid', 'caffeic acid', 'SID124883135', 'CA', 'caffeic acid', 'Caffeic acid', 'caffeic acid', 'caffeic acid', 'SID124883138', 'SID90340699', 'Caffeic acid', '41', 'Caffeic acid', 'CA', '3', 'Caffeic acid', 'CA', 'caffeic acid', 'Caffeic acid', 'SID50104061', '19', 'Caffeic acid', '3, CA', '3', '22', '5', '21', 'Caffeic acid', 'Caffeic acid', 'CA, Caffeic acid', 'Caffeic acid', '5', 'CA', 'SID50104064', 'SID50104065', '1; CA', 'Caffeic acid', 'Caffeic Acid', 'SID26746990', 'Caffeic acid', 'caffeic acid', 'SID56422203', '25', 'Caffeic acid', 'Caffeic acid', 'NP-4', 'CA; d1', 'PHE4', '15', 'Caffeic acid', 'III-1', '129', '2', 'Caffeic acid', 'Caffeic acid', 'CAFFEIC ACID', '4', '1', 'Caffeic acid', 'Table 1, R30C1', 'Caffeic acid', '2; CA', '2', 'Fig 4, Cpd E-2', '30', 'Caffeic_acid', 'Caffeic acid', '50', '1; CA', 'CA', '17', '44', '18', 'CAFFEIC_acid', '1; CA', '117', 'Caffeic acid', 'Caffeic acid', 'CA', 'Caffeic acid', '29a', 'caffeic acid', '9', 'Caffeic acid', 'Caffeic acid']";"['Caffeic acid', 'Caffeic acid', 'caffeic acid', 'Caffeic acid', '(E)-3-(3,4-Dihydroxy-phenyl)-acrylic acid', 'Caffeic acid', 'Caffeic acid', 'CAFFEIC ACID', 'Caffeic acid', '3-(3,4-Dihydroxy-phenyl)-acrylic acid', '(E)-3-(3,4-Dihydroxy-phenyl)-acrylic acid', 'Caffeic acid', '(E)-3-(3,4-dihydroxyphenyl)acrylic acid', 'Caffeic acid', 'SID50104062', '(E)-3-(3,4-Dihydroxy-phenyl)-acrylic acid', 'Caffeic acid', 'Caffeic acid', 'Caffeic acid', '(E)-3-(3,4-Dihydroxy-phenyl)-acrylic acid', '3-(3,4-Dihydroxyphenyl)prop-2-enoic Acid', '(E)-3-(3,4-Dihydroxy-phenyl)-acrylic acid', '3-(3,4-Dihydroxy-phenyl)-acrylic acid', 'SID855772', 'Caffeic acid', 'caffeic acid', '3,4-dihydroxy-cinnamic acid', '(E)-3-(3,4-dihydroxyphenyl)acrylic acid', 'SID85231345', 'Caffeic acid', 'Caffeic acid', 'Caffeic acid', '3-(3,4-dihydroxyphenyl)acrylic acid', '(E)-3-(3,4-dihydroxyphenyl)acrylic acid', 'caffeic acid', 'Caffeic acid', 'SID124883134', 'Caffeic acid', 'Caffeic acid', '3-(3,4-dihydroxyphenyl)acrylic acid', '(E)-3-(3,4-dihydroxyphenyl)acrylic acid', 'Caffeic acid', 'caffeic acid', 'Caffeic acid', 'Caffeic acid', 'Caffeic acid', 'Caffeic acid', 'Caffeic acid', 'caffeic acid', '3-(3,4-dihydroxyphenyl)acrylic acid', 'Caffeic acid', 'caffeic acid', 'caffeic acid', 'Caffic acid', 'Caffeic acid', '3-(3,4-dihydroxyphenyl)acrylic acid', 'caffeic acid', 'SID26751505', 'caffeic acid', 'Caffeic acid', '(E)-3-(3,4-dihydroxyphenyl)acrylic acid', 'caffeic acid', 'Caffeic Acid', 'CAFFEIC_acid', 'caffeic acid', 'caffeic acid', 'Caffeic acid', 'Caffeic acid', 'Caffeic Acid', 'Caffeic_acid', 'caffeic acid', 'Caffeic acid', 'Caffeic acid', 'Caffeic acid', 'caffeic acid', 'caffeic acid', '(E)-3-(3,4-dihydroxyphenyl)acrylic acid', 'Caffeic acid', 'SID50104063', 'CAFFEIC ACID', 'Caffeic acid', 'Caffeic acid', 'caffeic acid', 'caffeic acid', 'Caffeic acid', 'Caffeic acid', 'Caffeic acid', 'Caffeic acid', 'Caffeic acid', 'Caffeic acid', 'Caffeic_acid', 'Caffeic acid', 'Caffeic acid', 'Caffeic acid', 'Caffeic Acid', 'Caffeic acid', 'caffeic acid', '(E)-3-(3,4-Dihydroxy-phenyl)-acrylic acid', 'SID106262', 'Caffeic acid', '(E)-3-(3,4-Dihydroxy-phenyl)-acrylic acid', 'Caffeic acid', '3-(3,4-dihydroxyphenyl)acrylic acid', '3-(3,4-dihydroxyphenyl)acrylic acid', '3-(3,4-dihydroxyphenyl)acrylic acid', '3-(3,4-dihydroxyphenyl)acrylic acid', '3-(3,4-dihydroxyphenyl)acrylic acid', 'Caffeic acid', 'Caffeic acid', '(E)-3-(3,4-Dihydroxy-phenyl)-acrylic acid', 'Caffeic acid', 'Caffeic acid', 'Caffeic acid', 'Caffeic acid', '3-(3,4-Dihydroxy-phenyl)-acrylic acid (caffeic acid)', '3-(3,4-dihydroxyphenyl)acrylic acid', '(E)-3-(3,4-dihydroxyphenyl)acrylic acid', 'Caffeic acid', 'caffeic acid', 'Caffeic acid', 'Caffeic acid', '(E)-3-(3,4-Dihydroxy-phenyl)-acrylic acid', 'Caffeic acid', '(E)-3-(3,4-Dihydroxy-phenyl)-acrylic acid', 'Caffeic acid', 'Caffeic acid', 'Caffeic acid', 'caffeic acid', 'Caffeic acid', 'Caffeic acid', 'caffeic acid', 'Caffeic acid', 'caffeic acid', 'Caffeic acid', 'caffeic acid', 'caffeic acid', '3-(3,4-dihydroxyphenyl)acrylic acid', 'caffeic acid', 'Caffeic acid', 'Caffeic acid', '(E)-3-(3,4-dihydroxyphenyl)acrylic acid', 'Caffeic acid', 'caffeic acid', 'Caffeic Acid', 'Caffeic acid', '3,4-dihydroxycinnamic acid', '3-(3,4-dihydroxyphenyl)acrylic acid', 'caffeic acid', '3,4-dihydroxycinnamic acid', 'caffeic acid', 'Caffeic acid', 'caffeic acid', 'Caffeic acid', 'Caffeic acid', 'Caffeic acid', '3-(3,4-dihydroxyphenyl)acrylate', 'Caffeic acid', 'caffeic acid', 'Caffeic acid', 'SID124883135', 'Caffeic acid', 'caffeic acid', 'Caffeic acid', '3-(3,4-dihydroxyphenyl)acrylic acid', 'caffeic acid', 'SID124883138', 'SID90340699', 'Caffeic acid', 'trans-3-(3,4-dihydroxyphenyl)acrylic acid', 'Caffeic acid', 'Caffeic acid', '(E)-3-(3,4-dihydroxyphenyl)acrylic acid', 'Caffeic acid', 'caffeic acid', 'caffeic acid', 'Caffeic acid', 'SID50104061', 'Caffeic acid', 'Caffeic acid', 'Caffeic acid', 'caffeic acid', '3-(3,4-Dihydroxyphenyl)acrylic acid', 'caffeic acid', 'Caffeic acid', 'Caffeic acid', 'Caffeic acid', '3,4-dihydroxycinnamic acid', 'Caffeic acid', 'Caffeic acid', 'Caffeic acid', 'SID50104064', 'SID50104065', 'caffeic acid', 'Caffeic acid', 'caffeic acid', 'SID26746990', 'Caffeic acid', 'caffeic acid', 'SID56422203', '(E)-3-(3,4-dihydroxyphenyl)acrylic acid', 'Caffeic acid', 'Caffeic acid', '(E)-3-(3,4-dihydroxyphenyl)acrylic acid', 'Caffeic acid', 'Caffeic acid', 'Caffeic acid', 'Caffeic acid', '(E)-3-(3,4-dihydroxyphenyl)acrylic acid', 'caffeic acid', 'caffeic acid', 'Caffeic acid', 'Caffeic acid', 'CAFFEIC ACID', 'Caffeic acid', 'Caffeic acid', 'Caffeic acid', '3,4-dihydroxycinnamic acid', 'Caffeic acid', 'Caffeic acid', 'Caffeic acid', '3-(3,4-dihydroxyphenyl)acrylic acid', 'Caffeic acid', 'Caffeic_acid', 'Caffeic acid', 'Caffeic acid', 'Caffeic acid', 'Caffeic acid', 'Caffeic acid', 'Caffeic Acid', 'Caffeic acid', 'CAFFEIC_acid', 'Caffeic acid', 'Caffeic acid', 'Caffeic acid', 'Caffeic acid', 'Caffeic acid', 'Caffeic acid', 'Caffeic acid', 'caffeic acid', 'Caffeic acid', 'Caffeic acid', 'Caffeic acid']"
